station,2022-01,2022-02,2022-03,2022-04,2022-05,2022-06,2022-07,2022-08,2022-09,2022-10,2022-11,2022-12
USW00023157,0.0,0.0,6.4,0.0,0.0,0.0,4.3,18.3,27.7,0.0,11.7,65.1
US1CABT0026,3.6,0.0,21.3,33.8,6.9,34.6,0.0,0.5,57.8,0.0,48.8,199.7
US1CATH0005,4.4,0.3,15.0,20.1,1.3,18.4,0.0,0.0,28.0,0.0,80.7,160.1
US1CASF0021,14.3,0.8,13.8,44.5,1.1,4.8,4.0,0.8,9.4,0.5,10.8,176.9
USC00048587,3.2,0.0,18.1,9.2,6.9,11.2,0.8,0.5,63.9,0.0,26.7,120.2
USW00093210,2.3,0.0,34.3,32.6,11.0,14.0,0.0,0.0,40.1,0.0,47.0,161.6
US1CABT0026,3.6,0.0,21.3,33.8,6.9,34.6,0.0,0.5,57.8,0.0,48.8,199.7
USW00093210,2.3,0.0,34.3,32.6,11.0,14.0,0.0,0.0,40.1,0.0,47.0,161.6
US1CABT0032,12.2,0.8,52.1,52.1,0.3,28.4,0.0,0.0,32.3,0.0,84.7,229.4
US1CAYB0001,44.7,0.8,43.2,171.9,16.0,58.9,0.0,0.3,0.0,0.0,129.3,489.8
US1CABT0032,12.2,0.8,52.1,52.1,0.3,28.4,0.0,0.0,32.3,0.0,84.7,229.4
US1CABT0033,3.1,0.5,43.2,58.9,10.4,31.7,0.0,0.0,39.2,0.0,65.4,219.6
US1CABT0013,4.9,0.5,32.7,28.6,0.0,0.0,0.0,0.0,0.0,0.0,0.0,0.0
USC00045933,5.3,12.4,23.4,55.5,3.1,0.0,0.0,0.0,59.5,0.0,71.8,388.3
US1CASR0084,9.2,58.9,75.6,20.8,0.8,0.0,0.0,0.0,115.9,27.8,179.9,76.6
USC00049001,0.8,0.0,11.8,14.2,0.5,2.0,0.0,0.0,28.9,0.0,22.7,172.5
US1CAAL0004,2.1,3.3,2.8,40.2,0.0,0.0,0.0,0.0,12.2,0.3,63.6,249.9
US1CACC0036,0.5,0.0,9.7,13.9,0.0,1.0,0.0,0.0,19.1,0.0,33.8,130.7
US1CACC0046,2.6,0.8,11.5,21.9,0.0,0.5,0.0,0.0,8.4,0.0,0.0,149.7
USW00023285,0.5,0.8,12.2,26.2,0.0,0.0,0.0,0.0,12.5,0.0,46.6,205.5
USC00049001,0.8,0.0,11.8,14.2,0.5,2.0,0.0,0.0,28.9,0.0,22.7,172.5
USC00049001,0.8,0.0,11.8,14.2,0.5,2.0,0.0,0.0,28.9,0.0,22.7,172.5
USC00044997,0.3,2.5,10.0,34.0,0.0,0.0,0.0,0.0,17.3,0.0,41.6,123.7
US1CACC0050,0.0,1.0,8.4,21.9,0.0,1.3,0.0,0.0,13.9,0.0,34.2,81.8
USC00049001,0.8,0.0,11.8,14.2,0.5,2.0,0.0,0.0,28.9,0.0,22.7,172.5
USC00049001,0.8,0.0,11.8,14.2,0.5,2.0,0.0,0.0,28.9,0.0,22.7,172.5
USC00049001,0.8,0.0,11.8,14.2,0.5,2.0,0.0,0.0,28.9,0.0,22.7,172.5
US1CASO0010,4.4,3.1,12.0,19.8,0.0,1.8,0.0,0.8,3.8,0.0,28.7,159.8
USC00049001,0.8,0.0,11.8,14.2,0.5,2.0,0.0,0.0,28.9,0.0,22.7,172.5
USC00042964,0.0,2.1,9.9,53.3,13.5,13.2,0.0,0.0,13.2,0.0,34.4,35.8
USC00040029,2.6,3.0,18.3,66.9,19.1,23.4,0.0,0.6,24.8,1.8,37.9,94.6
US1CAAL0003,9.8,0.5,33.7,83.8,0.8,3.8,0.0,0.3,12.3,0.5,58.2,303.2
US1CABT0005,9.1,0.8,36.5,72.6,12.0,31.5,0.0,0.0,40.9,0.0,90.2,277.2
US1CASR0084,9.2,58.9,75.6,20.8,0.8,0.0,0.0,0.0,115.9,27.8,179.9,76.6
USW00093210,2.3,0.0,34.3,32.6,11.0,14.0,0.0,0.0,40.1,0.0,47.0,161.6
US1CABT0044,0.0,0.0,0.0,0.0,0.0,0.0,0.0,0.0,0.0,0.0,0.0,0.0
USC00046521,21.1,0.0,31.8,55.2,8.9,20.3,0.0,0.0,54.4,0.0,56.4,245.5
USC00046252,3.6,1.8,97.7,114.6,0.0,0.0,0.0,2.8,8.5,0.0,137.1,272.0
US1CAMP0009,4.3,7.4,37.6,86.7,0.0,0.0,0.0,1.0,36.6,0.0,127.8,435.2
USC00045118,0.0,0.3,22.0,25.1,0.0,0.3,0.0,0.3,2.3,0.0,27.4,67.8
USC00047339,3.9,0.8,13.7,47.1,0.0,0.0,0.0,0.0,2.6,0.0,44.4,265.5
US1CAMP0001,3.3,9.9,40.5,73.1,0.0,0.5,0.0,5.8,40.9,0.0,70.8,292.5
US1CAHM0091,118.3,10.0,59.6,250.6,29.2,83.7,11.7,0.0,60.3,2.3,115.8,463.3
US1CADN0016,197.7,20.3,97.9,311.7,154.6,0.0,0.0,0.0,0.0,0.0,0.0,0.0
US1CADN0016,197.7,20.3,97.9,311.7,154.6,0.0,0.0,0.0,0.0,0.0,0.0,0.0
USC00049390,18.1,0.0,52.4,64.0,0.0,38.1,0.0,0.0,34.3,0.0,96.7,277.1
US1CATH0005,4.4,0.3,15.0,20.1,1.3,18.4,0.0,0.0,28.0,0.0,80.7,160.1
US1CASZ0021,26.5,5.6,66.8,85.9,0.0,4.3,0.0,0.0,44.5,0.0,13.2,496.6
US1CASO0010,4.4,3.1,12.0,19.8,0.0,1.8,0.0,0.8,3.8,0.0,28.7,159.8
US1CASO0010,4.4,3.1,12.0,19.8,0.0,1.8,0.0,0.8,3.8,0.0,28.7,159.8
US1CABT0033,3.1,0.5,43.2,58.9,10.4,31.7,0.0,0.0,39.2,0.0,65.4,219.6
USC00046521,21.1,0.0,31.8,55.2,8.9,20.3,0.0,0.0,54.4,0.0,56.4,245.5
US1CAIN0005,0.0,0.0,0.0,0.0,0.0,0.0,0.0,0.0,0.0,0.0,0.0,0.0
USC00040010,0.5,1.3,13.4,20.9,0.0,3.6,0.0,0.0,5.1,0.0,36.0,216.7
US1CAED0023,6.6,0.3,33.5,90.2,0.8,5.3,0.0,0.5,0.0,0.0,63.7,301.7
US1CASA0061,2.9,0.5,31.2,52.2,2.3,6.8,0.0,0.0,19.3,0.0,45.4,258.7
US1CAAM0015,0.0,0.0,0.0,0.0,0.0,0.0,0.0,0.0,0.0,0.0,22.3,0.0
USC00041428,2.3,0.0,29.0,89.4,0.0,6.6,0.0,0.0,13.0,0.3,48.6,304.0
USC00040029,2.6,3.0,18.3,66.9,19.1,23.4,0.0,0.6,24.8,1.8,37.9,94.6
USC00045711,0.0,0.0,0.0,0.0,0.0,28.4,0.0,0.0,0.0,0.0,0.0,0.0
US1CABT0042,0.0,0.0,0.0,5.3,0.5,10.9,0.0,0.0,45.7,0.0,43.7,149.1
USW00093210,2.3,0.0,34.3,32.6,11.0,14.0,0.0,0.0,40.1,0.0,47.0,161.6
USC00042084,0.0,0.0,0.0,0.0,0.0,17.3,0.0,0.0,0.0,0.0,0.0,0.0
US1CAMD0018,5.3,0.0,9.6,135.2,17.3,0.0,0.0,0.0,12.4,1.3,18.8,287.5
US1CAMD0022,74.4,7.4,49.4,22.3,0.0,38.4,13.7,0.0,65.4,0.0,82.3,139.2
US1CAMD0040,44.2,0.0,23.7,117.6,0.8,31.8,0.0,0.0,0.0,0.0,0.0,0.0
USC00048917,0.0,0.0,40.4,30.4,0.0,0.0,0.0,0.0,0.0,0.0,47.3,99.6
US1CAFR0030,0.0,0.0,21.9,15.0,0.0,0.0,0.0,0.0,0.0,0.0,87.1,133.7
US1CAFR0030,0.0,0.0,21.9,15.0,0.0,0.0,0.0,0.0,0.0,0.0,87.1,133.7
US1CAFR0030,0.0,0.0,21.9,15.0,0.0,0.0,0.0,0.0,0.0,0.0,87.1,133.7
US1CAFR0025,0.5,8.9,29.1,20.7,0.0,0.0,0.0,0.0,1.1,0.0,57.3,159.3
US1CAFR0021,2.1,18.3,25.9,24.5,0.0,0.5,0.0,0.0,0.0,0.0,49.6,162.4
US1CAFR0021,2.1,18.3,25.9,24.5,0.0,0.5,0.0,0.0,0.0,0.0,49.6,162.4
US1CAFR0030,0.0,0.0,21.9,15.0,0.0,0.0,0.0,0.0,0.0,0.0,87.1,133.7
US1CABT0032,12.2,0.8,52.1,52.1,0.3,28.4,0.0,0.0,32.3,0.0,84.7,229.4
US1CASK0030,0.0,0.0,0.0,0.0,0.0,0.0,0.0,0.0,0.0,0.0,85.2,250.9
US1CASK0004,33.7,0.0,25.6,57.2,18.1,28.0,0.0,0.0,5.3,0.0,36.3,225.1
US1CASK0003,4.8,1.8,17.3,17.4,5.2,17.1,5.1,2.3,15.4,2.5,36.9,101.6
US1CASK0003,4.8,1.8,17.3,17.4,5.2,17.1,5.1,2.3,15.4,2.5,36.9,101.6
US1CASK0026,16.8,3.8,16.0,38.1,4.8,21.3,21.2,28.4,19.3,0.0,42.8,173.5
US1CASK0003,4.8,1.8,17.3,17.4,5.2,17.1,5.1,2.3,15.4,2.5,36.9,101.6
USC00043182,0.0,0.0,0.0,0.0,0.0,6.3,0.0,5.4,0.0,0.0,10.1,22.9
USC00045449,10.2,6.4,14.0,76.0,8.9,0.0,0.0,0.0,0.0,0.0,0.0,82.6
USC00043182,0.0,0.0,0.0,0.0,0.0,6.3,0.0,5.4,0.0,0.0,10.1,22.9
US1CASK0003,4.8,1.8,17.3,17.4,5.2,17.1,5.1,2.3,15.4,2.5,36.9,101.6
USC00046328,29.6,2.4,27.7,0.0,12.7,16.1,3.6,3.1,1.9,2.0,44.1,0.0
USW00024215,24.4,2.4,23.1,62.9,13.9,11.0,8.2,29.2,27.7,2.5,82.1,147.4
US1CASK0010,4.7,4.6,9.9,23.1,5.7,27.4,4.9,4.6,22.5,10.7,31.3,70.2
US1CASK0010,4.7,4.6,9.9,23.1,5.7,27.4,4.9,4.6,22.5,10.7,31.3,70.2
USC00048353,0.0,12.4,14.5,47.8,1.6,0.0,0.0,0.0,34.3,0.5,23.1,264.5
USC00048353,0.0,12.4,14.5,47.8,1.6,0.0,0.0,0.0,34.3,0.5,23.1,264.5
USC00047681,4.1,9.4,46.8,7.4,0.0,0.0,0.0,0.0,66.1,1.8,37.8,158.1
US1CANV0053,45.0,4.3,33.5,69.8,7.1,20.6,0.0,0.0,39.7,0.0,142.1,549.9
US1CABT0032,12.2,0.8,52.1,52.1,0.3,28.4,0.0,0.0,32.3,0.0,84.7,229.4
US1CAYB0004,10.7,0.0,32.8,15.8,0.0,0.0,0.0,0.0,14.7,0.0,54.9,238.9
US1CAYB0004,10.7,0.0,32.8,15.8,0.0,0.0,0.0,0.0,14.7,0.0,54.9,238.9
US1CAPC0007,4.9,0.0,0.5,35.8,1.8,10.7,0.0,0.0,14.8,0.0,39.0,176.8
USC00041916,23.9,2.0,41.3,132.1,7.2,26.7,0.0,0.0,24.9,0.0,88.7,368.5
USC00049040,7.9,31.0,8.3,83.6,14.3,2.3,0.0,11.7,23.9,0.0,51.8,257.1
US1CABT0032,12.2,0.8,52.1,52.1,0.3,28.4,0.0,0.0,32.3,0.0,84.7,229.4
US1CAYB0004,10.7,0.0,32.8,15.8,0.0,0.0,0.0,0.0,14.7,0.0,54.9,238.9
US1CAYB0004,10.7,0.0,32.8,15.8,0.0,0.0,0.0,0.0,14.7,0.0,54.9,238.9
USC00043800,19.2,0.0,37.7,71.0,3.3,19.1,0.0,0.0,26.8,0.0,82.9,359.8
USC00043800,19.2,0.0,37.7,71.0,3.3,19.1,0.0,0.0,26.8,0.0,82.9,359.8
USC00041912,32.0,9.7,25.7,143.6,6.1,24.9,0.0,0.0,44.4,0.0,120.4,493.0
USC00041912,32.0,9.7,25.7,143.6,6.1,24.9,0.0,0.0,44.4,0.0,120.4,493.0
US1CANV0022,24.4,1.8,30.0,168.7,3.5,22.2,0.0,0.0,0.0,0.0,0.0,0.0
US1CANV0014,15.7,0.5,29.8,137.1,3.8,17.2,0.0,0.0,30.0,0.0,107.4,379.1
US1CAPC0047,4.7,0.3,32.7,23.4,3.0,10.1,0.0,0.0,12.7,0.0,15.5,173.6
USC00041916,23.9,2.0,41.3,132.1,7.2,26.7,0.0,0.0,24.9,0.0,88.7,368.5
USC00043491,48.3,4.1,31.7,205.2,8.1,35.2,0.0,0.0,30.3,0.0,129.8,575.3
USC00043491,48.3,4.1,31.7,205.2,8.1,35.2,0.0,0.0,30.3,0.0,129.8,575.3
US1CAPC0047,4.7,0.3,32.7,23.4,3.0,10.1,0.0,0.0,12.7,0.0,15.5,173.6
US1CAPC0057,0.0,0.0,0.0,0.0,0.0,0.0,0.0,0.0,0.0,0.0,93.7,327.1
US1CANV0056,17.5,0.0,37.9,134.4,3.7,0.0,0.0,0.0,23.7,0.0,114.7,353.2
US1CANV0014,15.7,0.5,29.8,137.1,3.8,17.2,0.0,0.0,30.0,0.0,107.4,379.1
US1CAMT0023,0.0,5.8,82.4,62.0,0.0,0.0,0.0,0.0,63.5,0.0,112.6,417.4
USC00045795,1.8,5.6,26.9,18.4,0.0,2.8,1.0,3.1,32.3,0.6,58.0,215.2
US1CASC0063,5.8,2.5,25.4,36.9,0.0,0.0,0.0,0.0,12.4,0.0,82.4,294.2
US1CASC0063,5.8,2.5,25.4,36.9,0.0,0.0,0.0,0.0,12.4,0.0,82.4,294.2
US1CAOR0005,0.0,0.0,0.0,0.0,0.0,0.0,0.0,0.0,0.0,0.0,0.0,14.0
US1CAOR0016,1.6,3.6,31.8,1.8,0.8,0.0,0.0,0.0,7.6,8.4,25.2,65.7
USC00044555,2.1,1.8,25.4,7.2,0.0,2.5,0.0,0.6,4.8,0.0,36.0,91.2
USC00042346,0.0,0.0,0.0,22.9,0.0,0.0,0.0,0.0,0.0,0.0,0.5,35.4
USC00044374,0.0,0.0,0.0,0.0,0.0,4.3,0.0,17.3,41.9,26.7,0.0,52.2
USC00042805,0.8,8.0,14.8,4.6,0.0,1.8,0.0,0.5,33.5,13.2,28.2,31.5
USC00048702,2.1,2.5,13.0,31.8,4.3,22.3,0.0,1.3,20.8,0.0,6.4,49.5
USC00048702,2.1,2.5,13.0,31.8,4.3,22.3,0.0,1.3,20.8,0.0,6.4,49.5
USC00048407,0.0,0.0,3.9,3.8,0.0,2.5,0.0,0.0,0.0,0.0,8.9,78.7
USC00048702,2.1,2.5,13.0,31.8,4.3,22.3,0.0,1.3,20.8,0.0,6.4,49.5
USC00048702,2.1,2.5,13.0,31.8,4.3,22.3,0.0,1.3,20.8,0.0,6.4,49.5
US1CAKN0013,0.3,3.1,3.3,3.8,0.0,7.6,0.0,8.6,0.0,7.9,29.0,51.2
USC00044863,0.0,6.4,0.0,0.0,0.0,0.0,0.0,0.0,0.0,0.0,0.0,0.0
USC00048122,0.0,2.0,32.0,11.9,0.0,0.8,1.5,0.0,0.0,0.0,0.0,21.6
US1CAKN0017,0.0,3.0,29.8,9.1,0.0,7.9,0.0,0.5,1.8,0.0,13.7,51.8
US1CAKN0031,1.0,19.9,34.1,23.6,0.0,8.6,0.5,1.5,9.7,2.0,32.8,67.3
USC00040444,1.3,13.0,42.2,10.4,0.0,0.0,0.0,0.0,0.0,0.0,25.6,37.8
USC00040332,1.3,1.3,17.5,0.0,0.0,1.0,0.0,0.0,0.0,0.0,0.0,0.0
USC00044863,0.0,6.4,0.0,0.0,0.0,0.0,0.0,0.0,0.0,0.0,0.0,0.0
USC00044863,0.0,6.4,0.0,0.0,0.0,0.0,0.0,0.0,0.0,0.0,0.0,0.0
USC00044534,0.0,0.0,32.5,0.8,0.0,0.0,0.0,0.0,27.2,0.0,0.0,2.0
USC00044863,0.0,6.4,0.0,0.0,0.0,0.0,0.0,0.0,0.0,0.0,0.0,0.0
US1CAVT0002,12.0,7.6,4.3,0.0,0.0,0.0,0.0,0.0,15.2,0.0,28.4,42.7
USC00043463,0.0,0.0,48.3,0.0,0.0,0.0,0.0,0.0,0.0,0.0,0.0,0.0
US1CAKN0031,1.0,19.9,34.1,23.6,0.0,8.6,0.5,1.5,9.7,2.0,32.8,67.3
USC00040332,1.3,1.3,17.5,0.0,0.0,1.0,0.0,0.0,0.0,0.0,0.0,0.0
USC00040332,1.3,1.3,17.5,0.0,0.0,1.0,0.0,0.0,0.0,0.0,0.0,0.0
US1CAKN0031,1.0,19.9,34.1,23.6,0.0,8.6,0.5,1.5,9.7,2.0,32.8,67.3
USC00040332,1.3,1.3,17.5,0.0,0.0,1.0,0.0,0.0,0.0,0.0,0.0,0.0
USC00048122,0.0,2.0,32.0,11.9,0.0,0.8,1.5,0.0,0.0,0.0,0.0,21.6
US1CAKN0031,1.0,19.9,34.1,23.6,0.0,8.6,0.5,1.5,9.7,2.0,32.8,67.3
USC00040444,1.3,13.0,42.2,10.4,0.0,0.0,0.0,0.0,0.0,0.0,25.6,37.8
US1CAKN0031,1.0,19.9,34.1,23.6,0.0,8.6,0.5,1.5,9.7,2.0,32.8,67.3
USC00040332,1.3,1.3,17.5,0.0,0.0,1.0,0.0,0.0,0.0,0.0,0.0,0.0
US1CAKN0031,1.0,19.9,34.1,23.6,0.0,8.6,0.5,1.5,9.7,2.0,32.8,67.3
USC00040332,1.3,1.3,17.5,0.0,0.0,1.0,0.0,0.0,0.0,0.0,0.0,0.0
USC00044863,0.0,6.4,0.0,0.0,0.0,0.0,0.0,0.0,0.0,0.0,0.0,0.0
US1CAKN0026,0.0,3.3,11.9,8.9,0.0,10.2,0.0,1.5,17.1,0.0,38.7,72.6
USW00023155,0.3,2.8,34.0,10.0,0.0,0.3,0.0,0.0,0.0,0.0,16.8,43.0
USC00040332,1.3,1.3,17.5,0.0,0.0,1.0,0.0,0.0,0.0,0.0,0.0,0.0
USC00040332,1.3,1.3,17.5,0.0,0.0,1.0,0.0,0.0,0.0,0.0,0.0,0.0
USC00044863,0.0,6.4,0.0,0.0,0.0,0.0,0.0,0.0,0.0,0.0,0.0,0.0
USC00044863,0.0,6.4,0.0,0.0,0.0,0.0,0.0,0.0,0.0,0.0,0.0,0.0
USC00040332,1.3,1.3,17.5,0.0,0.0,1.0,0.0,0.0,0.0,0.0,0.0,0.0
USC00040444,1.3,13.0,42.2,10.4,0.0,0.0,0.0,0.0,0.0,0.0,25.6,37.8
USC00042346,0.0,0.0,0.0,22.9,0.0,0.0,0.0,0.0,0.0,0.0,0.5,35.4
USC00048829,0.8,4.1,30.2,21.4,0.0,28.4,0.0,24.1,24.1,0.0,34.3,55.1
US1CAKN0031,1.0,19.9,34.1,23.6,0.0,8.6,0.5,1.5,9.7,2.0,32.8,67.3
USC00044863,0.0,6.4,0.0,0.0,0.0,0.0,0.0,0.0,0.0,0.0,0.0,0.0
USC00046154,2.8,2.5,21.8,4.8,0.0,0.0,0.3,0.0,4.9,0.0,20.9,56.3
USC00044863,0.0,6.4,0.0,0.0,0.0,0.0,0.0,0.0,0.0,0.0,0.0,0.0
US1CAST0005,3.6,4.6,19.4,20.0,0.0,0.5,0.0,1.0,1.4,0.8,55.0,154.0
US1CAMT0042,4.5,10.7,83.6,43.2,0.8,3.6,0.0,0.0,25.2,0.0,80.0,301.3
USW00093209,5.6,0.8,28.2,5.6,0.0,0.0,0.0,0.0,9.7,0.0,18.0,140.7
US1CAFR0025,0.5,8.9,29.1,20.7,0.0,0.0,0.0,0.0,1.1,0.0,57.3,159.3
US1CASN0174,14.6,0.8,23.0,50.1,0.3,9.4,0.0,0.0,13.2,0.0,25.5,209.9
USW00053151,4.7,12.1,44.6,6.6,0.9,0.0,0.2,0.0,21.2,11.8,54.8,64.6
USC00041424,7.6,51.9,64.6,8.6,0.0,0.0,0.0,6.9,50.5,7.6,37.4,51.6
USW00003178,12.7,33.7,76.2,9.6,0.3,0.0,0.0,0.0,7.2,4.6,61.3,32.2
US1CASD0226,0.0,0.0,0.0,0.0,0.0,0.0,0.0,0.0,0.0,23.6,53.1,41.3
USC00041424,7.6,51.9,64.6,8.6,0.0,0.0,0.0,6.9,50.5,7.6,37.4,51.6
USC00041424,7.6,51.9,64.6,8.6,0.0,0.0,0.0,6.9,50.5,7.6,37.4,51.6
US1CASD0018,0.0,34.3,49.8,5.3,0.3,0.0,0.0,0.0,6.4,8.7,60.9,46.1
USW00003178,12.7,33.7,76.2,9.6,0.3,0.0,0.0,0.0,7.2,4.6,61.3,32.2
US1CASD0018,0.0,34.3,49.8,5.3,0.3,0.0,0.0,0.0,6.4,8.7,60.9,46.1
US1CASD0018,0.0,34.3,49.8,5.3,0.3,0.0,0.0,0.0,6.4,8.7,60.9,46.1
US1CASD0018,0.0,34.3,49.8,5.3,0.3,0.0,0.0,0.0,6.4,8.7,60.9,46.1
US1CASD0117,0.8,27.0,29.9,2.5,0.0,7.6,0.0,3.3,40.2,0.0,2.5,4.1
USW00003178,12.7,33.7,76.2,9.6,0.3,0.0,0.0,0.0,7.2,4.6,61.3,32.2
US1CASD0018,0.0,34.3,49.8,5.3,0.3,0.0,0.0,0.0,6.4,8.7,60.9,46.1
USW00003178,12.7,33.7,76.2,9.6,0.3,0.0,0.0,0.0,7.2,4.6,61.3,32.2
USW00003178,12.7,33.7,76.2,9.6,0.3,0.0,0.0,0.0,7.2,4.6,61.3,32.2
US1CASD0053,4.6,33.8,51.5,8.1,0.0,0.0,0.0,0.0,9.4,18.1,64.8,57.4
US1CASD0018,0.0,34.3,49.8,5.3,0.3,0.0,0.0,0.0,6.4,8.7,60.9,46.1
USC00041424,7.6,51.9,64.6,8.6,0.0,0.0,0.0,6.9,50.5,7.6,37.4,51.6
US1CASD0053,4.6,33.8,51.5,8.1,0.0,0.0,0.0,0.0,9.4,18.1,64.8,57.4
US1CASN0099,26.9,0.3,41.8,121.9,7.2,35.3,0.0,0.0,61.5,0.0,59.9,394.3
US1CAOR0049,3.1,16.8,40.7,10.5,4.6,0.0,0.0,0.0,11.7,14.7,94.8,64.2
US1CATY0037,39.4,1.6,35.2,110.0,31.5,28.0,4.8,4.8,44.0,0.3,64.3,266.7
USC00048606,42.2,7.1,30.9,0.0,0.0,0.0,0.0,0.0,43.5,0.0,68.0,501.4
USC00048014,8.4,7.4,41.1,9.4,0.0,0.0,0.0,0.0,9.1,4.6,53.1,101.8
USC00042402,41.1,5.0,40.8,156.9,18.7,49.7,0.0,0.0,56.8,0.0,146.6,327.2
US1CASR0069,0.5,2.8,13.7,4.3,0.0,9.1,0.0,5.9,46.0,10.1,29.5,25.0
US1CASR0055,8.4,16.8,31.7,12.0,5.3,4.6,0.0,0.0,32.1,19.4,117.9,63.9
USC00048014,8.4,7.4,41.1,9.4,0.0,0.0,0.0,0.0,9.1,4.6,53.1,101.8
USC00049053,8.1,1.1,7.7,41.7,9.4,19.9,4.6,7.6,26.6,5.3,29.4,51.2
USC00046328,29.6,2.4,27.7,0.0,12.7,16.1,3.6,3.1,1.9,2.0,44.1,0.0
US1CASK0016,65.5,1.8,21.2,83.4,12.3,0.0,0.0,0.0,0.5,2.3,24.0,48.1
US1CASK0004,33.7,0.0,25.6,57.2,18.1,28.0,0.0,0.0,5.3,0.0,36.3,225.1
USS0020H02S,12.5,7.5,12.6,86.3,15.1,35.6,0.0,7.6,17.8,5.1,35.4,119.3
US1CAHM0022,67.3,12.2,51.5,142.3,68.9,65.4,13.7,0.0,14.0,0.0,0.0,0.0
US1CAHM0022,67.3,12.2,51.5,142.3,68.9,65.4,13.7,0.0,14.0,0.0,0.0,0.0
USC00044957,0.5,16.3,44.0,12.2,0.0,4.1,0.0,6.4,4.3,0.0,19.4,84.6
US1CASR0055,8.4,16.8,31.7,12.0,5.3,4.6,0.0,0.0,32.1,19.4,117.9,63.9
USC00047779,5.8,10.2,47.2,18.1,1.6,0.0,0.0,0.0,22.1,16.7,128.4,120.7
USC00047779,5.8,10.2,47.2,18.1,1.6,0.0,0.0,0.0,22.1,16.7,128.4,120.7
USC00045968,6.1,51.6,79.2,17.3,0.0,0.0,2.6,46.2,157.7,12.8,49.4,26.2
USC00042500,38.1,16.2,43.7,230.4,18.6,76.4,0.0,1.3,51.6,4.8,178.9,628.2
USC00040741,8.6,49.3,50.5,14.7,0.0,2.1,4.3,39.8,8.9,15.9,190.5,55.7
USC00043384,0.0,5.8,45.0,188.4,0.0,0.0,0.0,0.0,6.6,0.0,58.1,91.0
USC00043157,20.6,16.8,2.6,67.9,30.2,29.0,0.0,25.4,9.2,10.4,49.3,131.8
US1CAHM0126,0.0,0.0,0.0,0.0,0.0,0.0,0.0,0.0,0.0,0.0,0.0,217.1
USC00047672,3.0,0.0,31.2,12.4,0.0,0.0,0.0,0.0,33.1,0.0,53.1,250.0
USC00043384,0.0,5.8,45.0,188.4,0.0,0.0,0.0,0.0,6.6,0.0,58.1,91.0
US1CASK0016,65.5,1.8,21.2,83.4,12.3,0.0,0.0,0.0,0.5,2.3,24.0,48.1
USC00043157,20.6,16.8,2.6,67.9,30.2,29.0,0.0,25.4,9.2,10.4,49.3,131.8
US1CASR0098,0.0,0.0,0.0,0.0,0.0,0.0,0.0,19.3,42.0,7.0,48.4,39.4
USW00023187,1.0,9.4,100.4,5.3,0.0,0.0,0.0,0.0,52.6,0.0,37.9,61.0
US1CASR0073,11.7,6.1,36.5,7.9,3.8,0.0,0.0,4.1,13.5,11.3,46.2,30.8
USC00046328,29.6,2.4,27.7,0.0,12.7,16.1,3.6,3.1,1.9,2.0,44.1,0.0
US1CASK0005,24.3,0.8,25.0,31.1,5.1,14.0,19.6,8.6,4.1,3.8,23.1,139.2
US1CARV0005,1.8,18.5,20.0,11.0,0.3,0.0,0.0,0.5,3.8,20.6,45.9,32.3
USC00040010,0.5,1.3,13.4,20.9,0.0,3.6,0.0,0.0,5.1,0.0,36.0,216.7
US1CASH0051,21.1,0.3,21.0,71.7,5.0,31.0,0.0,0.3,28.8,0.0,76.2,232.1
US1CASH0030,33.4,0.5,10.0,56.7,2.5,32.0,0.0,0.0,28.1,0.0,39.1,219.2
US1CASH0051,21.1,0.3,21.0,71.7,5.0,31.0,0.0,0.3,28.8,0.0,76.2,232.1
USC00048135,80.6,0.0,31.7,108.5,10.6,31.6,1.3,0.0,31.0,0.0,85.7,318.9
US1CASB0005,0.5,2.5,33.3,11.2,0.0,0.3,0.0,0.0,74.7,0.6,19.5,121.4
US1CASL0037,0.0,0.0,0.0,0.0,0.0,0.0,0.0,0.0,0.0,0.0,0.0,93.6
US1CASL0037,0.0,0.0,0.0,0.0,0.0,0.0,0.0,0.0,0.0,0.0,0.0,93.6
US1CASL0026,0.5,2.5,24.4,9.6,0.0,0.0,0.0,0.0,49.0,0.0,23.4,160.4
USC00049124,27.2,3.0,30.4,127.8,26.0,24.1,1.5,0.0,0.0,0.0,0.0,0.0
USW00093209,5.6,0.8,28.2,5.6,0.0,0.0,0.0,0.0,9.7,0.0,18.0,140.7
USC00047672,3.0,0.0,31.2,12.4,0.0,0.0,0.0,0.0,33.1,0.0,53.1,250.0
USC00044025,1.3,1.3,6.3,9.7,0.0,0.0,0.0,1.0,0.0,0.0,50.8,0.0
USW00093209,5.6,0.8,28.2,5.6,0.0,0.0,0.0,0.0,9.7,0.0,18.0,140.7
USC00047672,3.0,0.0,31.2,12.4,0.0,0.0,0.0,0.0,33.1,0.0,53.1,250.0
USC00047672,3.0,0.0,31.2,12.4,0.0,0.0,0.0,0.0,33.1,0.0,53.1,250.0
US1CASB0005,0.5,2.5,33.3,11.2,0.0,0.3,0.0,0.0,74.7,0.6,19.5,121.4
USC00049785,6.4,0.0,27.2,8.6,0.0,0.0,0.0,0.0,4.1,0.0,36.9,75.8
USC00046624,0.0,1.9,5.1,0.0,0.0,4.1,0.0,0.0,39.4,0.5,10.7,9.7
US1CALA0023,1.5,0.8,31.9,6.1,0.0,0.0,0.0,0.0,0.0,0.0,0.0,0.0
USW00023187,1.0,9.4,100.4,5.3,0.0,0.0,0.0,0.0,52.6,0.0,37.9,61.0
US1CALA0010,3.6,1.3,31.5,3.6,0.0,2.5,0.0,0.0,9.6,3.8,32.4,77.5
USW00023187,1.0,9.4,100.4,5.3,0.0,0.0,0.0,0.0,52.6,0.0,37.9,61.0
US1CALA0067,6.9,0.5,56.9,3.8,0.0,0.0,0.0,0.0,5.8,5.6,52.6,89.2
USC00047776,2.3,6.6,44.0,12.0,7.1,0.8,0.0,0.0,10.4,13.6,70.0,86.2
USC00046624,0.0,1.9,5.1,0.0,0.0,4.1,0.0,0.0,39.4,0.5,10.7,9.7
US1CALA0067,6.9,0.5,56.9,3.8,0.0,0.0,0.0,0.0,5.8,5.6,52.6,89.2
USC00042941,3.5,7.6,40.6,5.6,0.0,6.9,0.0,0.0,51.5,0.3,45.2,88.7
USC00046624,0.0,1.9,5.1,0.0,0.0,4.1,0.0,0.0,39.4,0.5,10.7,9.7
USC00049785,6.4,0.0,27.2,8.6,0.0,0.0,0.0,0.0,4.1,0.0,36.9,75.8
USC00040798,9.4,5.1,51.6,14.2,0.0,5.8,0.0,0.0,17.6,5.9,105.9,114.1
USC00044863,0.0,6.4,0.0,0.0,0.0,0.0,0.0,0.0,0.0,0.0,0.0,0.0
US1CASB0005,0.5,2.5,33.3,11.2,0.0,0.3,0.0,0.0,74.7,0.6,19.5,121.4
US1CASL0036,0.0,0.0,0.0,0.0,0.0,0.0,0.0,0.0,0.0,0.0,0.0,72.9
US1CASL0016,2.0,2.1,50.2,20.5,0.0,0.0,0.0,0.0,38.2,0.5,4.8,142.7
USC00049111,2.0,2.3,33.6,15.1,0.3,0.0,0.0,0.0,0.0,0.8,41.6,135.5
USC00049111,2.0,2.3,33.6,15.1,0.3,0.0,0.0,0.0,0.0,0.8,41.6,135.5
US1CAIN0012,0.0,0.0,2.8,0.0,0.0,0.5,4.8,28.5,15.5,0.0,21.9,51.1
US1CASD0203,4.3,41.1,63.2,12.0,0.0,0.0,0.0,1.5,7.1,10.9,70.7,55.1
US1CAPC0007,4.9,0.0,0.5,35.8,1.8,10.7,0.0,0.0,14.8,0.0,39.0,176.8
USC00046074,16.1,0.0,14.3,37.2,0.0,0.0,0.0,6.9,22.1,0.0,26.0,241.7
US1CAMR0009,18.8,1.5,30.8,68.3,1.1,17.0,0.0,0.0,26.7,0.0,28.9,261.4
USC00043896,3.3,20.3,19.6,9.4,0.0,2.0,0.0,0.0,5.1,30.0,29.2,30.9
USC00040212,37.1,3.3,39.8,59.1,15.7,12.7,0.0,1.0,39.9,0.0,67.1,328.1
USC00049855,0.8,1.3,32.5,97.0,0.0,0.0,0.0,0.0,0.0,0.0,0.0,0.0
USC00049888,0.0,2.5,2.3,1.3,0.0,0.0,0.0,0.0,0.0,0.0,0.0,0.0
USC00048380,0.0,12.4,0.0,100.4,0.0,0.0,0.0,0.0,0.3,0.0,173.5,67.8
USC00049855,0.8,1.3,32.5,97.0,0.0,0.0,0.0,0.0,0.0,0.0,0.0,0.0
USC00049063,0.8,2.8,24.5,46.8,0.0,0.0,0.0,0.0,0.0,0.0,0.0,0.0
USC00045026,0.0,12.7,20.3,38.1,0.0,0.0,0.0,5.1,2.5,0.0,53.3,94.0
USC00048917,0.0,0.0,40.4,30.4,0.0,0.0,0.0,0.0,0.0,0.0,47.3,99.6
USW00053150,2.7,9.2,54.8,85.4,2.0,11.2,0.0,4.0,75.8,0.0,119.6,523.2
US1CAIM0002,0.8,1.8,2.0,0.0,0.0,0.0,0.0,0.0,0.0,0.0,0.0,5.9
USW00003178,12.7,33.7,76.2,9.6,0.3,0.0,0.0,0.0,7.2,4.6,61.3,32.2
US1CASS0006,0.5,1.3,16.3,10.8,0.0,0.0,0.3,0.0,1.5,0.0,26.2,155.9
US1CASS0006,0.5,1.3,16.3,10.8,0.0,0.0,0.3,0.0,1.5,0.0,26.2,155.9
US1CACL0001,1.8,0.0,11.5,3.8,6.1,6.9,0.0,0.0,18.1,0.0,25.1,123.5
USC00042706,4.3,26.2,53.7,6.4,0.0,0.0,0.0,0.5,2.8,5.1,59.7,43.9
US1CASD0040,4.0,17.0,52.9,8.1,0.0,0.0,0.0,0.0,3.3,7.4,53.7,58.1
US1CASD0040,4.0,17.0,52.9,8.1,0.0,0.0,0.0,0.0,3.3,7.4,53.7,58.1
USW00093243,3.7,2.1,28.3,13.1,0.4,0.0,0.0,0.6,3.5,0.0,27.7,142.8
US1CAMR0035,10.1,2.0,18.2,33.6,0.0,3.0,0.0,0.0,0.0,0.0,0.0,0.0
USW00023257,1.6,0.5,21.0,19.0,0.0,0.0,0.0,0.0,5.1,0.0,25.1,132.6
USW00093115,0.0,9.9,33.6,0.9,0.3,0.0,0.0,0.0,11.9,8.4,29.8,0.0
US1CAVT0031,2.0,0.0,67.1,7.1,0.0,0.8,0.0,0.0,2.6,4.4,55.9,192.5
US1CAVT0030,7.4,0.0,43.2,10.4,0.0,0.0,0.0,0.0,4.3,2.3,25.7,54.2
US1CAVT0027,3.8,0.0,59.0,5.3,1.0,0.0,0.0,0.0,0.8,0.0,40.1,159.8
USC00046940,21.3,0.0,37.8,5.8,0.0,0.0,0.0,0.0,2.8,1.0,34.3,96.8
US1CAVT0030,7.4,0.0,43.2,10.4,0.0,0.0,0.0,0.0,4.3,2.3,25.7,54.2
USC00045242,0.0,0.0,0.0,0.0,0.0,28.4,0.0,0.0,0.0,0.0,0.0,0.0
USC00046328,29.6,2.4,27.7,0.0,12.7,16.1,3.6,3.1,1.9,2.0,44.1,0.0
US1CATH0005,4.4,0.3,15.0,20.1,1.3,18.4,0.0,0.0,28.0,0.0,80.7,160.1
US1CASS0006,0.5,1.3,16.3,10.8,0.0,0.0,0.3,0.0,1.5,0.0,26.2,155.9
USC00026250,12.7,2.0,0.3,0.0,0.0,0.0,16.3,72.9,0.8,15.8,3.1,11.7
