lon,32.45,32.55,32.65,32.75,32.85,32.95,33.05,33.15,33.25,33.35,33.45,33.55,33.65,33.75,33.85,33.95,34.05,34.15,34.25,34.35,34.45,34.55,34.65,34.75,34.85,34.95,35.05,35.15,35.25,35.35,35.45,35.55,35.65,35.75,35.85,35.95,36.05,36.15,36.25,36.35,36.45,36.55,36.65,36.75,36.85,36.95,37.05,37.15,37.25,37.35,37.45,37.55,37.65,37.75,37.85,37.95,38.05,38.15,38.25,38.35,38.45,38.55,38.65,38.75,38.85,38.95,39.05,39.15,39.25,39.35,39.45,39.55,39.65,39.75,39.85,39.95,40.05,40.15,40.25,40.35,40.45,40.55,40.65,40.75,40.85,40.95,41.05,41.15,41.25,41.35,41.45,41.55,41.65,41.75,41.85,41.95,42.05
-124.45,4.9824386,1.9728342,1.148663,2.9788892,3.8739285,5.239505,3.272556,8.964688,5.349779,7.2327137,5.6399994,8.636429,11.2911415,14.033427,12.34757,10.625428,10.989418,8.88756,11.3358345,12.379296,14.436285,17.27169,25.428923,29.200922,31.78212,27.56091,36.785515,38.970284,36.20428,26.349857,21.414572,22.469286,20.516142,19.405714,24.527142,25.73143,26.117006,21.027454,18.104864,19.086596,21.520813,23.151731,30.491537,34.02715,24.678371,20.49336,17.1219,16.794462,19.183891,25.94413,23.510384,24.825289,30.897331,35.287857,34.808857,51.537094,43.7611,38.573788,39.91724,39.901257,39.628124,49.480476,53.872494,49.926075,61.769875,67.72476,75.61783,80.735565,86.98154,74.04721,85.6039,99.81519,98.24211,105.30466,83.98915,102.87616,93.83365,114.548904,121.28991,118.637955,122.77089,111.87015,98.45598,84.34417,87.42002,80.0615,64.83282,71.541466,74.68946,72.01294,86.2812,103.35284,107.40056,99.485695,95.56419,112.27072,134.5717
-124.35,2.8214543,1.2782888,0.32391608,1.1583052,0.993258,4.527649,9.492637,9.436455,9.291091,10.685052,7.500714,9.632143,11.216714,12.515142,10.661715,10.461253,12.013561,11.784406,10.812395,14.386418,16.189945,21.995264,28.306494,26.099495,29.690058,31.49763,38.206516,45.46957,34.037567,30.278858,26.706856,20.76857,20.50657,22.34357,23.350716,26.099712,25.915855,21.013998,17.538486,17.076302,15.53674,20.26042,26.67516,27.842285,21.475496,18.827045,16.495905,25.121319,28.55675,25.55762,24.214998,22.471905,30.219574,35.013237,39.17616,41.552868,39.39544,48.474197,51.091404,44.529346,47.79304,54.06595,58.72463,58.04674,58.317047,62.320923,75.263855,80.63983,82.56808,89.48889,94.05062,108.62988,91.18916,99.19951,96.9362,107.26397,118.134865,131.36952,130.73106,134.99612,122.1551,108.097946,99.30286,78.545235,90.30413,95.07723,100.905136,75.14241,84.90566,82.851974,115.88493,105.70227,118.79398,97.954994,100.23942,121.225746,128.8433
-124.25,2.176535,1.6004279,0.734631,0.8476303,0.62433565,2.7796364,5.5609093,6.2660904,8.594091,8.721909,5.0012856,4.533831,9.952154,11.135824,12.3667145,11.799143,14.766857,12.731142,11.090857,11.571571,16.619164,20.894716,26.449923,28.098001,33.157715,39.967712,39.13357,46.69357,39.388714,30.801428,27.696001,25.50814,25.585142,20.976429,23.099283,22.415428,27.210857,24.34414,21.903572,15.780571,12.84343,17.378284,21.910185,28.38857,30.29219,22.729525,23.309856,21.944761,31.227716,33.84143,25.908428,25.404715,27.989712,34.206345,42.634045,51.633904,48.449295,56.319996,58.935234,47.632854,59.255955,60.74381,54.560017,48.306747,60.863567,64.608025,71.280014,87.26062,97.569725,88.46345,87.23001,85.73118,83.07614,96.42631,108.13474,112.34548,132.60808,113.44876,124.11353,123.534966,100.289276,103.49618,102.38122,95.61683,93.48538,92.62548,109.177505,95.39411,85.74725,100.35563,102.19317,113.43718,97.807205,101.8758,112.00642,107.756714,139.83789
-124.15,0.9167585,0.22583917,0.2083846,0.45048952,2.331762,3.0796363,4.6392727,6.0060906,5.532818,5.2539997,4.2884545,5.1990237,6.7881536,11.229538,13.151966,12.769637,12.750231,13.074307,11.617714,10.671856,16.831427,20.463999,23.403427,27.492144,27.313284,37.183628,43.703568,42.667,42.859283,40.11414,29.684856,30.098,24.20543,18.238,19.969854,22.887426,21.434855,27.728144,24.527285,30.616001,25.082283,17.703999,23.32,22.446095,27.701712,23.704002,27.638905,26.491905,33.09479,30.194067,28.682333,25.906286,28.64738,32.390285,35.59691,55.638695,58.11184,65.96926,66.18039,46.1084,63.201458,63.36517,59.23514,53.031574,56.034477,60.405243,64.90243,113.93533,92.44298,84.48036,74.43029,80.48242,86.674355,85.08876,83.16674,132.4847,113.7077,111.7565,99.180145,106.923355,99.80472,89.29171,98.20424,98.26968,88.10551,94.25636,102.1935,85.43732,85.45935,91.51576,90.706505,97.479454,109.93744,95.406975,92.737404,109.54817,114.18226
-124.05,1.6090908,0.14055943,0.2526923,0.4116923,2.4043074,5.9565525,3.4567273,2.7919998,2.381,2.2104616,5.6799994,5.2535944,6.133308,12.365538,13.625208,14.152066,11.307944,13.135901,11.454187,11.20812,10.120121,18.769,24.508715,28.972572,29.037287,31.887714,32.62729,37.21343,45.606857,42.59957,35.63029,33.05257,28.725143,23.606144,18.163286,21.103428,23.089428,24.289286,23.610428,32.062992,31.17371,30.440466,29.682283,32.36168,19.31519,18.484713,19.79205,25.794569,29.82928,34.282574,34.444427,39.757713,35.30372,41.919,48.345573,47.343353,60.080116,68.19446,74.725365,72.241135,64.94586,57.776463,58.66275,53.320293,56.683178,56.471893,66.56146,77.79127,75.83712,64.112526,62.67919,72.15324,69.81805,62.89624,69.127235,106.33623,103.16078,103.11924,85.323944,79.71215,106.73517,81.216644,76.68935,79.3235,79.70734,81.991135,94.26583,76.03125,86.885605,98.423546,97.379715,105.1997,100.686134,91.279594,105.083244,126.372154,90.61646
-123.95,1.1563636,0.018461538,0.25479022,0.6396923,0.6141538,3.6425872,5.099783,2.6338463,2.4984615,3.5359998,5.424,7.3772306,6.6451535,8.931571,14.154494,12.722462,17.365309,16.380922,10.938099,12.411263,15.563802,20.603954,26.643,27.449574,30.602715,36.987144,33.386715,39.379856,42.399284,46.477283,42.23614,32.045288,29.690998,28.503002,30.428999,25.073572,18.036913,26.9119,27.022081,31.941847,30.629713,28.584003,25.841923,30.339428,19.004276,18.280418,21.537592,23.572525,25.509336,31.767925,35.289,34.109337,34.748425,43.72743,50.484715,55.476635,58.22529,65.78523,70.951485,66.11914,65.23427,70.31713,55.22738,72.37402,75.811646,72.72301,58.00371,71.01312,60.04822,52.902897,60.735092,50.091522,55.921665,56.66625,80.01476,92.33307,93.33131,90.604004,82.555145,71.11806,65.543686,64.77412,77.00185,79.29692,114.094475,86.61737,79.21345,73.576515,83.13298,84.35261,77.7172,90.00878,77.46821,80.94959,106.02481,108.07801,111.94997
-123.85,0.0,0.0,0.10730769,1.948,2.2229998,2.965818,3.2837691,2.715077,1.9076923,3.9913845,3.8679998,6.3892307,6.2414613,7.775,11.154462,12.303999,14.042616,15.2348795,13.13756,12.971713,14.707428,22.075285,28.280142,26.634716,29.547,33.796425,36.296,40.686,41.392998,42.550003,44.206856,34.79957,32.88,24.42586,27.360126,25.1118,24.639345,30.511427,30.456001,34.57029,32.559998,28.747429,24.297142,16.345697,16.575285,19.264923,20.058,24.954847,27.446007,33.06673,39.056477,46.113094,39.928806,44.996468,50.038048,49.883945,61.752857,59.79144,63.146084,68.2364,68.87348,71.67748,92.57347,66.14138,59.502144,70.857956,63.573956,51.89948,59.063713,62.037098,63.71217,51.378742,60.902985,83.29581,84.38645,82.25347,63.965145,56.33857,51.80749,56.782444,64.113976,56.902958,77.976845,112.140854,110.82375,113.22457,88.699936,75.39852,71.59196,68.97334,56.253796,74.22614,55.770565,61.201725,57.77426,70.447136,66.46838
-123.75,0.031,0.0,0.39107692,0.249,2.4899998,3.8979998,2.1034613,2.4713848,1.6664615,3.8264613,2.5944617,5.3427696,4.556308,6.6310763,12.016,12.9169235,14.258924,13.641439,13.261658,14.913746,14.378726,19.608002,26.38557,28.045427,31.417572,35.121998,40.32557,41.00914,36.938713,42.531857,47.18428,44.949284,36.32406,35.23424,32.538345,28.178125,27.23066,30.444567,32.934856,30.365715,28.627426,30.913208,19.017143,15.041345,15.973202,19.948923,19.645285,25.84142,32.07164,39.620922,39.552387,45.55097,40.327415,44.329002,50.624332,55.787903,60.58608,65.532906,61.129658,58.59238,75.60749,67.59651,83.34641,62.569286,57.37747,54.994133,55.180904,59.35485,59.253765,58.771477,57.79305,55.385456,67.84022,69.97814,73.139145,54.087288,53.856583,49.323235,54.91927,64.99125,56.69925,50.25708,69.324715,80.440605,72.51079,93.53234,95.59558,77.96777,52.12596,46.180874,52.32517,50.666245,56.036552,54.98195,54.854393,64.95305,62.626133
-123.65,0.20857143,0.10171428,0.24571428,0.33223075,1.0,2.0600002,1.872,2.5698462,2.8479996,5.586461,4.6683073,3.2886152,4.828769,8.08,10.505846,11.962022,16.838968,16.403517,14.469373,13.886781,14.408087,23.610834,23.00689,25.998,31.442,37.948284,42.018715,38.32671,40.409283,44.04314,47.60356,47.51012,44.212997,36.3801,35.54063,33.096134,30.894188,31.181042,30.473883,28.169615,22.578352,22.922285,19.306286,15.877782,15.493916,17.967999,19.329494,21.587921,28.477098,50.726055,55.001343,46.614395,42.46757,41.94586,45.458183,50.207382,58.618996,59.624474,59.209805,67.48657,85.01186,59.86015,68.526665,53.533527,60.895,60.040283,63.1659,65.15076,52.386856,46.748142,47.866146,53.108,57.21722,61.75428,57.890858,42.96804,34.59357,50.327984,51.16355,49.746334,46.26726,56.93914,79.773766,71.70436,65.54004,86.25833,109.33847,103.330574,73.94507,53.438755,62.63948,57.69512,65.396805,56.976524,79.02669,57.25365,37.10497
-123.55,1.4669244,0.3207143,0.29371428,0.30646154,1.5830768,1.5764285,0.9131428,0.7405715,0.9222857,5.8805275,5.675077,4.2830772,3.8436923,5.1301975,9.0773735,12.400032,17.429428,13.833746,11.737418,11.879626,17.171276,20.057934,22.77422,24.454594,29.728188,34.197792,43.377,40.60713,37.610622,37.464066,46.07203,47.123363,46.146553,41.57156,37.00753,31.664068,40.227493,35.335365,27.150183,27.154419,24.698355,18.582386,18.817814,17.389889,16.225737,18.707495,29.530756,40.202957,40.517498,42.729614,51.932037,48.341778,44.392403,45.36323,48.65811,49.922047,54.549423,56.023136,52.97614,59.121426,72.73542,63.38114,65.90975,64.66404,61.52014,56.216,52.084282,50.605858,41.148857,41.185715,39.468315,56.062996,59.360428,58.584858,39.85027,28.446152,31.23689,26.666252,37.363293,47.21889,44.05238,44.4833,54.2437,50.86888,75.49791,84.39219,92.22096,67.38294,51.578003,55.53347,54.357006,53.838287,60.152077,51.630768,74.05911,51.531788,29.660088
-123.45,2.2435713,1.0857142,0.63,0.5988571,0.76031864,0.20373626,0.85699993,1.4999999,1.121,1.257,3.6797364,2.660571,3.5643077,3.9605277,7.038197,10.541231,12.964438,12.50524,11.413627,11.924922,13.027252,15.578801,15.736284,21.589308,28.88999,32.120384,34.280087,35.14919,32.13687,38.092033,41.08511,45.160297,47.195435,45.930508,40.860565,37.789894,40.481228,39.396336,27.880068,23.138287,22.034286,16.826353,17.076706,16.732077,16.91036,18.49387,27.078535,45.062855,41.28054,45.42817,49.656685,50.10125,44.44335,36.174057,40.13157,43.985664,49.163353,51.48114,52.692574,52.67043,56.374718,56.65897,64.70966,59.17672,59.22,54.521423,42.031143,46.185852,43.265854,39.56289,39.88075,37.834587,47.792057,39.073555,32.73532,36.831123,27.477194,25.282766,35.122562,43.136925,50.51449,47.837746,52.659218,64.69119,71.76291,65.62991,73.622505,79.488365,58.60287,72.80255,48.46921,45.11316,58.24482,61.34736,57.680767,48.42881,29.869946
-123.35,4.1671977,0.92214286,0.8114945,1.2000879,0.5953186,0.22989011,1.1245713,2.0287142,1.0491428,2.4297142,2.5931427,3.0594282,3.1612306,7.530978,6.7272854,9.87756,12.567767,13.085298,13.903637,12.603726,13.524857,15.158494,15.931032,21.404766,26.430775,29.164248,34.612984,36.488155,34.511612,36.555965,39.652557,42.591057,36.606724,47.51534,45.03334,40.147865,34.01732,29.255856,24.576607,22.951561,20.033142,21.001144,20.114353,16.40236,18.71625,46.621723,49.129044,39.648613,43.44681,43.031662,53.65747,46.176174,37.66157,36.598434,47.282234,50.844498,47.761497,55.42771,53.21614,39.736282,44.524235,62.701283,84.1361,85.23829,62.55799,43.584145,52.507286,50.238567,36.086853,25.874823,26.920994,26.125576,30.827192,39.531418,32.878716,30.83915,27.357094,27.821411,39.314217,28.803713,41.663822,40.64662,52.35531,76.21435,66.70363,86.351234,81.79518,77.89722,78.35509,65.930725,58.03501,60.096725,52.44958,70.898445,62.825397,41.215458,35.04995
-123.25,5.5174065,3.7913845,1.5854945,2.5873075,3.096176,1.1134944,1.3190329,2.1942859,3.5737143,4.7679996,4.349714,4.975033,6.914637,8.243571,8.183329,10.88578,10.623702,15.8246155,18.011251,13.715669,12.473143,13.059402,15.33285,22.192272,31.444437,29.816162,33.671867,33.81587,32.63341,36.680336,34.305546,41.249146,42.566856,46.64659,48.515865,50.19815,45.10407,26.067045,24.036758,22.776834,21.8842,24.695448,22.310856,19.37011,29.387074,32.962265,50.93836,40.65352,40.56015,50.131664,55.30785,41.7392,32.153748,36.412235,40.076572,48.410156,51.39957,48.465282,50.322716,50.031715,46.38164,54.804207,64.90343,68.186,62.702858,39.762142,35.018852,32.451088,24.10931,24.165714,25.29808,26.443113,23.14597,24.029125,30.26458,24.216301,23.885672,30.101746,31.954596,35.384068,34.11305,41.077568,46.330254,49.545883,80.865906,68.86899,47.037735,58.622013,49.122704,49.005516,59.4199,42.846684,48.21557,43.626873,41.62388,45.71437,33.389538
-123.15,4.861758,4.5548134,2.5492744,2.8536263,5.368176,4.0093184,2.5510328,2.1932857,2.237714,4.6,4.637714,5.712,6.042637,8.613208,10.508318,11.286198,13.74367,16.592283,15.967808,13.410021,15.762616,18.490494,19.96771,24.49571,32.37221,37.783092,35.78688,34.60094,33.9641,35.57385,36.043903,39.58754,48.14882,48.73932,44.419735,45.12784,49.670692,35.396503,34.584118,29.294485,30.005604,27.051146,24.363897,29.1011,30.443146,40.354244,50.38734,45.842808,57.199554,42.170254,40.42447,41.30094,49.59571,35.451828,43.86628,46.935997,50.497288,46.785,61.58093,51.444996,59.307785,74.31614,62.88328,58.571426,54.259567,44.88643,29.508142,33.677505,33.422333,31.643349,32.16315,29.884594,23.232605,21.372633,26.494791,23.039444,23.019371,27.195831,32.21606,26.351053,29.058714,32.24982,32.76915,45.69516,68.40982,54.34662,55.17079,46.39306,44.402843,35.22619,46.99399,65.18155,43.163445,37.206295,31.506958,38.994675,26.04674
-123.05,2.1431098,2.4043515,3.1803298,3.4157693,4.968879,5.24123,5.3544617,4.579428,4.3427143,4.174857,3.6971428,4.768,4.302066,6.868242,6.9537363,6.9872637,12.171126,12.025789,13.516591,18.024157,19.740316,23.205616,29.439823,32.363655,37.64778,39.648674,37.329914,42.022865,39.254116,41.52814,41.595524,38.956623,43.82242,43.581135,42.448742,45.102417,47.699123,44.590233,40.124218,32.933186,27.548481,26.017933,40.238132,33.098354,32.302593,41.190987,53.140816,47.92057,58.85455,52.117863,47.073368,61.311268,47.385345,40.89509,45.436214,71.5244,72.912994,63.7824,56.134808,74.667854,75.08728,76.72057,72.42828,39.81257,35.84243,54.584717,37.676003,32.524426,25.222359,38.71115,41.50238,30.322437,17.926676,23.366314,23.177855,24.262133,25.895859,27.951422,23.769,24.651913,34.74258,32.23629,34.84432,47.50731,61.025833,78.98223,52.428307,55.50682,38.58718,33.653202,36.381336,40.73027,34.879257,31.578007,29.360472,35.764694,20.739046
-122.95,1.8529999,3.0995383,3.2507691,3.8174615,4.5261755,3.755,4.638461,5.116318,4.581428,4.498286,4.1657143,5.785143,5.280176,8.001173,9.473769,9.731124,12.502049,12.040109,12.266279,13.971837,19.786924,24.867546,24.49677,33.6843,36.798725,46.21963,42.092945,42.84618,41.819363,40.687397,41.015396,37.80377,41.9417,44.08507,43.579163,39.27613,52.225475,44.882427,42.90592,39.446507,32.870197,25.737099,38.855255,40.242706,36.42952,37.757095,53.36771,47.517014,59.80088,61.62514,70.283875,75.29683,64.61664,63.801456,54.90037,57.25389,75.98171,74.21614,64.016136,76.91043,67.91857,71.33757,65.763145,36.701855,75.81794,45.423714,41.64164,42.207912,42.513653,55.319912,40.914574,29.99485,29.833797,23.383759,16.257092,20.486982,30.076462,30.93607,25.195778,18.652386,30.10091,43.245758,41.170853,60.2871,70.21301,63.83799,51.07869,35.53723,41.04867,36.09936,27.666553,37.386894,21.56667,34.0076,43.053715,33.63046,23.413185
-122.85,2.3023624,2.5450768,2.8197691,4.076461,3.5684612,4.278,5.367461,5.157604,3.4659998,5.102857,3.7435713,5.177899,6.6984444,5.6455846,7.979718,10.392005,16.065573,15.721443,19.102688,15.083635,20.17425,23.209625,24.71556,33.285915,38.821243,46.226288,53.182457,57.286983,47.1963,44.13929,47.96442,44.24069,45.760124,45.917767,45.187717,56.18492,56.777477,45.733448,40.86787,38.52607,36.04037,31.866154,39.417538,31.752306,36.121864,46.02013,57.272697,60.441772,73.66812,77.16852,70.61952,61.537148,61.43193,59.40961,45.699425,54.13866,78.26929,75.14908,70.719,81.74806,73.424,54.26524,48.37783,96.777695,70.02461,75.951004,60.0818,63.09413,53.932556,49.249077,41.211456,31.605389,24.508495,22.17242,15.376552,21.973156,28.228676,27.334572,20.717188,17.595814,26.266817,35.430923,47.10889,40.202465,66.74009,60.778706,55.71493,55.003407,39.225273,30.423243,22.87349,19.442005,19.550858,25.477266,37.647057,30.45235,23.185017
-122.75,2.1362197,3.5455933,3.4166152,3.0410001,3.468,5.2251425,5.153143,6.251143,3.9132605,4.9941425,2.6732352,3.9998572,6.1641173,5.6192856,6.266778,6.827502,12.85595,13.327408,15.647734,14.586468,22.02793,24.394487,29.450418,30.792671,36.841816,46.494553,49.57977,52.74978,50.32968,49.320465,51.863853,45.401127,42.129,41.930344,44.73679,57.599022,61.88317,56.5541,53.11847,41.38361,35.425274,42.85275,35.92147,36.54259,36.288307,47.71974,55.827793,72.91757,67.60289,69.32298,63.78171,62.772568,69.734924,55.124405,44.37597,58.421055,61.601517,72.71314,64.78919,109.59259,76.416245,50.375755,38.832195,102.904724,53.338417,48.595444,63.65206,59.022667,37.459435,43.67634,34.959522,23.073135,20.91518,23.917734,18.763699,20.965433,24.46983,28.175816,33.560074,34.056435,34.624783,53.85179,41.507652,41.51289,52.38573,33.63743,63.83513,60.569626,50.386135,24.576975,26.664558,22.372818,19.902225,25.720621,27.49112,28.986748,18.707973
-122.65,2.042879,2.3437142,2.4455934,2.5565715,3.2729998,3.7471423,2.5981429,4.65526,4.9552355,6.1052856,3.075714,3.1398568,3.7282605,5.2411427,5.234823,6.6730585,8.457176,12.145584,14.615913,13.554579,19.09311,21.828026,27.98899,30.462729,41.18723,45.58082,42.94679,47.563362,44.9284,46.615597,48.882023,47.81865,44.9858,42.673927,54.303463,58.648182,61.71082,61.63529,55.658386,51.709503,48.077385,47.35117,41.450825,43.58545,49.434097,64.44753,62.03265,68.788086,52.78104,53.316566,70.68343,69.325516,67.729294,62.069534,59.92736,77.962204,66.79056,80.59577,85.90866,80.315834,63.809513,44.39612,38.900154,45.97648,45.939312,44.628853,37.11044,35.041447,27.58334,23.355707,23.032776,17.003498,20.836086,21.301493,17.456245,22.454105,21.49147,29.28829,38.13014,41.82567,50.07065,63.854103,47.48818,41.830185,43.846054,45.08222,56.58723,53.369728,41.78861,36.358303,30.177414,25.197866,21.916739,24.461573,24.24618,26.482155,15.858474
-122.55,1.2658571,1.4662857,1.6632855,3.289857,4.0537143,3.4624286,2.7342858,4.1292605,4.4582353,4.1992855,3.3671424,3.4349747,3.6669998,4.2591176,5.568824,7.899824,8.539941,11.597068,12.203805,12.804252,16.986797,17.765665,24.563395,27.438805,30.74942,43.118946,46.16966,47.89561,43.823883,47.64303,49.78219,54.008507,49.641693,48.20865,54.477325,61.065876,61.650867,57.821243,56.724987,62.55085,53.324837,55.41077,47.97923,53.811863,52.901264,48.666718,52.534435,56.521652,37.963333,45.333134,43.79228,54.450645,67.14962,56.437305,59.957153,72.41278,78.90726,90.67836,68.26556,57.26174,54.79476,55.404713,46.330776,44.643734,39.868412,39.279697,31.21408,20.475302,18.729801,16.392021,14.866748,23.045101,23.43488,29.951206,21.909172,25.811249,25.53189,36.494667,36.97517,39.23397,49.687057,60.290596,60.933857,54.055935,53.55727,49.040703,66.6363,61.754204,54.080612,43.377518,22.468735,16.93971,15.907302,22.329962,18.599314,19.260254,13.349575
-122.45,2.174,2.4049997,1.93,2.7470002,2.5661428,2.1671429,3.791,6.0439997,6.29,6.294689,7.343117,3.2833276,3.0473576,3.900588,4.067706,5.212941,7.082176,8.833167,11.254194,13.771982,19.193283,19.348705,24.305788,30.89746,35.07807,41.633465,42.368797,39.778835,42.00036,44.43219,46.997967,44.588654,46.832848,50.15361,54.833794,61.035587,52.70922,58.048355,65.11263,54.96185,53.099052,52.443157,54.73631,50.690876,44.641182,37.201923,34.901585,27.972008,37.31431,39.800285,38.923286,56.727142,55.849854,64.19914,62.958572,67.85808,59.059196,57.823154,52.203995,42.696686,47.493355,37.797573,39.47074,32.861244,36.71923,29.779171,28.24849,25.419672,22.55877,19.77304,20.942295,23.858665,27.639439,34.041622,33.213352,33.600502,35.08374,33.255714,33.757683,52.312836,53.971836,59.425003,66.16044,58.65924,54.152176,48.01141,46.725067,69.96393,53.22948,29.96334,15.249487,10.199156,12.9601555,17.920399,14.102191,10.901062,10.696922
-122.35,1.536,2.287,2.126,1.129,1.707,1.635,3.5299997,3.6079998,6.7669997,6.1349998,6.7411427,4.515,5.356263,4.346445,2.9487057,4.572715,5.7127876,13.631734,12.448586,15.130452,21.260363,25.056992,32.936626,37.89478,38.100452,49.031998,41.06565,46.079132,45.386677,45.215603,49.65176,37.437786,43.82475,52.115368,46.917366,49.501064,51.395607,54.908585,52.45003,60.376873,51.66415,42.469376,46.537952,40.94606,35.42915,42.494858,54.21514,56.31663,31.789614,51.123333,49.59414,59.59957,53.32686,58.63243,73.95671,61.49875,58.222248,54.20617,55.441498,44.55407,39.479202,30.64069,35.259743,36.50116,34.39776,26.250202,25.98569,25.52443,20.180498,25.188335,22.824375,29.187195,27.290384,36.250893,37.722115,37.47388,37.629986,38.344463,35.014576,38.68451,47.5885,53.146637,51.264233,72.65698,72.20047,52.531807,60.477196,57.657806,42.17321,27.737923,14.373894,12.704663,14.004924,13.3572445,16.464,12.933958,14.710713
-122.25,3.5630002,4.0829997,3.021,1.5189999,1.083,1.5139999,3.6949997,3.037,6.5479994,6.9519997,7.5774283,4.609818,5.974454,6.307273,11.1441765,13.130302,13.890189,14.292159,16.566216,23.83916,24.455114,34.08976,36.114372,38.43154,43.432243,48.081085,47.447464,68.62331,48.826687,44.52855,40.339916,34.543846,42.40193,51.263226,54.40588,59.219597,49.295166,54.718086,59.587376,66.72056,43.786526,39.75943,33.900257,40.745487,38.68999,40.527733,58.441307,61.479324,52.854717,54.598995,56.044426,60.531998,51.780144,44.610565,50.522392,46.466217,43.727493,42.74147,54.242447,56.01419,52.113834,40.099033,29.379482,31.150438,37.567924,30.248444,26.831026,33.73396,43.460663,45.198853,33.056885,33.467808,35.26513,32.38965,39.748024,39.05936,36.048306,47.027004,45.893536,44.201584,48.75254,38.469612,54.852524,67.583694,61.6249,62.477013,64.506355,50.737457,40.013973,30.95091,33.124268,22.901497,11.623579,14.812588,16.992628,12.153621,12.624112
-122.15,7.9769998,3.5500002,3.2149997,1.612,1.4629998,1.9742354,3.1492352,2.7538183,6.426818,6.9694285,8.244454,7.6602726,8.809,9.223999,11.955999,12.655999,13.259059,17.261587,17.778374,26.146997,30.753847,28.649612,35.911892,38.093323,48.00694,51.562294,69.20086,63.95034,68.85569,67.44843,61.224533,45.83359,41.183178,44.261173,51.158695,56.89315,59.98286,52.98051,58.34618,73.60934,45.485973,42.647343,41.651222,43.94541,32.988132,45.887566,36.11786,40.646282,49.487568,56.752567,42.04782,43.382923,38.181664,38.050568,40.81833,43.530724,41.179436,39.442383,45.53408,50.134907,54.959503,42.563877,40.80864,20.98269,43.944077,35.29464,38.489258,51.719315,73.69631,76.88458,71.48195,64.07973,48.681385,42.052624,48.17385,33.336052,37.886047,35.926422,35.216133,51.374687,53.187706,38.790615,54.573853,64.060265,81.84371,53.777115,60.450344,45.84278,46.582184,45.4013,25.23435,18.013844,10.478849,14.549411,14.633333,8.483144,8.370102
-122.05,9.049,4.4779997,2.71,2.0609999,0.9329999,1.2802353,2.585235,3.196,4.471273,4.536781,5.681845,5.8131175,8.527647,9.006,11.941428,11.944285,15.0835705,20.632143,20.530714,23.084536,29.946922,36.84704,36.351864,37.12368,46.25691,44.857243,66.92459,62.511433,70.48592,70.00602,57.930046,54.38674,51.076675,40.120792,44.278896,52.993454,56.891838,59.13052,53.01279,60.650127,51.26984,53.547653,53.56395,59.166054,43.949955,52.04087,43.98357,37.29986,43.69957,38.960587,38.05082,31.125286,33.950603,25.94462,28.521942,38.968025,46.862114,43.34574,45.827538,58.768127,55.722286,55.977425,48.261974,31.985546,54.57215,58.82436,50.388058,66.7275,80.52946,81.47813,79.21778,67.484695,73.75849,72.63835,53.937233,41.63199,34.86597,30.364931,33.458107,42.45958,50.318085,56.924652,52.94947,56.992184,70.94439,62.419853,52.856026,35.29536,34.893326,40.989,18.821112,21.62586,8.826597,9.577591,12.040641,7.6356025,7.8703465
-121.95,7.123,8.863,2.563,2.001,0.94799995,0.8180001,0.8312353,2.8928568,4.2397404,4.710974,6.556848,6.1552353,4.8030677,5.2876472,12.85253,13.280378,13.181427,21.858906,21.137144,22.478573,31.193571,32.572857,37.5109,37.857647,56.29798,59.322266,57.798588,64.266426,66.29597,52.11445,53.693966,51.27528,47.119923,41.496998,34.313496,42.46972,48.29925,45.19833,55.607727,76.32171,68.781425,71.77961,60.041225,58.68776,56.114944,45.986015,40.457016,36.375854,22.8701,23.215569,30.486382,27.619808,30.731104,35.245888,38.10872,44.130234,38.207703,39.45958,34.658813,53.159927,57.856903,60.184803,46.790604,35.602234,46.267876,51.968494,47.498997,60.698227,72.348076,63.784534,67.78963,50.98775,64.084366,69.29226,53.91744,38.38639,43.13652,37.273857,44.96122,49.732597,43.28402,42.676105,40.10289,41.799305,47.22584,51.66578,43.838615,35.7834,17.074554,26.523888,17.714664,15.175037,7.635579,9.039259,11.095926,6.386444,7.5157876
-121.85,4.448,4.56,2.7229998,1.7721426,1.147,1.095,1.2153782,2.7578568,4.139286,4.822899,7.4479413,8.158613,8.457899,9.458109,16.690546,15.821177,16.028444,16.051092,15.102226,18.656975,26.594536,30.328362,42.01117,38.492237,52.20073,58.549694,54.214138,49.376354,47.422184,46.178486,54.21864,51.515854,42.111927,44.50107,41.46623,57.661068,50.803932,46.975903,57.638824,64.669586,64.29199,55.406857,72.550476,62.198627,59.501026,35.147728,30.820042,32.44371,22.226141,17.889854,20.752716,30.070713,33.30018,34.808044,35.918476,44.065346,43.252518,36.720226,44.382545,55.893414,61.188416,51.113132,51.938816,46.912426,58.419235,61.39815,55.31618,76.85247,80.536316,60.802937,69.445335,53.60107,48.06881,43.280293,28.711884,45.25886,48.1609,46.827858,39.85209,42.26548,22.963001,24.91908,35.104332,27.502367,25.256384,28.15158,31.258892,27.839073,19.903101,17.233791,31.130611,14.433998,6.128054,9.164364,12.213429,10.042556,8.290558
-121.75,0.363,1.4678571,1.3671428,1.3864285,0.9921428,1.1057143,2.9764285,4.6778574,4.9241176,5.792731,6.997731,7.2273526,7.9171424,8.046471,10.407689,10.032143,14.792059,15.3202095,16.239412,20.365042,32.279453,37.953136,42.22668,38.76752,43.563114,44.86689,54.353565,47.75618,46.647427,40.81157,33.83471,39.33686,44.610165,54.71131,56.11581,50.374493,40.758217,57.926994,59.204327,60.653015,55.86957,67.00082,64.62477,68.04681,50.5081,38.614204,34.17504,30.607906,29.277142,21.736,20.519667,22.447712,28.751429,25.59537,34.468224,39.724083,53.57776,44.827198,60.143456,53.777145,61.590706,59.086475,62.040623,62.12564,71.756065,77.4353,77.455246,79.842155,88.24587,65.03356,87.6263,53.24675,72.55638,67.58723,42.229332,46.380432,48.96926,53.50421,49.210434,30.638103,24.447039,20.084726,24.376026,24.220125,16.660099,20.436193,19.046017,22.908325,20.53371,13.785919,28.312271,19.648708,13.110859,18.600143,10.328048,11.3590975,9.195711
-121.65,0.7294615,1.1844615,3.4669998,1.4250001,1.3979999,2.9592857,3.6342857,5.1252103,5.0850005,7.004285,7.920798,8.392101,6.5938234,7.7044115,12.025925,10.42353,15.098529,16.811932,20.229538,20.451216,29.066763,30.944494,34.03029,38.889065,40.36651,46.972874,49.153,46.955257,38.10838,30.382479,31.604427,39.916,32.01276,50.988903,57.765812,42.70571,54.012856,51.867714,53.199585,60.347855,56.808807,62.234608,62.878498,50.656387,51.770466,44.625874,46.601913,42.031,34.577053,23.24403,22.505949,22.146343,27.433388,24.139595,35.09119,36.47652,60.14641,55.9885,69.61102,73.301186,68.57376,62.227722,65.08903,68.12047,73.99749,82.612236,77.84235,79.24988,76.61768,60.114235,84.06256,59.76262,85.83464,75.54671,58.630623,58.693436,60.281506,51.710293,36.9556,24.97636,22.756222,20.571308,21.807663,19.958912,25.004045,24.61348,22.863266,18.119389,14.294322,14.197299,17.39043,21.650934,14.812045,11.633409,11.926924,17.50188,11.005938
-121.55,2.3014617,1.2814615,1.8639998,2.4744706,2.7984705,3.0609999,4.2609997,2.7173529,4.1150002,6.948,6.8696632,7.0732355,8.876303,9.291176,16.225294,16.751808,22.824747,18.119118,22.072786,26.50966,27.8502,37.317753,37.509293,35.003185,37.672234,45.365868,47.337963,40.683086,36.056267,33.891,38.103813,33.25609,44.402473,45.32033,44.146854,51.953148,69.33211,67.47458,49.15383,57.928295,59.32293,68.340775,58.348732,57.711998,47.907246,54.122192,45.842537,34.79429,34.791397,31.503529,21.608212,21.362757,29.013647,31.531445,46.686485,40.80896,48.975822,54.713287,67.703835,72.43044,58.13062,67.696335,64.22267,70.85941,80.85907,88.46435,70.41441,75.43231,79.14339,64.234985,90.54843,47.48678,70.30178,77.80151,59.229534,52.38515,59.00168,40.853077,25.589104,28.090666,20.530302,15.3717785,13.173611,17.560877,17.264326,18.85066,17.345669,15.59532,13.879746,13.810507,14.679845,24.945425,19.924364,8.713327,14.470102,21.924068,14.483907
-121.45,2.8523078,1.484,3.2,2.2283528,2.3894706,3.1699998,3.437,3.5493526,5.3789997,7.6779995,6.622,6.82247,9.54694,10.710822,15.844824,17.429058,22.410671,16.592937,28.315742,35.14091,35.131783,36.552685,38.88378,34.450577,38.979885,40.1082,40.893475,35.622158,39.84526,34.671425,30.999,30.91267,42.726723,33.32912,56.27068,58.789055,57.597885,53.081078,47.0923,55.983353,54.0744,52.00508,40.022953,51.367157,48.1721,52.764427,39.275963,31.515827,31.309162,41.769257,34.060013,29.432993,32.05858,35.095333,59.37309,52.01016,51.4684,46.170856,58.537838,63.470318,59.340385,68.19441,62.21481,81.354546,83.35067,87.83075,74.44652,89.72344,70.545044,95.01769,89.66677,66.270706,68.84537,62.08795,73.09776,66.25014,56.737587,23.86707,22.489944,20.465511,24.069576,16.82976,6.700076,9.801435,8.811487,11.357153,11.8207035,12.111719,8.868111,12.072812,13.390983,22.815163,11.734575,9.673507,14.513096,15.627217,12.530945
-121.35,2.48,3.87,4.5529995,4.3459997,3.3711176,2.7139997,3.7599998,3.5373526,4.739353,6.4279995,6.8031173,6.826823,8.2435875,9.554587,14.816469,18.474401,18.69604,26.755661,27.993956,32.836853,34.40157,32.825996,36.19046,31.69402,41.52954,39.42476,39.869984,35.361244,37.337574,20.889746,29.233187,29.02414,32.97924,63.637108,77.11986,66.49752,48.149055,43.361115,39.381374,39.530388,42.16048,36.07461,41.544163,52.8601,54.55195,56.2047,49.035187,37.39673,45.285828,59.617367,42.529537,58.348846,44.887196,43.771896,64.31814,59.14214,54.49737,49.87509,49.103775,51.13489,57.478916,59.358017,70.15358,80.288795,77.38193,80.71634,116.395004,88.37193,86.56686,130.37701,92.623405,72.391205,65.23334,61.271477,55.94963,54.905266,51.080555,23.577713,25.319933,19.103863,24.711807,25.950974,6.6792083,6.1901426,5.417571,7.584571,10.737511,11.84263,10.135758,11.556296,13.132394,13.781005,17.12365,16.884638,14.258959,13.610503,12.484916
-121.25,5.487091,4.530454,4.3659997,2.55,2.4411175,2.5589995,4.9729996,5.2827063,5.275529,5.164235,3.5963528,3.8887057,3.663647,9.702872,13.400706,15.124586,21.989687,23.637806,24.392601,32.108807,34.25207,32.766335,28.772923,28.99057,34.016937,34.38572,29.637142,36.179317,34.6553,23.474342,23.758726,26.618889,33.107384,38.68447,38.62981,54.45533,39.912254,36.22786,36.669937,40.354218,42.252014,33.743347,37.440384,45.543587,52.289978,50.23081,50.290173,51.85308,66.165436,58.13738,35.986095,44.201385,53.22758,52.21923,65.42445,64.824135,47.717686,46.2194,50.39702,52.34968,62.278774,68.418,66.785484,59.237095,77.82018,88.941185,104.08901,94.684845,96.337135,121.48442,98.27865,62.117004,47.552742,44.975048,44.114677,50.77457,39.49752,25.08038,28.76342,19.564777,23.640657,19.178434,6.436571,7.157714,8.171429,9.547428,5.8268566,14.762285,12.149009,10.361571,11.926688,14.6769495,20.998377,16.285084,15.714616,13.523003,10.103146
-121.15,6.4834547,5.4684544,5.6800003,6.64,5.8809996,5.568,4.059,4.1507053,2.8137057,2.4929998,5.284117,8.1189995,8.635613,10.225764,14.813755,20.810942,21.839748,30.295391,28.383736,24.640099,26.192635,29.01515,30.594624,26.332434,34.283554,32.435837,25.772629,23.101528,26.061209,23.622604,18.800907,23.955713,29.934803,28.338392,23.42199,25.357958,23.704128,31.230938,29.316914,31.927038,40.289253,37.356735,48.62204,48.48541,44.38855,46.336273,57.948086,71.2822,44.851547,49.877815,45.508106,44.925755,49.256023,48.10551,56.977715,66.81725,53.827213,53.167984,50.368614,61.553616,62.378464,64.61374,60.995987,67.525406,74.90741,67.62944,94.94004,104.71609,109.99195,80.582756,110.67684,75.95222,49.829662,40.968765,36.07619,39.44656,42.608776,19.92306,26.341011,16.071192,16.58752,11.418234,5.297882,5.6011424,8.603693,8.277186,7.0649414,12.160813,10.604868,10.051889,11.810296,13.399194,13.28113,15.529762,19.08387,10.491087,10.47219
-121.05,4.488,4.5200005,5.6540003,6.4969997,6.8269997,6.7579994,6.7269993,4.321235,3.6312351,4.108689,10.771967,12.940739,7.730672,10.472151,8.395042,15.857918,24.671984,27.388031,20.900965,21.51388,24.949211,26.009249,24.21004,24.541595,28.622377,32.446167,23.173965,20.546865,18.338617,16.466717,17.986351,20.811317,14.577663,16.00175,25.166016,23.527767,26.650208,25.341923,35.015583,25.131924,40.263824,45.46155,53.03268,61.798428,54.87029,52.926414,68.15395,54.431263,44.006012,43.854805,48.228207,54.79534,55.741207,55.995575,49.135582,58.0958,63.702812,56.50473,50.77582,60.199646,53.224243,62.970154,56.710903,61.50133,56.87128,57.044266,74.16472,88.01647,94.934746,69.79735,82.46575,53.006123,34.42296,25.260391,21.835594,16.90643,15.70294,19.02543,21.498121,11.653645,14.908213,10.952747,7.0976133,8.978286,4.5508566,4.7823277,6.395857,8.842945,8.272176,9.939076,11.382725,12.164484,10.323454,14.369488,20.16374,11.544398,10.705388
-120.95,4.6419997,6.4209995,8.462999,7.2939997,6.7999997,4.057,3.414538,4.162521,3.8025126,8.8210335,10.73358,14.682454,14.43979,20.97859,12.521882,15.493504,24.02441,23.942278,15.939537,20.24452,25.586092,23.704948,26.57242,22.692274,19.950294,21.30419,17.862965,14.984514,9.876409,13.640065,15.548143,30.598045,11.679653,8.840052,11.620055,18.207033,23.644285,26.142859,32.280003,47.14024,57.58214,52.60859,57.153255,59.09791,44.086044,41.563385,64.944695,52.14174,52.174606,48.035004,51.582325,58.62913,62.434265,67.19095,42.99077,46.013107,78.540955,58.54241,64.643974,78.30883,61.53225,62.59473,58.858932,58.346428,61.593056,70.008766,92.64792,87.342766,69.66145,50.22592,59.188763,50.03168,34.741585,23.288042,18.637701,13.007284,12.346895,10.388325,21.853216,10.369242,8.227772,8.278621,7.9178047,8.004703,5.5927916,3.808835,4.6742415,5.4577913,6.6375713,8.106989,10.511406,9.571978,10.961135,13.485194,13.555929,12.120561,12.338451
-120.85,4.309286,5.96,5.062857,4.7935715,5.589832,7.715546,5.1709247,5.0215464,4.4378486,8.903581,7.9110413,15.321765,14.408814,19.0111,24.247568,26.897413,24.89919,20.294521,19.275883,21.833765,26.510872,21.474554,23.02969,17.28894,18.64221,12.286196,28.354284,14.236424,8.494945,14.056505,15.765022,19.14778,14.263021,12.8738785,10.92511,14.202197,16.506227,19.924946,28.599394,46.99357,50.58619,53.838097,49.295334,44.084206,63.268284,64.10353,67.039,59.053696,51.171883,47.416046,51.23824,58.198532,60.965824,75.79325,57.71779,66.04048,67.14495,77.24063,65.994606,70.535645,67.9905,75.198044,57.085228,59.3899,55.9689,77.021736,73.069176,79.29886,70.40204,47.376793,55.31625,35.365364,34.352257,22.61096,15.904,10.854195,9.395723,9.3930645,11.123328,8.20907,6.016703,4.677642,4.96181,10.516708,9.636747,3.8759933,8.3943405,8.238351,7.9981422,9.468194,8.259475,10.951538,12.254359,12.447218,15.223992,20.378235,26.99019
-120.75,2.575714,3.6478572,4.12,3.5457144,3.654286,6.0734034,5.1280136,4.0162606,3.3759243,9.107009,14.4306135,15.06248,18.694645,18.344624,22.421814,27.027225,19.165163,22.65288,26.907637,21.86005,22.841589,16.486216,25.5284,17.864666,6.8027763,3.2171757,4.2391973,8.084758,8.112286,7.956428,11.119571,9.935,11.120934,11.842306,11.304231,10.457142,11.826098,22.307535,23.410385,40.875942,44.428425,43.09285,50.94567,39.550117,53.12295,69.45171,79.20231,65.86253,50.31926,46.304874,47.375324,46.76993,51.618538,48.676483,88.67122,53.729973,82.91536,74.61719,61.50387,57.3593,42.896328,57.536304,46.204903,44.32888,48.628784,54.949127,48.53452,66.759766,59.948204,34.048496,35.49666,19.774813,15.938137,30.353882,11.686679,13.725176,6.032672,9.434521,13.142263,6.295524,6.387563,3.6014988,3.7448938,8.7949505,9.27142,6.8925385,5.817198,9.579595,8.085062,9.828207,12.054117,12.766154,14.123154,12.256424,13.701545,23.019424,18.331984
-120.65,2.0171428,2.562689,3.130588,2.6114285,3.1014285,4.311975,4.4165854,3.6748319,4.4534454,2.729622,2.8804624,14.941806,19.171452,19.53937,22.901932,14.637395,16.848757,20.320976,21.538485,10.431762,14.340523,15.067381,17.472004,21.971642,8.274102,6.766538,11.030735,11.179878,14.35311,12.3337145,11.15489,10.656428,13.51174,12.353121,13.476099,16.495384,21.168936,18.378225,19.01001,28.034613,33.74472,45.047836,41.207195,40.66447,54.869644,56.08536,62.99995,73.43234,53.525246,46.839996,50.978596,42.507496,54.305115,78.96269,54.635017,69.143555,69.43178,75.71915,66.27921,71.02538,49.28849,59.152885,40.4224,41.021023,53.419582,55.283596,58.145252,59.972633,49.4025,43.970257,50.549297,25.380898,19.73638,20.181284,20.168875,5.798604,6.426342,12.778091,6.8966503,5.528222,6.0127306,3.2165713,5.9074287,5.7461977,3.7985065,4.6154394,6.7451634,5.73847,9.24123,10.832755,13.261025,15.329253,15.390051,16.527122,14.921297,22.191896,16.2403
-120.55,1.0228571,1.7186555,2.4931092,3.4340756,3.7208402,5.182552,3.3573413,4.109118,4.3773947,3.216386,3.7154202,4.685966,3.8434286,4.655336,23.789267,12.784066,19.42047,20.402237,20.665287,16.56565,15.96377,9.504446,8.128717,10.902886,12.375553,12.485572,15.278245,11.704498,12.406571,36.617947,14.512846,21.279913,15.706109,13.943296,11.13956,9.306593,14.327473,21.342506,21.204851,23.790915,32.945877,33.792835,41.554623,52.552773,60.85186,65.69128,60.1472,53.326447,51.376324,56.21681,48.53144,47.343422,59.2885,55.374107,51.789547,78.27214,86.64334,92.54614,93.32673,80.32193,61.021698,49.388966,36.459606,42.32398,59.120567,79.28243,51.159355,55.185173,45.22705,58.54507,48.6389,20.951443,14.207135,9.380044,10.013802,11.459689,14.347429,8.970757,6.682301,4.723361,3.3243954,3.4692855,5.4077473,1.8012856,2.4398067,3.9338374,5.7919173,6.324442,6.0857816,7.9710026,11.396692,14.16841,17.34727,15.430857,15.2691,15.386063,12.135455
-120.45,1.6894116,1.9657142,2.0786552,2.2910502,2.3357983,3.5664287,3.0736134,4.317143,4.2774787,3.889874,4.1579833,3.5875208,3.654496,2.1065545,4.3661904,3.957857,25.148474,19.218855,13.80104,17.804934,12.755579,9.339732,8.44881,8.792927,17.138329,12.197143,10.364157,10.750593,12.035091,10.6124,18.7789,17.894506,12.693625,16.90224,12.058022,13.842077,18.831337,20.876698,26.615309,25.874924,26.352432,23.874487,43.78006,56.83015,59.551716,59.175865,60.290573,58.868774,61.62389,54.61641,42.200783,46.29723,59.072998,77.720345,68.70665,68.58073,74.37267,72.95923,80.98799,83.5311,43.17076,38.872036,50.979233,46.1887,28.837715,30.62716,38.05014,32.41293,44.215637,43.060104,29.322037,10.32934,10.335384,7.2738457,9.093185,6.34627,10.38943,11.425777,4.995998,3.6252017,3.043487,3.1724176,5.198604,4.4385715,2.9459746,6.7044034,5.5998597,5.598681,5.7460423,8.130285,5.2520595,7.289422,11.651708,8.315252,10.33133,9.842653,6.8078575
-120.35,1.8285713,1.7578571,2.885714,2.1699998,6.934958,6.322521,4.494496,4.6171427,4.2492437,3.72021,4.001848,5.9391594,6.391652,4.597563,4.0319185,5.21603,10.188138,23.087448,17.963585,8.859724,2.9368682,8.307566,8.359495,15.227434,17.81903,14.385882,12.654453,8.4412775,9.119999,8.283025,12.313976,14.9746065,8.973626,27.253923,13.810625,15.255162,25.899292,19.3078,25.170021,26.154295,24.736876,39.152416,48.93806,66.079475,64.837395,72.17048,69.60283,65.70278,58.67513,53.373993,74.34809,51.198036,61.91445,78.72554,73.58708,92.486725,94.83978,82.49599,82.22554,91.76345,58.570904,82.4082,56.196384,55.824436,43.79103,35.095943,47.542427,49.82063,39.63833,49.997635,25.841026,4.4717464,3.3885713,7.8057137,10.320434,5.4786716,7.230873,7.5860925,12.391151,10.133635,3.686758,3.7122858,1.7604284,12.667209,2.8134103,6.789301,7.412706,5.4426045,5.7650366,7.221083,9.592036,13.306052,11.441134,9.505142,7.8378572,7.847429,11.553556
-120.25,1.7121428,2.3614283,2.4305844,6.258246,7.646428,6.969285,4.59521,3.1588235,7.9109244,9.520783,8.053725,6.3939776,6.2671123,4.0540504,12.40883,15.941644,18.937967,13.546618,10.920697,2.7052088,30.604853,4.918154,7.280923,11.642637,15.396302,13.160673,3.7371426,5.468571,3.6992185,7.978137,11.934114,16.86456,14.277439,16.574505,15.303384,17.61169,25.454866,17.60012,31.312077,32.935593,36.56726,41.32765,49.003426,62.48462,67.24929,66.78976,65.01021,63.045555,68.07015,70.806854,77.46929,67.606964,64.78977,58.114895,70.39558,85.18303,82.71743,61.8154,94.158005,101.44432,60.981525,68.53548,54.258995,45.633,56.676952,47.5159,31.031479,47.26247,33.51164,23.719494,13.009313,4.6254687,4.008176,8.017143,5.2818613,3.0678027,4.9713993,6.725978,12.789773,11.263609,3.1196125,3.8130205,4.8855257,9.469066,6.086493,8.706999,7.094374,10.140675,8.753013,9.14239,15.194073,14.746488,11.078991,6.6016703,7.0571427,9.775481,11.321367
-120.15,8.807142,9.338961,4.2839603,7.118961,5.6174016,7.114117,7.207899,8.0630245,8.591597,9.286554,9.117954,6.236374,12.568776,12.952125,24.229595,32.424393,24.55732,15.1283,14.754274,0.86477375,10.609285,12.085713,2.6097143,4.433916,11.160806,10.015855,1.5085714,1.4351718,6.472214,3.588462,7.390193,9.263815,16.934969,16.28486,15.814013,15.814615,31.25066,26.033909,33.98378,38.1489,41.450497,41.234856,48.724873,60.113342,71.33546,74.288475,59.80223,63.806637,59.84949,70.76157,77.52728,60.933563,58.305717,65.57082,60.326614,90.55333,74.00767,59.104412,66.19414,101.59024,61.314285,71.60675,45.556686,42.154964,42.483486,35.51963,29.390957,38.174046,24.182205,17.898857,9.884396,6.681231,6.480088,6.913055,3.1939046,1.5439639,3.8783882,5.319121,8.833677,13.854486,7.398895,7.7977605,6.9204264,6.6052866,1.9094957,5.562734,8.418239,7.9672546,11.146887,11.399058,5.2360063,6.7626143,3.3432605,6.08725,6.5840673,9.789218,8.337161
-120.05,8.052101,9.29042,3.0301604,2.6219912,1.8897134,3.4435484,6.702456,7.8118067,10.409084,12.574045,10.921528,10.708022,12.454333,12.857908,16.37011,27.455364,24.182802,20.051765,19.010351,5.893362,0.55058825,3.3828056,6.2793846,8.601484,7.0460086,12.020235,9.220303,5.3752728,11.186061,12.022106,8.453307,13.999999,14.372069,13.065494,17.447672,20.303902,28.394823,25.696857,27.994616,35.067696,39.490505,46.3044,47.99618,52.56937,66.169075,66.92449,55.43082,82.408066,82.792915,70.83542,79.52814,71.247574,60.48194,70.84643,68.60186,83.90014,95.474754,59.851242,65.18585,96.2162,70.74023,83.232475,79.56457,40.947357,28.826021,16.891472,19.145435,17.663761,24.185335,15.212571,8.077143,3.221143,1.630945,0.83542854,2.3356042,0.16371427,4.081465,2.9819367,4.5561323,5.319393,6.6721926,6.1925707,6.3235345,3.4909663,2.2416387,6.2175465,5.6849384,3.9227958,1.5229889,5.297282,7.1211214,3.8024201,3.0534453,2.5601342,3.6416135,3.2747564,4.994461
-119.95,4.424874,9.112942,2.968636,3.0620623,1.8160428,3.453613,3.9663866,9.487185,9.796429,12.873487,12.5320425,5.6872554,8.15697,9.174366,14.781729,23.685198,22.296148,21.265354,14.644607,1.008,3.524344,2.1882353,5.8146605,9.30295,8.960807,14.02158,14.034529,17.792711,14.427345,9.407899,6.130285,13.634668,14.643955,13.763077,17.005878,18.591658,26.657328,25.341318,29.316097,31.432121,36.01133,41.48287,54.92597,55.546246,61.20301,74.54475,68.03147,76.38093,79.78657,66.0929,78.00514,66.54513,65.64955,59.854,73.59214,70.891136,112.59761,49.80679,41.10931,57.155094,67.352844,70.737274,63.799526,49.160236,27.657337,16.732382,19.854198,25.246088,34.270283,20.893522,11.603237,6.909333,2.464652,7.149,5.9563227,3.9746897,4.254821,3.9382493,3.995604,4.4075603,3.290177,8.139097,6.3119116,3.5233855,3.58189,5.04756,3.4433408,3.786022,2.7242856,3.7532635,2.1506593,3.5145943,3.3678682,4.081143,3.0891428,4.544471,3.3233614
-119.85,5.263235,9.6030245,6.302532,3.24,2.5857143,3.6003778,4.424832,5.5241175,7.519916,7.6788235,5.7091174,5.17147,7.224163,8.298732,12.87448,20.490438,28.5605,35.721775,17.053177,0.9144615,0.5095385,0.44571424,2.1887143,1.0422857,0.8437402,2.757026,7.390285,12.682812,17.147856,8.867383,7.7722187,10.7794485,12.625054,17.493538,22.827572,31.13991,26.330404,23.85209,25.264824,31.739101,35.262486,46.632435,58.365856,61.31033,61.692577,67.66903,85.71486,105.45865,88.53599,69.19347,77.27589,68.15081,48.806984,50.68514,47.880714,52.566708,84.07426,59.23037,50.0491,37.111797,50.125145,48.20911,59.114853,39.32609,14.513524,16.18057,14.259305,9.534524,16.44076,9.413142,8.114715,2.409619,2.8089266,1.3087506,7.551288,5.772661,4.3021173,3.955392,4.5494294,2.419012,4.585225,4.8214974,5.3960905,3.0505285,6.3266087,4.524359,2.535612,5.6086087,5.3639746,4.2867136,1.6845714,2.2925715,5.7261534,7.8057146,6.1581426,4.0764284,1.9623529
-119.75,1.6520168,6.714832,6.7914934,4.1628675,4.234825,3.4623775,3.8827374,4.0454297,8.5480995,8.6910925,2.7757983,4.5761766,4.625756,7.5501356,14.577081,32.969254,29.065899,18.770767,6.268846,9.107142,2.682857,0.44571424,4.7095714,4.8394284,1.2964286,1.662982,4.946857,6.4297805,5.308231,10.019847,10.219781,8.128022,11.383516,18.304968,25.003963,33.407196,27.82113,34.920883,36.295673,32.741528,35.11754,41.6604,62.241215,58.28076,67.226006,78.49779,86.9369,86.44479,74.50045,74.07437,71.54382,75.68798,67.861565,75.617714,76.590576,70.170074,73.35047,70.41163,50.444134,41.083664,48.79761,35.302208,24.907999,27.639427,8.762857,10.002858,4.9826665,4.521333,4.1211424,5.610857,1.2637534,2.7105882,3.884478,1.0963808,6.159013,6.065005,6.5992937,5.1675115,5.3861427,3.9908724,3.2638187,5.7683883,4.104946,1.9320438,3.001758,4.411692,2.7045274,3.700513,5.18748,2.9947143,4.557571,5.5764556,5.7965016,8.219571,4.8199224,3.1343074,1.1626529
-119.65,1.2282354,4.88681,3.8642306,2.4195104,2.9849997,4.690909,4.2877374,3.089095,8.262259,4.5739555,2.4630766,4.832692,4.847692,5.3293886,10.219616,21.583462,20.956156,19.197363,5.648242,6.4298897,6.3192854,2.9721427,4.3242855,4.448571,1.8857143,0.92999995,4.735055,3.3491428,6.3752003,9.453861,10.894944,9.971208,12.106648,17.84156,24.813086,33.259663,34.141647,33.391163,34.134842,32.286514,42.72809,43.864967,55.889683,58.64839,72.822426,56.72663,55.080326,61.686043,53.436024,70.56269,88.84279,62.463974,65.26346,65.02929,46.815857,52.53461,51.85328,39.94097,37.351776,36.01778,36.935505,28.351753,14.815619,7.9137144,6.184,5.442857,6.1575236,4.6554284,4.4595714,1.8514286,3.5414288,4.900857,5.0141172,3.726293,4.6821175,10.776707,8.421576,6.733139,5.385725,5.686901,5.314953,5.4153175,4.7706013,3.9506812,3.5802274,2.1574504,2.0438387,2.0363517,2.5597024,3.5613074,7.889,6.0953846,7.4751167,10.278251,12.059191,1.1284859,0.9792353
-119.55,1.4584614,1.6061537,3.9771428,1.777987,1.6803763,2.1341958,1.6717132,6.27523,24.277876,7.788681,1.4111538,2.6734614,3.4253845,6.1069226,6.5678573,12.160714,15.190791,14.774286,6.188571,20.575714,12.513131,8.07,3.9557142,5.0764284,2.79,2.034935,3.5910988,4.2685714,9.531196,16.57456,15.148609,12.037649,14.316408,17.915625,18.90955,26.665987,31.953932,32.937298,35.363052,34.26914,36.321823,38.03094,50.23352,51.62558,76.302986,72.29433,51.906944,51.73243,75.67851,70.91672,113.09523,122.03531,51.518692,81.33344,71.83257,48.348953,44.258587,34.402264,33.261536,35.176,29.790228,14.349524,13.089642,9.788,8.151297,8.681714,6.7523518,2.0041757,2.0419047,2.2942858,3.0821428,9.357022,7.1870217,4.832975,5.324795,11.353863,7.2622576,10.352281,8.420734,5.825658,3.9479997,4.7275295,2.5627975,1.8701538,2.4798656,2.5862856,2.6148572,2.927664,3.8290987,4.3584948,8.368763,8.233845,10.150975,12.850322,12.473961,2.427567,0.9319999
-119.45,0.95653844,1.5724825,1.8175789,1.9292308,1.8922027,1.9570279,3.1562939,3.3992007,13.860808,5.2602825,2.1101747,1.9707692,3.2764285,7.836428,7.292142,7.877143,13.540714,10.042144,13.202858,25.000711,25.096813,13.000713,2.2821429,2.6957145,1.2192856,2.1053717,3.675,2.8542857,6.052455,10.202922,8.671594,6.3745055,8.458351,11.631923,18.563076,21.923737,21.797153,26.711042,32.66935,38.32145,35.957188,41.695534,54.154507,51.573166,52.305435,71.16516,52.602577,70.186035,93.61552,63.286068,112.68193,111.382935,71.13527,87.690254,62.405003,39.581913,41.73747,42.27788,32.01881,25.708961,20.297438,9.329072,6.3525414,3.1349683,6.2726703,6.2941527,9.493144,8.18,4.1142855,4.344571,7.341978,11.112911,11.868912,6.1939,5.0480213,6.600379,12.159192,10.283531,8.238125,4.641381,3.4701176,2.5125403,2.1462934,2.446857,6.9652123,3.7191725,2.5884833,2.894187,1.9135604,5.381176,6.411385,8.042082,11.024927,14.117088,12.89535,3.2112308,5.388824
-119.35,1.03,1.4259441,1.7226923,2.3353846,1.5447903,1.8305244,2.5990908,2.7613635,3.6713285,3.642857,2.6335714,2.37,5.3764286,5.6571426,6.4581814,8.912142,7.35,7.5414286,11.292856,26.569283,8.815713,8.232857,8.5884285,0.302,0.375,0.3018571,1.4935713,2.5475714,1.7892857,6.7260656,5.6965384,6.1541214,8.397362,9.44934,13.352639,18.33544,19.182692,25.211538,33.219704,29.179283,31.316128,39.36164,55.117672,54.812737,46.294098,52.914257,43.55533,71.229004,75.7694,38.813274,87.16351,72.50403,54.57454,59.03937,35.452698,35.85694,33.450363,31.68239,18.224361,20.507236,14.063011,5.6537814,3.1267142,2.1871758,5.3149652,4.203356,10.787714,8.778571,5.9605713,8.120571,8.103296,7.6132636,18.81601,6.109615,5.3261757,13.08167,5.7323737,10.644704,3.9435604,4.733784,3.4727392,6.125001,2.9710045,3.7433615,6.6299553,3.1978145,3.712497,3.3033473,2.0418792,6.3994656,8.348301,8.878132,11.442308,8.800154,9.379714,5.3316965,5.7533956
-119.25,1.6890908,1.3922727,1.4499999,2.2615385,2.4091256,2.574021,2.6863637,2.176948,2.5114286,3.2892854,2.4042854,3.1949997,8.005713,8.547527,8.429805,4.073182,3.7778568,7.527857,7.542857,5.492143,10.806429,12.734858,11.894857,1.6977143,0.78,0.12857142,1.4342856,3.3728573,4.12533,6.9341426,5.1220875,6.9786267,8.34445,9.516428,11.804999,16.278131,15.2311,21.550219,24.155691,27.964714,34.270096,40.17823,57.667603,48.326614,47.126373,50.23835,47.93069,70.852936,77.41597,30.128235,53.25213,40.980484,38.35988,41.649967,20.921856,21.644588,20.308453,16.890722,11.938386,19.635,16.01936,8.292323,2.8982859,2.972,2.4962857,4.2911983,13.81484,12.668285,6.928662,8.407252,7.835824,6.222088,5.311923,6.962307,7.2206388,5.721428,6.460289,5.649067,2.6778264,3.9281573,5.4304657,3.8433352,3.209484,5.167349,9.22229,6.956377,6.2521205,3.5944426,4.592118,3.9461813,4.2260003,6.054846,4.5333533,3.670588,8.120538,5.7658143,3.0059998
-119.15,1.06,1.6122727,1.3499999,2.0549998,1.9949999,2.154021,2.9976623,3.8267531,3.340714,5.3164287,4.6992855,3.739286,5.4192853,5.747143,6.6342854,4.4185715,9.265714,3.81,5.1707144,3.135,14.081714,11.117714,8.790241,7.532923,5.131813,1.152857,1.4075714,2.4557142,3.9921427,6.768955,7.2192855,5.3215384,6.385219,9.085382,12.235879,14.34,14.075869,13.248846,11.22511,20.192791,24.389833,42.206707,43.781372,37.068954,46.945496,52.582367,51.319176,72.89307,62.909695,28.554928,35.47282,32.66648,42.357594,35.173256,17.450045,11.6666975,5.9680605,9.526286,11.942714,11.270428,11.981428,6.240571,6.630143,4.227659,4.4135494,3.615941,7.623286,9.816088,8.126373,7.505186,7.99589,7.517857,3.9771428,8.763735,7.1245575,7.0406923,8.554734,9.167198,8.407235,2.8734584,5.395072,4.5630555,3.8400116,4.177744,3.3748355,3.5956402,6.800025,4.9532375,2.211802,1.8757471,3.2851427,0.9458461,1.821,5.157197,1.7313076,1.4526438,2.5964007
-119.05,1.02,1.4499999,0.98423076,1.5646152,1.4815385,2.2966783,2.5496852,1.5460489,2.845714,4.330714,3.7735715,3.5549998,4.427143,4.2514286,4.0585713,3.5442855,7.8599997,7.172143,3.6364284,3.465,2.0257144,4.089143,5.7539225,7.761318,5.389286,2.3935714,1.0628572,2.4364288,3.7339563,9.873813,9.94123,4.619176,6.1078024,4.784835,11.303823,19.719118,18.772087,15.7919445,13.654946,19.21879,23.661098,32.376263,34.77709,39.513462,56.313847,63.711727,52.288746,48.061287,36.631824,21.975147,20.367048,34.94608,37.96398,28.341774,14.257142,12.077889,8.249143,11.441,11.243286,8.927856,3.8474286,7.918791,8.711429,11.053845,8.225012,4.258143,8.472393,13.507231,9.669451,9.40545,9.03924,7.054436,6.1474614,5.8643956,6.40011,6.135604,8.613732,11.153052,6.3495092,4.352351,9.241999,8.453293,4.0833926,0.6975824,1.9431429,1.8058236,3.5222526,3.172868,4.156659,3.6105342,4.5137634,2.7184615,1.6320549,4.6351643,1.693846,1.9474595,11.873412
-118.95,1.254066,0.25153846,0.31384614,1.7861538,1.792972,1.6425524,1.3638461,2.2442307,2.9515383,4.8484616,4.035,3.565714,3.7521427,3.5421426,2.8692858,6.4907146,5.8178573,6.713571,0.6514286,0.6514286,0.7828571,4.062857,4.5021424,4.6203294,4.3822474,7.4132633,2.1417143,3.345,4.335,12.226054,8.492714,6.254,10.719065,10.296812,17.07099,18.20077,21.314999,19.52769,11.229889,22.21978,31.42302,38.576214,46.88372,42.48101,59.732822,69.33439,43.52667,33.359028,20.50861,25.21865,24.40923,28.680527,25.345144,21.116058,10.737229,6.378462,4.877714,8.404572,8.713142,3.853714,4.0714283,6.9756484,10.047088,13.560715,9.464857,5.762857,7.330844,9.281846,11.33512,11.219857,7.2048354,7.013348,5.462494,4.860879,5.3895383,8.825329,7.1875052,6.7821836,2.9543407,4.300879,5.390278,6.435443,5.419922,3.4699996,5.0995235,2.1984284,1.4558319,3.3650951,3.0059075,6.6401343,11.28652,3.7568066,2.220521,1.103168,2.5013485,2.844861,13.41478
-118.85,1.2171429,0.5723077,0.766993,1.3337412,2.115839,1.1757692,1.3926922,1.2853845,3.829615,1.2219231,3.2734613,2.0642307,1.1953845,1.187143,0.8185714,7.058571,3.6921427,3.3149998,0.37714285,0.37714285,0.8914285,1.0799999,2.5542858,3.1714945,2.2918842,1.277143,2.7937143,3.5965714,5.4299994,8.22167,9.460143,14.051143,22.268515,16.898863,18.821877,16.652143,18.884504,24.57643,21.987326,35.707214,35.34285,37.033813,56.445415,62.130787,54.256123,68.76602,44.938457,21.62005,23.554146,26.497774,20.57282,6.2032676,9.234984,13.205713,10.082461,6.403428,4.1975126,13.409143,9.498285,2.710735,9.734452,10.969846,7.616351,16.176702,4.4732857,4.502521,8.345285,4.7163277,6.917012,6.850945,6.6273627,4.827912,4.1322746,3.4101098,3.267692,8.506395,5.677131,4.197857,3.286813,5.216589,6.2319884,8.072436,5.4008427,3.4590807,5.1399555,3.9835715,1.6345713,2.449143,2.4724283,4.0433865,4.926429,2.4395711,3.0101426,1.2789495,1.4847058,3.1748464,4.770678
-118.75,2.0578458,2.6973777,3.0582168,1.0390909,0.8261538,2.083846,1.996154,3.7811537,4.193077,3.958846,1.1815385,1.4653846,0.47192308,0.76846147,2.0411537,4.245,7.174857,2.8799999,0.6171428,1.662857,1.5771428,1.92,2.1805713,1.8184614,1.5812087,1.2577142,2.3335714,3.6171427,2.8285713,7.386428,9.582857,9.458571,11.271428,18.475714,9.491428,10.508571,20.679287,18.645,13.662491,17.996445,20.333447,35.091465,35.55639,29.317303,30.089756,34.55928,44.85224,35.232944,32.32278,29.532475,16.887033,10.00491,8.083165,12.519384,8.411066,5.6746593,4.4205713,4.208,11.189714,5.606593,6.5926147,7.586808,6.403868,9.517826,5.2483954,6.061099,6.240088,4.3461847,4.735659,6.7923737,3.811049,10.643406,6.5406594,8.724147,9.16978,7.7452083,6.272637,4.9392858,2.9053295,4.115879,7.63801,5.056685,7.7648897,5.988498,5.675465,5.594366,3.4553843,4.464286,2.6645236,2.4242415,3.5942857,7.8074036,9.303292,2.6098092,2.3261735,4.4050922,5.9119835
-118.65,5.8892307,2.5246153,1.7576224,1.5089159,1.5588462,1.8473077,1.9003844,3.248077,3.1142309,4.8900003,3.1499999,2.0457692,0.797,2.3307693,1.3892306,3.3563075,5.415385,4.141154,1.7142859,1.7600001,1.542857,6.3257146,4.0664287,3.7836702,17.742817,2.4882467,2.1678572,4.04789,8.725714,7.884571,12.313141,11.789713,11.482142,16.396572,15.42,13.393715,23.692263,20.209053,20.8428,33.45681,26.094915,40.508453,43.24027,41.876457,44.14692,36.85672,33.014545,34.700092,26.174307,18.180063,5.623887,5.48,5.547868,6.2486153,8.345142,7.385692,3.4021099,4.4742856,10.88967,3.5876365,7.229831,4.438381,4.8188133,6.163516,3.673275,3.7300987,5.646857,3.6331427,4.0874944,13.566253,21.099197,7.5975714,8.569056,8.733999,7.5494504,4.986018,1.891978,5.0211225,5.7711906,6.978488,5.589867,3.6014652,3.8709226,6.478029,8.685622,5.3546515,5.8742857,6.8995237,3.177571,2.5902855,2.489874,7.4818687,7.5523205,7.828886,7.7715406,5.0051494,5.700899
-118.55,7.368461,8.809615,5.3003497,5.286923,4.224231,6.4075284,2.2637691,4.109692,2.7853847,3.6057692,2.8557131,1.7378461,2.946846,2.097692,1.4975383,3.6138463,6.3756924,7.0646157,3.636923,1.6615384,4.397714,4.234286,2.9287813,28.9649,10.302097,4.1715193,3.258945,4.5200114,5.0035715,9.932636,8.412857,8.590714,7.392857,20.26157,17.663725,18.995428,12.568,16.024,19.346483,34.506073,33.027332,37.406956,37.737965,33.22109,39.907913,44.856815,40.417484,23.009941,15.590668,5.338943,3.7811728,2.7108574,4.787429,5.184,4.4354286,7.556132,6.0114284,4.5759997,7.684571,6.323601,7.535418,3.480703,3.7312527,4.844308,4.0439234,6.36689,4.6445713,5.4855714,14.720868,19.140778,21.70532,7.1325703,7.636571,7.298285,6.5859556,3.185956,1.2992857,4.460971,3.3345962,4.496938,4.509469,3.4654875,7.382061,8.477779,9.262107,7.0711904,5.8998756,7.579417,3.2864816,3.6021426,2.990294,5.331195,9.2371645,7.9398804,9.810488,6.6085043,3.932471
-118.45,11.083845,10.95,6.365769,5.187692,5.9069366,3.6076155,2.3988461,2.4230769,3.6267693,11.22772,6.8903165,2.9393845,3.0206923,5.0556154,2.7115383,5.5946703,5.424901,1.5064615,0.923077,2.2457142,4.5735383,4.910769,3.0537968,25.470661,3.9908442,3.3247383,2.6752527,1.5643076,0.61485714,2.710857,3.0194287,2.1748571,4.5225015,9.534066,13.343999,8.691429,8.195429,5.708571,10.285714,25.952362,24.330647,25.13922,33.717285,39.52912,34.521214,42.716015,26.944473,14.7007675,10.379198,4.4900546,1.6857142,1.7017143,3.359912,6.7279997,5.8739343,7.5005717,4.850285,5.435428,5.9049673,7.6763954,6.515341,3.6694503,6.3185606,6.017494,5.959209,7.756747,7.7249994,5.9844284,7.715147,18.84429,13.962878,3.8414946,7.6685715,0.5028572,2.2835274,2.9352415,1.518542,0.7032857,2.983956,3.7236397,5.394396,6.599019,11.322462,11.194556,8.392161,7.8586373,6.3124356,5.0489955,7.877019,6.1742144,3.8018904,4.21437,8.296832,15.911862,13.643992,5.257965,5.3590612
-118.35,10.552107,10.996153,7.2173076,6.9957685,6.3865385,5.097231,2.4303076,2.7452307,5.178538,5.898395,4.880308,3.3636918,4.0135384,5.6024613,4.752,4.198154,3.721846,1.6615385,1.328,1.7723075,3.4654064,0.6276923,23.282211,53.44394,1.4744985,5.4225664,3.877292,3.9692903,0.61028564,1.1074284,1.7907143,3.3600001,2.185259,7.2205715,10.507427,13.582856,9.210421,6.822857,10.22022,13.577142,14.217901,20.186354,26.637857,37.719757,32.215748,37.31438,19.840473,10.973033,4.516428,2.406857,1.9339699,2.6473846,4.196967,9.899516,9.201141,8.835428,7.0119553,5.323428,3.2478242,5.1494503,4.8646154,5.185593,4.3403187,3.7671206,3.594901,9.722021,9.466715,8.392739,15.396396,11.483004,12.035937,6.7045636,4.968693,2.4009998,2.8449523,3.2652855,2.6350622,1.7496189,2.1060476,4.206923,5.009035,6.372795,10.875333,13.276717,7.577777,6.6680145,6.999201,5.060747,7.1585984,6.262868,4.1661005,5.317176,4.6907735,11.918498,13.901724,15.882444,12.328974
-118.25,11.292013,8.231674,6.762353,7.091402,8.376923,7.1801534,8.075076,5.8486156,6.9417686,5.0296154,2.3046153,2.310154,4.373077,7.6627693,4.973538,5.9803076,2.3261538,2.4504616,1.5323077,1.9015384,3.2190976,1.4215385,7.0409274,9.617664,3.2382598,1.8059624,4.085279,3.9928787,4.761758,2.5119998,5.327699,5.5813055,2.6757665,6.9405723,6.8022857,6.316571,12.086153,7.838417,9.997187,10.554286,11.820963,21.36457,22.816505,15.305998,13.97973,14.1851425,7.9146256,5.370428,2.9000752,6.04112,6.2675757,4.082857,5.427231,7.64712,8.822363,8.646857,7.6233845,6.2508135,3.3513844,5.400615,4.771165,5.2287474,3.3655052,2.4602199,2.6852968,6.322725,8.4502535,8.103234,7.085114,7.20941,7.0804462,10.218385,8.376488,4.4032383,5.78189,4.348637,1.893956,1.8411903,2.1939707,2.879095,7.4346185,7.015762,6.3319044,12.729811,14.48197,9.648174,5.351784,2.563378,2.0691175,4.118882,4.3015966,5.8852944,6.209806,6.036421,12.522373,16.86759,32.643875
-118.15,10.506108,12.218144,10.7711525,10.329231,7.5911527,8.054999,8.315538,9.730385,7.74,6.9611535,6.079615,2.8349998,6.125538,5.2393847,7.081846,6.7704616,2.9439998,3.9889233,2.0743735,2.5733314,4.6931314,3.0152965,5.5229707,2.8905232,7.1111264,10.217151,6.060601,4.9542584,3.2595534,9.650515,12.264191,5.1444917,0.39885712,4.3965716,2.3634286,6.059714,9.100923,13.285934,8.494286,6.9287796,13.320521,7.1960435,8.340582,13.508075,9.824714,7.3622856,5.3975716,5.3014283,7.5022554,5.6142855,7.881428,6.6525717,5.286857,5.608,6.008,4.024,11.619956,5.4679995,5.0360985,6.8387027,6.3272967,4.1634283,4.2878237,2.577143,2.5096264,4.4037075,7.27199,9.843159,8.8611965,4.3240695,5.7155128,5.088908,5.4325533,7.984674,6.53697,3.617714,5.70378,2.5145016,3.495857,3.1210804,3.6944761,6.8352365,4.4181213,14.525045,15.605854,11.666176,7.8312573,6.610594,2.6745558,5.029972,4.569988,4.8587832,7.5035505,11.867851,9.471405,16.454071,36.80651
-118.05,11.139999,12.510294,12.509321,10.230747,10.302624,9.862804,9.470769,9.845768,7.6569223,5.8430767,5.8430767,0.9196154,4.587846,5.183692,4.731077,10.781845,8.283132,4.074725,3.7327473,2.602787,5.173197,3.5004325,2.7378411,2.9113145,8.460165,19.434126,9.452927,5.8176727,2.2889938,7.118448,15.339827,13.277272,2.182857,1.6242855,2.0365713,1.9003847,7.932571,6.9257135,8.142857,5.19956,5.065148,4.382769,2.7147255,5.2971425,7.557714,7.1621428,7.6027136,8.285286,8.34,6.6792855,4.0714283,8.063571,5.108571,2.1942856,3.4217143,3.5588572,6.3097143,6.9251432,6.9044285,7.2099996,5.561142,4.7777476,3.555749,6.6000724,4.728088,5.453731,10.9466715,11.25048,8.266217,5.0058827,4.395004,6.776021,2.8117585,8.019561,10.689432,5.92819,8.288223,1.785238,1.869194,4.2451143,5.064888,8.5569315,8.352059,12.22389,15.730147,14.940309,8.982577,6.6082687,5.668838,6.0033712,9.909327,6.6617093,7.3346124,7.755407,10.542238,10.5138035,23.518812
-117.95,10.45,11.309999,11.365001,11.995,12.026539,11.533846,10.618846,8.704616,6.099231,5.9826922,5.8223076,0.84923077,2.315769,2.1726923,3.6011539,10.860691,7.3379993,7.7732964,2.2079668,2.1724834,7.836625,0.6522527,0.34269232,0.98324436,6.166262,15.105566,11.12908,5.6629767,3.0950222,1.8069232,6.030396,12.521912,7.7558174,5.74605,4.924593,3.9575276,5.2525053,2.988132,3.315165,5.30746,1.8527472,2.7915602,2.12,1.542857,3.0263734,3.42989,6.3085713,5.925,7.422857,4.92,5.262857,3.0342855,3.1714287,2.7085712,2.3474283,7.1657143,8.146142,7.247286,7.861285,7.0609074,6.555294,3.6482687,4.8964705,7.0718994,7.449781,7.627714,5.6443024,7.158016,7.7290163,5.632756,6.0587506,8.155619,6.070681,6.6403847,10.130993,9.790896,7.869798,3.5441737,2.5889468,7.8754187,7.743226,10.539067,13.899223,9.59569,7.6185346,11.097826,9.224138,7.302759,7.7680807,7.1551237,7.215987,8.757795,4.545683,4.859878,5.9865055,7.816477,19.854427
-117.85,6.345,10.09,10.185,11.370001,11.15,12.265,10.950001,8.4,7.174615,5.2788463,1.3373077,2.671154,2.7934613,1.8164614,1.7728461,3.8668458,8.2369995,8.299461,3.9100769,2.7580705,5.5803857,0.35885715,0.22500001,6.3113685,0.9348022,1.1721429,3.813669,5.0297227,8.114565,0.9951318,3.1467688,7.332132,13.87269,7.5238833,2.7343407,2.1540658,2.722857,1.8944118,1.6892307,2.5373185,1.8342857,2.841494,1.2971427,0.8742857,1.7156043,1.112967,3.0013185,8.165276,4.2514286,5.3142858,2.8457143,2.7942858,2.022857,3.462857,3.6514282,6.214857,8.532571,6.2342854,6.9074283,8.675495,6.185143,5.2170086,4.952403,5.036429,10.401495,9.809495,6.1332355,6.01163,10.547176,9.513545,9.708315,5.158414,5.4460073,5.9150476,13.006447,9.497432,8.803475,7.1619806,10.329724,9.421782,9.508033,13.084193,12.724418,12.457207,10.48495,11.310223,8.608071,6.649406,8.608662,8.556691,9.4090805,7.7054534,6.0337305,4.2835617,3.737588,5.4994135,12.293392
-117.75,8.455,7.24,6.1349998,8.714999,10.34,9.915,10.395001,9.045,8.45,3.983077,0.85730773,2.6526923,2.4126923,3.0626154,4.016077,3.436692,10.197923,5.8425384,5.7586923,7.498055,9.092971,0.7378571,1.9352856,16.887268,1.8213736,2.0200071,4.347976,13.8245535,15.627852,6.3415747,4.270231,5.871667,5.4043765,7.185547,1.3794396,0.018461538,1.1800549,1.4533516,1.7812086,0.5340659,1.2857143,2.0228572,0.37714285,0.13714285,0.28483516,1.4426372,1.6364834,2.0399997,3.9956043,7.778901,4.9834285,1.3885714,2.76,3.3771427,4.5485716,5.658285,5.070857,7.572571,7.2947893,9.88679,8.787293,6.749714,4.850622,3.0262856,6.062857,6.244571,6.326714,11.004236,18.015017,23.08448,12.181432,4.947267,2.778139,3.518976,7.369458,10.485654,7.8869734,7.2903023,8.353157,10.343785,10.192463,8.807079,11.574501,12.924781,14.49489,14.673204,13.169765,9.006992,10.336561,11.048847,15.574689,9.321135,7.4350805,4.947008,4.8377256,5.533049,4.1146903
-117.65,6.7949996,10.775,8.045,9.538462,11.634998,9.995,9.660001,8.035,1.405,4.0150003,2.5449998,3.3649998,3.12,3.941846,4.391,6.2831535,7.761923,6.6852307,7.400615,12.511479,6.4028306,0.6948571,0.39193922,10.957764,4.8928347,1.3926922,4.443356,8.881472,10.097904,7.140698,6.0547237,10.533058,4.252566,10.3045025,1.3968351,0.726956,3.308934,3.6942198,1.7809231,0.7495384,1.4914286,1.6559999,0.38057142,0.3942857,0.78461534,2.5020328,0.25978023,2.262857,3.2109885,5.406594,4.0127473,1.98989,1.8685714,2.6697142,5.152,4.4137144,5.545143,4.028571,5.1988564,5.0713277,8.170285,5.5371428,2.461378,3.4885373,4.3411427,5.4225707,6.547571,8.561857,13.478122,12.425837,8.114696,7.0341387,6.149011,3.095824,7.8751388,7.686349,5.331623,5.5651207,4.921162,7.856951,7.983599,8.571988,10.791242,12.286836,17.96286,11.130771,10.562983,9.943924,9.590541,11.562865,13.942218,13.682062,15.608018,6.7106586,5.975826,4.4114175,9.428826
-117.55,7.1299996,8.055,4.46,4.128462,9.309999,9.38,7.57,4.0299997,1.2889999,1.8529999,2.612,3.8009999,3.4120002,3.633,4.0656147,2.462769,4.466769,10.698539,15.332385,23.69578,8.107595,0.5865714,1.0314286,2.6634452,2.7682858,4.835967,9.539275,4.8717766,8.367079,1.6078459,3.9686482,13.345569,3.4207249,1.120879,1.2484908,0.9732967,2.9709854,2.4972308,0.3825934,0.24,0.9552527,1.0259341,0.5981538,1.6852746,1.347857,1.6417582,1.2290109,0.98109883,2.909011,5.667692,2.7774947,1.754989,2.2971427,2.9178133,3.2306814,6.1211424,5.541714,2.1942856,4.135033,3.5554285,6.296,5.062521,4.1768064,8.52,8.261572,6.0631423,7.832143,8.135428,8.743778,6.1105723,5.935476,6.8639536,8.9053335,8.284386,7.13069,8.16557,5.062388,5.844094,7.7730417,15.5734625,13.659028,9.133279,11.157143,13.884991,16.894783,11.349779,10.799484,13.569534,12.565008,10.795649,12.113765,13.825729,14.216262,13.941336,10.396406,5.322007,13.918003
-117.45,4.5199995,7.06,4.705,4.4349995,2.65,2.56,3.2659998,3.579,2.363,3.368,3.48,3.1759999,4.7448573,3.2519999,4.72023,0.6029999,3.5275383,3.86122,4.7743845,8.397634,7.4309125,1.5446374,2.4075603,2.4463496,2.6581802,5.5998287,3.5957556,3.1690195,6.372857,4.897912,3.1895602,3.0061867,7.345054,2.6864834,1.1268461,1.5487363,3.0671318,1.0239999,0.36914283,0.16499999,0.93484616,1.0722307,1.049967,1.0715933,0.56571424,0.6342857,0.6850989,1.7294945,1.5054066,2.353846,1.3701099,2.2997801,3.0443954,2.504703,4.0189886,2.9744177,10.995955,5.785143,3.790857,3.1497145,4.328,4.4342856,5.273571,8.28857,5.179285,4.965584,5.0204663,4.8348904,7.073344,7.4697556,6.458203,14.895605,13.241784,13.059826,9.675917,4.945823,3.9039636,6.599135,6.96612,8.291503,14.440464,12.328955,8.812455,10.0798,10.659347,11.8134985,12.210968,14.036261,14.773406,18.382627,13.534999,16.045366,18.461584,15.413344,13.258415,7.225736,16.816391
-117.35,4.47,2.7349997,3.0549996,3.07,1.875,1.229,1.4161428,1.469,1.6179999,3.9639997,3.2519999,4.2799997,4.1239996,2.9572306,1.9424615,0.55599993,0.5652747,1.576,1.530923,7.6405153,3.9261756,1.478956,2.6296923,2.021804,1.7055645,8.957139,1.8891764,2.7373345,4.143179,5.407778,5.047322,2.8603845,9.883043,4.9399447,4.398813,1.5297582,3.7103295,0.84747255,1.215912,0.57010984,1.0916923,1.0966153,0.83815384,0.3323077,1.0498462,1.366857,1.0685714,2.2594285,0.76685715,0.8294505,0.79999995,2.4248788,2.5792527,2.6373627,4.7394285,3.2792969,4.4068565,2.2483513,2.398681,0.73098904,2.0662858,4.356428,5.494285,4.6081576,3.912857,4.7310038,7.030164,9.752268,11.283495,7.109373,8.258203,6.9266343,4.4315124,5.2514873,7.2034163,5.232827,4.5473614,4.6315374,6.039115,4.490476,9.49357,10.207007,11.7598915,14.662128,15.791074,11.9356575,13.088285,15.856525,13.646523,16.467903,14.41757,16.407661,16.281649,17.52163,12.296949,10.292892,15.522251
-117.25,3.3500004,0.49499997,0.12,2.972,0.6999999,1.2989999,1.775,2.0749998,1.7049999,2.768,11.516,4.84,2.416,2.2521758,1.7191318,0.6953846,0.55142856,1.895,1.3928571,7.022208,4.265,1.1684505,0.7837362,1.4991318,2.386055,4.580142,2.0035934,1.0862637,4.0124173,4.7891703,2.9313624,4.22489,4.163725,4.4342747,1.76,0.75446147,1.9561317,0.6989011,1.8656594,0.7076044,1.3557801,0.95630765,0.40571427,0.17142856,0.8742857,2.1885715,1.1565715,2.110857,1.2304176,0.42945054,0.19516483,0.17802197,1.1732748,1.8237362,2.6685715,3.929143,4.9367027,3.5010104,1.3819779,2.2102745,2.7053957,3.334714,2.345857,3.794183,2.5192924,4.717311,4.7785325,7.705475,10.879239,4.903245,8.640687,5.9285426,4.506096,3.362022,6.9806166,6.2928457,6.1209717,5.3725677,4.5927396,6.0129967,8.9602995,9.807033,14.49035,10.6826105,15.166479,12.141412,13.181908,13.0999775,11.897048,15.523001,11.208904,7.781555,6.741382,14.421387,12.616018,10.421807,10.949698
-117.15,0.60999995,0.67999995,1.1999999,0.72999996,0.80499995,0.325,0.905,1.756,1.756,1.208,2.2080002,6.492,0.45846152,1.3818462,2.454857,0.49999997,0.39499998,0.78999996,2.2964287,7.436808,10.714221,0.8435714,0.5272857,1.1961317,1.236,2.3162856,2.297165,1.5802746,3.1000547,2.9309342,1.6174614,2.012132,3.5966592,2.6569672,0.8717692,0.7742307,0.9941099,1.6812308,0.9720439,0.5076923,1.204044,0.81503296,0.1542857,1.6228571,1.9257143,1.8708571,1.6940658,1.7097142,0.9085715,0.51630765,0.4648791,0.7905934,0.62971425,0.8260219,4.041143,3.224,2.4914286,1.7657144,1.4571427,1.7614284,0.93799996,1.6873277,2.1676638,2.5022967,1.6405025,1.4255462,5.524843,7.0936465,7.5925155,7.2865314,9.33933,7.672165,5.989531,7.9375634,9.7504635,5.8422184,3.9652433,6.039193,10.261131,1.8209971,4.514518,7.204363,10.846092,12.3127985,8.985883,11.075574,11.332348,14.04062,9.264912,9.608762,9.853317,4.85716,5.028451,5.160389,9.67044,11.328874,8.678305
-117.05,1.12,1.13,1.29,1.17,0.60999995,0.27999997,1.7749999,3.172,2.508,1.3239999,0.784,0.449,0.229,0.56,0.68799996,0.98,0.82000005,0.85499996,1.6849998,1.7709999,1.2174395,1.6071429,1.643,1.3157142,0.047999997,1.8211428,1.9315934,3.0345821,2.9210684,2.4,2.112,2.3533187,1.6751647,2.3221097,0.38399997,1.0857142,1.0190768,0.9341538,0.648,0.7691428,0.08571428,0.37714285,0.68,1.9828571,2.336,3.4285717,1.735912,2.1860218,2.2662857,1.2838681,1.0018461,0.7252747,0.8472967,1.0640879,3.4548569,3.887912,2.2632968,3.2421427,2.0262854,1.7211428,1.282084,0.8354286,1.4510924,1.6642017,2.0637982,2.72,5.538622,4.7411094,7.5793614,7.710655,7.4929433,9.1163435,13.274282,14.335256,7.2521,4.6518316,4.4566717,6.2780957,10.301511,6.012862,2.6548796,4.3694787,7.082842,6.6057615,5.9383082,6.7843475,10.004572,14.608199,8.727485,15.49761,6.0548606,4.715337,2.787351,5.0845785,6.139491,7.4863043,5.8467574
-116.95,2.3999999,1.2509999,2.5059998,0.45,0.528,0.225,0.45076925,5.0600004,4.772,4.8719997,2.08,0.548,1.03,1.3416264,1.191,0.825,1.7500001,3.902,0.53526115,1.481,0.39742857,1.5773077,1.6438235,1.0369998,0.14971428,2.1772857,2.2171428,4.3980246,2.663033,2.1451426,2.1119998,3.552615,2.326154,3.5064614,2.1563077,0.25582418,1.2342856,0.8742857,0.48,0.08571428,0.39428568,0.44571427,1.2457143,2.1897142,2.872,2.8892307,2.5713406,0.9977143,1.1497142,1.6632967,0.99859333,0.89854944,1.711824,1.0495824,1.5519121,1.8685715,4.600951,4.1340504,3.6643362,4.4198318,1.1130083,0.754084,2.2802687,2.2319326,1.5934789,1.601546,3.254252,5.8288403,5.886252,4.1312265,2.5553923,7.484897,14.496388,15.866913,7.210039,6.5516186,13.496476,6.9755983,9.796762,6.5290976,5.5275307,2.3577142,4.6824613,9.779838,6.8607616,7.6117725,12.154179,13.279254,18.500011,14.050929,7.517143,3.5189052,2.5314288,6.4111576,5.969461,8.433922,9.262616
-116.85,1.1945055,3.1999998,2.375,0.678,1.292,1.2720001,0.5531428,0.356,5.1919994,2.304,0.74799997,0.44399998,0.03,0.11,1.336,1.402,4.5671763,5.983,1.16,0.6971428,0.031999998,0.285,0.0,0.195,0.5284945,1.7982857,1.0098022,7.2361836,2.9847913,2.016,1.9149889,2.662769,2.3580658,2.7876923,1.6457143,0.5485714,0.70285714,0.93257135,0.8125714,0.6251429,0.5588571,0.336,0.44457138,1.6285715,1.4708571,2.672,0.93116486,1.1531428,1.5605273,1.1314286,1.4911647,2.0173187,1.3352966,1.0015384,1.3241757,1.4022857,2.814,4.593897,6.423209,3.1133442,0.6958656,1.6466553,1.1117983,2.4765043,1.7474959,2.0824873,4.3291426,5.35805,4.3197308,1.9429916,1.8498151,4.335538,9.032459,13.816024,3.4050415,12.883319,13.597116,8.925128,9.095212,12.303181,8.768849,3.6761029,3.6060953,12.478768,11.2511635,7.6682787,10.320703,12.66549,12.809843,14.091791,5.463154,3.6371799,5.538788,3.1379108,6.715416,10.1648445,10.067753
-116.75,0.98835164,3.1799998,0.645,1.925,1.415,2.772,2.1999998,0.5759999,5.518597,1.264,0.79200006,0.42399997,0.74399996,0.19999999,0.832,0.967,2.0170002,2.7199998,1.0407143,0.79499996,0.915,0.855,0.8249999,0.08,0.27199998,1.8885714,0.98057145,2.2092986,3.1939776,2.3999999,3.840835,3.560769,3.2752528,2.6924834,0.48,0.56,0.40914285,1.4791428,1.5771428,1.1222857,1.0441427,1.6377143,2.6697142,0.6125714,0.79885715,1.6462857,0.72395605,0.99314284,1.0434285,1.2845714,1.3560439,1.2691867,1.2977583,2.0287912,2.046857,0.19714285,2.543813,2.3962307,3.6700659,2.6605713,1.6495713,0.7164286,0.99294114,0.5975126,1.381378,1.3562353,3.6385882,3.4132435,2.1332436,2.5427394,5.437773,10.666806,8.877772,5.9501934,4.366125,2.642479,10.950571,3.3401062,5.827615,8.011517,6.7887797,3.951227,7.348773,7.9356956,11.719063,7.378667,6.3856664,8.598216,6.7082157,13.807985,5.425105,4.5041122,5.3635163,5.697965,5.106208,7.9479055,8.166065
-116.65,2.5392308,2.3636153,0.7,1.285,2.75,4.81,4.896,2.6242352,1.8167033,0.664,0.88,1.0289999,1.1782856,0.5538461,1.3399999,2.2399998,1.5459999,0.27499998,0.67099994,0.74757147,1.5728571,1.0902858,0.8959999,0.66057146,0.5570239,3.0242684,1.744,1.8426813,1.6076045,2.8223736,4.344756,3.561642,1.5483406,0.30892307,0.0,0.78,0.95128566,1.8408571,1.7891427,0.88414276,0.37714285,0.73828566,0.28114283,0.5428571,0.6285714,2.446857,0.8861538,0.20342855,0.8377143,1.1919999,1.7885712,2.0537143,2.162857,1.9822857,1.0948571,1.176,0.80414283,1.6238571,3.3102198,3.2543294,2.172,0.6685714,1.0910925,1.1147718,0.3297479,0.842689,2.7503192,2.3470304,2.6525884,4.920857,3.578649,12.42053,7.151529,5.7585964,5.3393035,3.115714,2.0315237,3.5833333,3.3872015,5.814305,3.521619,5.0980473,7.8267136,6.1899996,10.139891,6.810428,8.056741,7.7404804,6.6435914,7.176423,2.2961345,4.770365,5.1769166,7.015675,6.1236024,6.4806113,8.261499
-116.55,0.31636366,0.068571426,2.1399999,3.185,2.1399999,4.1450005,2.5500002,3.1871426,1.575,0.099999994,0.19999999,0.42,2.601,2.1200001,0.732,4.469714,2.6021757,2.5436046,1.6864285,1.6080879,2.4862418,1.6565378,1.0822856,0.7838656,0.8000001,1.588923,1.6968958,1.4013455,1.6073847,1.654857,3.5936704,1.7707692,0.3825714,1.878182,0.81299996,1.097846,4.2532744,4.0824285,1.5657142,0.8517142,1.1507143,0.9302857,0.47914284,0.22857141,0.8742857,1.7485714,1.1657143,0.46285713,0.40914282,1.8685713,1.7804284,1.1385714,1.7325714,1.3611429,0.4575824,0.44291204,2.1754065,2.0395384,2.8826373,3.3018131,3.4481866,0.9342857,0.9771428,1.0071428,0.6131764,1.5356721,0.94615966,0.89115965,1.0137143,4.1759186,7.354159,7.8037195,3.6006663,4.989809,5.7536664,2.4721427,4.7100477,4.772095,1.8192856,4.5977073,3.976277,3.9312859,4.7799997,4.3074284,11.005238,8.3512125,9.035558,6.8764696,8.163354,10.337618,11.603834,7.240691,5.441571,3.9698572,9.092176,8.895349,9.357214
-116.45,2.0589151,4.24012,3.1361427,2.2992857,2.455,2.665,2.3235714,3.7944286,0.67499995,0.97999996,0.0,0.53,0.478,0.35999998,0.355,1.951923,2.97522,1.9853514,1.6205715,1.008,1.184,1.0239999,0.84799993,1.552,0.8914285,0.89599997,1.0412307,0.95876914,1.3105055,0.91492206,2.553077,0.8612747,1.0618461,0.778,0.99785715,5.2861533,5.182769,4.3637695,1.7293075,1.2519339,1.1571428,0.82799995,0.45142862,0.4548571,0.942857,1.1828572,0.66742855,0.54742855,0.34681317,1.8537911,2.7483954,1.2595165,1.01389,2.1381977,0.5578022,0.3797802,1.2171428,3.4535272,3.1653292,2.0310988,1.5326374,1.1170878,2.4326704,2.3135934,1.4077141,1.744,0.7864285,0.7557647,2.0236385,3.8749523,2.7111204,3.079381,3.103095,4.766285,5.5338573,5.3592854,4.4773183,4.27919,2.567227,3.2981136,3.0008972,3.3561616,4.9836187,3.980616,6.915428,4.341711,9.285011,12.4180565,11.377257,14.080774,13.992391,7.276052,10.602108,4.5132504,5.7378564,11.325729,10.945063
-116.35,7.971921,11.3516865,5.052711,4.2351794,3.3504543,0.06428571,0.03,0.114999995,0.6235714,0.0,0.0,0.044999998,0.06,0.03,0.285,0.683923,1.1108571,0.709,1.2891428,0.97599995,0.928,0.91199994,1.12,1.4399999,0.063999996,0.047999997,0.103384614,0.055384614,0.100923076,0.45169234,3.470835,1.696,2.2412307,2.3987694,1.3219999,5.2961535,4.8873844,6.135385,0.915956,1.7853187,0.71340656,0.77097803,1.4765713,0.30637363,0.81028557,0.75059336,1.1348572,1.1271209,0.44109887,1.5323077,2.6113405,2.3448021,1.2286704,0.66567034,0.5634285,1.4645385,3.5067582,2.927,2.5564284,3.2170987,1.2970989,0.69857144,1.2685714,1.2192856,1.2598901,1.3822857,0.55728567,1.2443781,1.3653781,4.8406663,2.953238,4.4065237,4.7133336,5.682381,5.8457766,6.4571795,5.7421536,3.757568,4.420044,2.2805898,3.1109374,5.1468296,8.267445,6.2069154,8.23242,6.577436,16.5481,18.113638,18.75416,20.344017,18.75839,7.0883827,13.937753,5.528457,8.0369005,8.328706,7.996964
-116.25,2.3630283,4.48302,2.9275584,3.1225247,0.6109091,0.67636365,1.4503765,0.95785713,0.044999998,0.055,0.13,0.06,0.044999998,0.0,0.496,2.559791,2.0885603,1.1443516,0.5818901,0.928,0.96,0.7839999,1.632,1.8719999,0.08,0.08,0.047999997,1.3587692,0.44799998,0.144,1.9396923,2.5452306,1.7907693,1.7415384,1.9987693,3.491692,5.0952086,5.3832083,3.3131428,0.1956044,0.33810988,0.6346373,1.4756043,0.18215385,0.22171427,0.38373625,1.6654944,1.0041758,1.1357143,1.3532747,2.4069448,3.1986043,0.9611867,1.348945,1.9279888,1.2762308,2.8856483,2.724956,3.4154503,3.8537474,1.8728571,1.4006703,1.4729998,1.4877142,0.89285713,0.9342857,0.75294113,0.9583193,1.2189076,2.6878822,4.8415713,6.11619,3.405128,4.907282,8.214125,4.572718,2.843399,1.356923,1.8774506,2.1003077,1.8429596,2.2890258,5.563326,6.4805894,8.691809,9.264027,14.045331,16.908117,12.487737,11.535602,18.69168,11.690877,8.481824,8.892693,10.1628685,12.103045,11.227017
-116.15,2.9378343,1.0935134,1.1222727,0.30545455,0.0,0.67636365,0.67636365,0.06428571,0.03,0.16499999,0.044999998,0.06,0.047999997,0.09599999,0.6445275,9.153,1.2167912,0.21371427,0.5041758,0.015999999,0.015999999,0.38399997,0.063999996,0.063999996,0.063999996,0.062142856,0.6252307,0.9427692,1.058,0.21292308,0.33499998,1.6147692,2.1747692,1.7415384,2.208,1.4289231,2.4822857,3.3302858,6.4615383,2.8022857,0.78057134,1.0239999,0.23674724,0.2973187,0.9496263,0.71076924,1.0232967,1.0448902,0.7106044,0.8580659,1.7638351,2.0429013,1.638033,2.1893625,1.2532966,0.46646154,0.43374723,3.0848901,6.306263,2.092923,0.85928565,2.2348459,2.4530988,0.5807142,0.5556302,0.9423193,1.2398603,1.380168,3.9973109,3.5482974,5.073277,4.2847214,2.0045714,3.1803658,2.7556517,3.4561903,2.4776368,1.69162,2.4089122,2.2554138,2.8748646,3.4928691,8.591959,7.069333,7.277949,10.2286415,12.508051,16.71759,10.544876,9.782548,21.179596,21.56392,9.414824,11.642164,12.310374,13.466649,12.023432
-116.05,5.1653314,2.6467662,2.7102673,0.017142856,0.0,0.0,0.0,0.087272726,0.0,0.14999999,0.17599998,0.144,0.047999997,0.107999995,7.2268066,12.871556,1.4195113,0.24123076,0.034461536,0.0,0.015999999,0.41599998,0.015999999,0.0,0.24685714,1.8203076,0.65723073,1.2147691,0.928,0.50092304,1.0449231,1.3611429,1.28,2.5193846,2.0692747,0.900923,1.888,2.904067,3.1782854,3.1485715,2.6102858,1.2651429,0.6973187,0.24817581,0.33652747,0.51578015,1.0496703,1.7105054,0.8147802,0.7564286,1.9697802,1.4164286,1.8636042,2.8991427,1.6938902,0.6578571,1.0455494,2.0260549,3.1523077,1.2311538,3.0806153,2.1423297,2.1707563,0.6331428,0.7556043,0.78803355,1.4696573,2.539294,2.7917414,1.8072858,3.5177143,1.2487143,1.1812747,1.2124286,1.4801428,1.6348991,2.9612856,4.158588,1.7919289,3.1564279,6.427414,9.3292055,11.752864,7.1005707,6.669586,10.324729,13.103959,14.691681,14.854239,15.831226,18.264484,16.553022,16.908579,16.010826,11.61782,15.279964,19.548775
-115.95,2.5579488,1.345665,1.1194285,0.2677143,0.14999999,0.047142856,0.0,0.0,0.0,0.16,0.22545454,0.12799999,0.06981818,0.93247557,0.54399997,0.3924706,0.16,0.031999998,0.050461538,0.0,0.96,0.576,0.015999999,0.47384614,1.0283957,2.536879,2.009846,0.99199986,3.257143,2.6664615,1.0704641,1.4768353,2.832,2.8209229,3.4697144,1.1725714,0.79745054,1.0919559,2.5140219,2.8925714,2.2764835,1.1165713,0.11828571,0.5091868,0.2393846,1.3946372,2.5119998,1.6687473,1.2174945,0.7388132,1.1962088,1.452934,2.3189008,3.1559339,1.7266483,1.4744614,0.6888791,2.4267583,2.1752858,1.1565714,2.8505237,3.396411,1.6647912,3.0150328,1.6488792,1.3261099,2.667714,3.2353077,5.5195713,3.1714282,2.6792855,1.1428132,1.1455824,1.5628572,1.5897142,2.0747142,3.6905239,4.2933073,5.0562344,7.25737,6.9564395,6.4168577,8.142428,6.3120003,11.582154,10.514377,13.0285015,14.563313,15.965784,17.235723,17.691673,18.515556,18.17242,13.348853,16.729836,15.824353,10.070347
-115.85,0.13714285,3.932033,1.8647802,1.3917143,2.809629,0.0,0.0,0.0,0.0,0.0,0.0,0.22399999,0.124,0.42738461,0.352,0.16,0.16,0.031999998,0.063999996,0.047999997,0.11199999,0.8959999,0.20799999,1.0719999,0.45995605,0.9316923,3.027692,3.8910768,4.707516,2.255824,1.2363076,1.5561317,2.1748571,3.2342858,2.0994284,0.7828572,1.088,1.4166232,1.1942858,0.6708571,1.2736843,1.2708571,1.1542857,2.7405713,1.4148571,1.304,1.6834285,2.5933187,2.604747,2.5925276,0.98769236,1.5192087,1.8751647,3.086769,2.9012747,0.6896703,0.12,1.8133627,1.547835,1.8791537,1.3720402,1.2315603,2.501466,3.1204064,2.7054944,2.1041427,2.8363023,4.8226814,5.8995714,3.6278572,1.65,2.368022,2.2222838,1.2663295,2.9580436,2.7717142,2.8712416,3.7454956,2.6149414,3.5803149,3.2552967,3.276033,3.8072417,4.6466813,15.505745,10.813173,12.658419,12.610616,17.67912,18.700943,17.149738,16.72237,15.309999,14.596312,16.819527,16.504198,6.4971933
-115.75,0.41241756,0.46285713,0.4235294,0.1835294,0.23495798,0.0,0.0,0.0,0.0,0.0,0.22399999,0.22399999,0.7708571,0.22514285,0.22799999,0.067999996,0.16,0.031999998,0.676,0.047999997,0.2153846,0.5353846,0.68799996,1.2639999,0.592,3.5655382,1.4719999,0.37046152,1.0628572,2.3444395,1.8640001,1.2274287,1.4548571,2.7085714,3.2114289,0.5942857,1.3017062,1.9199998,4.084571,3.0080001,1.4309553,3.4559999,2.692923,4.3753843,1.3033845,0.6285714,0.65459335,2.9039998,2.6034286,1.5268571,0.9577143,0.91428566,1.9507692,2.4845712,2.3766153,0.9784615,0.80357134,0.712934,2.4231098,0.7057142,0.619,0.7608791,3.5656376,2.2914286,0.92064834,1.383,2.2411425,3.169714,2.7138574,4.2433615,1.6864285,1.2631007,1.6874944,1.4885604,3.8219156,5.344462,3.1994689,3.8999882,2.5179935,2.4043956,3.6499522,1.8820074,3.5271392,4.049564,12.087537,12.749104,13.81758,13.028998,13.933411,18.452156,14.894865,19.994143,19.476858,13.993856,16.098967,15.293033,6.421008
-115.65,1.3329451,0.20684874,0.2635714,0.435,0.435,0.0,0.0,0.67399997,0.22399999,0.19199999,0.22399999,0.51199996,0.39999998,0.22399999,0.22799999,0.047999997,0.047999997,0.43257144,2.3230987,0.78671426,0.07714286,0.46000004,1.4925715,2.234857,2.3155053,0.736,0.7569231,0.11428571,1.5005715,1.5291429,0.42171428,0.4182857,1.1142857,0.9577142,3.2365713,0.6994285,1.6274287,2.5794287,10.573712,9.824,1.2708331,1.8685713,3.0034285,5.0959997,3.5074284,3.2571428,4.0281315,1.9241318,2.0395606,1.6472087,0.62285715,1.5259778,3.1694064,3.4674282,1.542857,0.6685714,2.1074286,1.5082856,2.9334066,1.437857,0.068571426,0.068571426,2.7323074,1.0585715,0.81642854,0.9758571,1.7045714,1.8364288,3.6593406,2.2916353,1.4914286,1.4656806,2.6870484,3.2800152,4.7400007,6.337602,3.2453446,6.0994782,4.8852153,6.8718123,9.0112705,7.0675607,6.4929285,5.5571775,8.514108,9.114352,13.090347,10.488914,11.398532,16.780153,31.781185,19.323471,20.769285,13.248978,11.50622,8.918582,6.4734282
-115.55,0.017142856,1.1974674,0.9022628,0.69807696,0.40499997,0.435,0.79499996,0.67399997,0.28399998,0.19199999,0.0,0.031999998,0.19199999,0.031999998,0.19199999,0.047999997,0.20914285,1.8698791,0.686,0.32400003,0.24,0.33599997,0.09599999,1.237647,1.5571427,0.60800004,0.75314283,1.3657144,1.2660167,1.4422857,0.30742854,0.576,1.2171428,0.83542854,0.4662857,1.3542857,1.3759999,1.2171428,3.4297142,2.8354285,1.2542417,0.6445714,2.622857,1.1291428,3.8559995,0.23771428,0.46276924,1.4914286,2.678857,2.1363516,1.5600001,2.7226372,3.9885714,2.1542857,0.7542857,0.94285715,1.1085714,1.9542857,2.5885713,1.7549999,1.6092857,0.4585714,0.8681319,2.8114283,2.4652748,1.5065933,2.7685711,2.9164286,2.7702858,2.6456041,0.8914286,1.240879,2.6265752,5.0065184,4.6552014,7.0144577,7.215188,6.068285,7.459073,10.688531,14.749022,9.131308,13.666622,7.3183517,8.712842,11.970017,6.9072223,10.170894,9.872917,19.504051,29.105532,28.311415,8.6049,12.139988,11.691807,6.1745934,2.5265713
-115.45,1.8115711,2.3324287,9.582527,0.47307694,0.074999996,0.35999998,0.615,0.615,0.727,0.232,0.35999998,0.05142857,0.12799999,0.031999998,0.031999998,0.20299998,0.32,0.35714287,1.5767143,0.30400002,0.22399998,0.11,0.20699999,0.59799993,1.0781428,1.0959998,1.548647,3.7922945,1.688,1.6,0.3257143,0.18857142,0.9771428,1.5942857,0.34285712,1.2079121,0.70285714,0.4217143,0.18057142,0.42400002,1.4029889,0.99613184,1.950022,5.284092,5.020428,1.8171281,0.37714285,0.7885714,2.0845714,0.9771429,0.6356044,2.1169229,2.9039998,2.3304617,1.7199998,1.3154285,1.2834285,1.2605715,4.906286,0.7874285,2.097143,1.1292857,3.3569746,3.7192857,1.5661428,1.5931427,1.5609999,1.9189243,2.654588,1.1364706,1.0910923,0.8930787,2.9639244,5.2165265,6.484614,6.6721845,4.70141,9.138475,5.922461,6.025055,9.582256,13.8046255,17.73982,10.903191,4.6007257,6.100188,7.9480495,10.80935,11.646273,19.532677,29.309599,20.322332,8.993286,10.467664,13.002684,5.688077,1.9841878
-115.35,0.068571426,1.0,0.6162857,0.089999996,0.074999996,0.48000002,0.44,0.57,0.325,0.145,2.855,0.11,0.12799999,0.031999998,0.031999998,0.19199999,0.61899996,0.23699999,0.015999999,0.015999999,1.3114285,0.12799999,0.7987692,0.39999998,1.168,1.2457143,1.1949999,2.692143,2.9604394,2.2404397,0.43780223,0.21230768,0.0,0.3085714,0.034285713,0.12,0.5485714,0.36,0.12,0.25599998,0.43542856,1.3571868,5.1129665,3.7540216,5.4521904,2.155857,0.18514284,0.6674285,0.7782857,0.95085716,1.0027252,2.3753846,3.107077,2.7142856,1.0765715,3.7999997,3.7622857,0.46514285,1.8994285,1.2971429,1.2148571,1.3897142,1.8217143,2.5870044,1.1812437,1.9900503,1.790521,1.7845377,3.540302,2.6862185,1.1985546,2.4273643,3.1045375,4.102124,6.862207,7.9261107,7.7225785,7.6175823,8.819574,5.871707,7.25386,17.158049,17.766163,12.319436,5.760403,4.9011655,4.8999634,6.752916,16.646862,17.633602,12.303564,22.96792,8.445602,11.471817,11.448629,5.1650767,2.126
-115.25,0.068571426,0.0,0.0,0.0,0.24,0.74999994,1.12,1.4599999,0.63,1.0669999,1.459,0.29999998,0.0,0.047999997,0.09599999,0.08,0.79199994,0.16,0.1513846,1.3199999,0.91305494,3.0410547,2.0434725,0.9831688,0.6514286,1.1845707,1.78596,2.25563,2.4470587,2.1221428,1.7555494,0.78571427,0.3876923,0.11076923,0.152,0.12,1.4399999,0.5131428,0.05142857,0.42742854,1.0994285,1.6777143,4.0770326,5.7075715,3.1931431,6.3605714,5.217143,1.4685713,1.6537142,1.2868571,1.6125712,1.7203516,3.080088,3.202813,1.0754286,3.6822855,1.3805715,0.7691428,1.1291428,0.6194286,0.5782857,0.592,1.0925714,0.89528567,0.62542856,0.9969747,0.6293109,0.67099154,3.137277,4.0036635,3.0411093,2.1091428,3.416235,1.9470475,3.6537583,5.4795456,8.01345,5.6989303,4.6377873,3.9721904,3.190857,10.454666,18.765469,15.441851,8.899484,7.5150585,5.332414,8.249568,12.807663,7.37028,6.906385,10.284295,11.35391,10.563786,10.993495,7.2095385,1.7309998
-115.15,0.03,0.06,0.37442857,0.044999998,0.22999999,0.295,0.92499995,0.94,0.03,0.945,0.59999996,0.576,0.0,0.047999997,0.05142857,0.15896103,0.05142857,0.46356043,0.18483517,3.43637,0.56799996,1.3753846,3.9281836,0.7757362,1.0036715,1.5761249,2.0149908,3.2695203,6.1468363,0.8823528,1.94521,2.4114285,0.46857142,0.0,0.12,1.3542857,0.6,0.45942858,0.0,0.1542857,0.49028572,4.423208,3.3828568,10.677714,8.726856,5.257143,9.634285,8.697143,6.2479997,2.7965713,3.2137141,3.321143,1.964923,2.2102854,1.6034285,0.50857145,0.87165934,0.8395604,1.1420219,0.6377142,0.408,0.40071428,0.19371428,0.38971424,1.1681428,0.87828565,0.91599995,2.2914286,2.7267227,2.9788573,1.4295238,2.691238,3.2337286,3.200381,4.717744,5.246403,7.0645857,7.4210258,5.3741064,2.4761903,3.4611425,4.942872,6.5764723,8.343018,10.597521,12.43448,9.925187,4.8611727,5.117538,6.225154,13.891304,13.832741,9.354154,7.679,9.892846,8.482513,6.5700765
-115.05,0.03,0.12,0.21000001,0.25,0.07714286,0.33200002,0.832,0.788,0.288,0.063999996,0.8000001,0.16,0.044999998,0.0,0.12,0.6828571,0.108571425,0.33999997,0.22399999,0.92285717,0.9302521,3.689435,3.4245276,3.204967,1.0232966,2.2209249,2.0070956,2.131232,4.9994955,2.3937814,3.068067,2.2485714,2.130165,0.047999997,0.17199999,0.0,0.0,0.57942855,0.25485712,0.18171427,1.0697142,3.09767,5.11767,12.419428,4.8194284,5.7462864,8.418285,15.748572,13.478856,7.1702857,6.2788568,3.502857,4.847824,4.1009226,1.9074286,0.64342856,0.5515715,0.70657134,0.8535714,0.95242846,0.54428566,0.6578571,0.2772857,0.26442856,1.4277142,1.3659999,0.4210769,0.7022197,2.133016,0.7442491,1.273304,0.7957509,0.75733334,0.66209525,1.5721904,5.534285,11.432849,11.279311,5.4605713,3.1167617,2.2229998,2.6028864,4.331476,7.2670946,8.641996,9.169941,11.904963,9.651516,14.43923,17.31741,16.472784,15.215561,11.807804,11.360451,9.144231,10.717253,13.642328
-114.95,0.032142855,0.0,0.22399999,0.208,0.39200002,0.9070929,0.368,0.38399997,0.063999996,0.0,0.0,0.43714285,0.3365714,0.8605275,1.2911906,0.20799999,0.0,0.28399998,1.8399999,0.25599998,0.21199998,1.8392856,5.0072823,3.1115603,1.92,1.433872,0.669916,0.34184873,3.9257143,3.6074724,4.8726153,4.1028185,8.031968,0.34338462,0.5695385,0.06,0.47884613,0.3323077,0.22285712,3.5039997,1.424,2.862923,2.786461,4.2879996,4.8479996,6.431999,15.395429,14.063999,16.482286,8.597714,6.634285,3.1074286,2.4194283,3.0137143,2.2457142,1.568,1.4507142,0.86914283,1.0150219,1.2644285,0.5422857,0.24923077,0.08492307,0.15184616,1.0826592,1.9123845,0.6079793,0.52365613,0.6485223,0.9587589,0.27361345,0.30095237,0.262521,0.6620953,1.7453333,4.749143,11.443142,11.62738,4.243238,3.7238092,2.7081904,3.1983297,5.747956,4.790945,7.4377,11.373465,12.600572,14.420025,16.29682,15.422915,16.125355,11.279491,10.2576275,11.205132,11.106434,10.626341,18.18604
-114.85,0.0,0.017142856,0.54514277,0.45942855,2.1811647,1.3571429,0.368,0.0,0.0,0.0,0.0,0.04235294,1.2823529,1.0599229,0.464,0.099999994,0.0,1.26,2.6759999,3.8,0.063999996,0.70514286,2.690949,1.1627692,3.1211429,1.7119329,2.2394464,1.1278552,1.3458759,5.982769,5.4633846,4.6190767,10.436396,2.239,3.3714285,0.60923076,0.59307694,3.8514287,4.407067,4.526883,1.2857143,2.79,3.1360002,4.48,4.528,4.3999996,13.472,13.087999,9.106285,6.3831425,4.8380003,4.477,3.5279999,4.370461,3.5517144,2.410769,1.2759999,1.1246483,0.98391205,1.2514286,0.68723077,1.3447692,0.06646153,0.13338462,1.347563,2.464592,1.2198112,1.5949243,1.191276,1.1539831,1.9085041,2.2516303,0.30521008,1.2219048,1.1489522,2.9525938,5.087,6.906048,2.688,3.4826667,4.8998203,7.9418316,5.2145195,5.646348,7.9965124,10.661542,13.790191,17.993837,16.355707,13.932979,8.746971,9.948235,8.875119,7.8610234,9.106982,8.514117,18.618212
-114.75,0.0,0.176,0.19199999,0.968,0.73257136,3.9991498,0.0,0.09599999,0.0,0.0,0.0,0.56,4.567651,1.2903775,2.1795657,0.099999994,1.064,1.176,1.1999999,1.3199999,0.692,0.68114275,1.068,0.31599998,2.2407272,1.6999999,2.2465935,2.6516385,0.41911763,0.67499995,0.22276923,5.18523,19.40969,7.8756914,2.0283074,3.6171427,3.9599998,2.4674284,3.4434285,4.9709888,2.9440181,1.744,1.6548572,2.208,5.1839995,3.552,8.736,4.816,9.311999,6.132428,3.5168462,4.0249233,1.9540219,3.078297,2.6623406,1.5483844,2.0225384,1.8280771,1.4515274,1.994077,1.2019999,1.2626922,0.26218486,0.28285712,2.2143865,3.2965713,1.719832,0.83596635,0.8011764,2.027294,2.689849,1.6398319,1.5469244,1.4786555,1.7837646,1.096762,2.7026227,3.557304,1.8079562,2.2801356,4.633187,8.526754,3.5253334,4.131077,8.847938,8.41941,13.080586,17.96856,11.396469,8.497864,8.32585,10.611929,9.874529,9.700674,4.7144313,6.2500577,13.667991
-114.65,0.0,0.0,0.08984615,0.063999996,0.22628571,0.08,0.111999996,0.544,0.5748571,0.0,0.0,1.4356364,0.5924705,1.1836199,0.54847056,0.0,1.7434285,1.912,0.50799996,0.76,1.4,0.956,0.801,0.48000002,0.14999999,1.9799999,0.42000002,0.5849999,0.26192307,0.8030769,0.6646154,5.113846,7.075384,2.8392859,3.3149998,2.4514284,0.41142857,5.3999996,6.428571,7.54945,2.9671977,2.6194286,2.312,6.324571,6.944,7.3449993,5.503999,7.024,6.3519993,2.2670002,2.355,2.7619998,1.915066,2.4420877,4.0315714,3.0771427,5.515,3.6892858,1.612,2.2107143,0.3897143,1.189523,1.24,0.46184874,0.605647,0.86517644,0.21247059,0.8583529,1.3790588,3.8067484,1.5432942,1.0562352,0.3077311,1.0493108,1.4157311,0.065142855,0.28,0.58361906,0.8429011,1.7112381,4.505934,4.889831,1.9273332,4.778809,5.991202,10.638524,10.370176,16.271938,9.023268,4.909561,6.5450544,10.147713,12.761258,11.2827835,5.7932878,4.2396803,12.2701
-114.55,0.0,0.047999997,0.13714285,0.0,0.0,0.017142856,0.08,1.136,1.3085715,0.9885715,1.0138181,1.0647273,0.43199998,0.32470587,1.0635294,0.8592857,1.7862856,2.059731,1.28,0.0,2.116,1.5699999,0.0,0.03,0.0,0.97999996,0.26653844,0.2726923,1.145,2.030769,1.2385714,3.3621426,3.9192853,5.505953,6.9007583,5.1333513,1.2857143,4.9371424,5.464735,9.494506,5.802857,1.92,1.9839997,4.8319993,8.870857,8.913571,5.1899996,7.713,9.673385,3.2399998,2.52,2.019,2.956,2.666,3.454,3.919,4.599428,4.3385715,2.216181,1.9428313,1.536998,0.22813186,0.028235294,1.1377116,0.801042,0.20285714,0.28285712,0.33599997,0.70117646,1.5435294,1.2529411,1.1767058,1.6125715,0.8611428,0.8138461,0.4237983,0.46184874,0.5902857,0.3257143,0.14521009,2.7561903,5.2104764,5.082857,4.5410476,5.131304,7.446435,11.248253,9.849901,5.185327,4.2757516,9.275852,12.129716,13.528319,12.820831,8.0568075,5.2873907,11.367207
-114.45,0.0,0.0,0.049142852,0.017142856,0.018461538,0.068571426,0.0,0.20799999,1.8845713,2.096714,3.1977143,1.699013,2.919,0.124,0.465,0.51199996,2.388,2.36,1.6494958,1.0474706,0.37411764,0.96,0.79999995,0.0,1.1157691,1.2011538,0.60923076,3.0314283,5.352142,1.5257144,0.8428571,1.9216666,2.414714,7.0429735,7.2050457,4.3759007,2.4834285,2.0057142,6.651428,2.8799999,3.0514288,1.6114286,1.7657143,4.777,4.0239997,6.3454285,6.842,6.537,3.4869998,5.374,5.055,6.058,5.694857,3.3912857,2.546,2.9414725,5.8211555,1.5339729,1.3724525,1.9386786,1.5497557,0.27630252,1.0134454,0.9977143,0.39294118,0.2710924,0.34521005,0.24285711,0.516,1.4194957,0.082352936,0.59942853,1.2854066,0.6057143,0.6246386,0.9678991,1.5159664,0.46487394,0.5485714,1.1402521,2.087395,3.5191941,5.325128,4.3673625,2.8432965,8.302179,12.637436,10.262049,9.453587,6.8126187,10.034147,12.049803,15.566272,15.613232,13.228144,11.424328,12.965127
-114.35,0.0,0.38065934,0.11771428,0.05142857,0.10074724,0.12263736,0.0,0.992,3.0990767,3.682857,4.0982857,3.1689997,2.688,0.39699998,0.5487273,0.92902666,2.3161764,1.1863636,1.1836363,1.415294,3.6057465,0.94,0.78,0.03,0.375,0.49714285,0.92142844,2.8642855,3.8349998,0.8035714,0.78914285,1.5738094,1.3900548,5.6188927,7.69415,7.572847,6.4605713,8.432143,4.9186816,1.8171427,3.0342858,1.0457143,1.4914286,3.4724612,4.8640003,4.6540003,6.1369996,7.523999,7.9634285,4.005,6.0480003,10.455,8.882998,3.4425492,2.6203213,3.4493115,4.188936,1.831095,1.1596742,1.1557647,0.6468054,0.5547563,1.1931764,0.61435294,1.433084,1.5372857,0.12799999,0.02,0.076,0.7423529,0.7480672,3.4432967,1.8037362,0.86571425,1.4234285,2.7926154,1.062521,0.6576082,1.1648352,1.7777376,2.0685263,4.6298127,3.9942083,4.247362,3.0770695,9.747563,10.213205,12.145053,9.123388,9.394249,9.994035,11.615639,16.845526,20.063576,14.370043,11.0965605,16.581535
-114.25,0.0,0.31384614,0.92030764,0.018461538,0.3862088,1.3802352,0.22799999,1.3920001,1.3759999,2.7039998,3.3279998,3.2036922,2.1360672,0.57,0.7227273,1.7759358,1.272754,1.1427273,1.3272994,1.3517647,1.8652941,1.915,0.46615386,2.58,2.8071425,1.0692856,1.5085713,2.142857,3.575714,1.6692857,2.9378572,0.3866667,0.9113736,4.621978,5.5153556,6.827597,6.0299997,7.6701093,10.527638,8.622857,3.9351425,2.44,2.5528462,1.3553076,2.3254616,1.6759999,4.572,5.855242,4.687,4.028,5.3890004,10.917001,3.016,5.4854336,2.2577376,5.732511,8.097081,1.6089683,0.9073484,0.5515294,1.7777815,1.1459159,1.0399327,1.1152353,0.9082354,0.9727142,0.031999998,0.24,1.3771429,0.7618487,0.16,2.9742417,2.0156043,0.98145056,0.58953846,1.7376155,1.1903265,0.71694887,0.9646154,1.2868907,3.247941,7.542136,5.7856236,6.799266,3.0164447,9.734449,7.065161,10.667233,12.961887,9.685517,10.521654,12.35403,18.979837,16.657066,11.390614,9.113032,16.068668
-114.15,0.12230769,1.2560439,0.073846154,0.21892306,0.2671493,0.08703297,0.08571428,1.56,2.1279998,3.8879995,3.168,2.73,1.9949999,1.5123528,1.4699999,1.7418449,2.076417,1.3695722,1.4880481,2.5676792,1.7488235,4.531339,2.851846,2.8996153,4.1136265,3.5551977,0.7457143,1.5085715,0.45642856,1.3457143,0.73285705,1.4914285,1.1106594,3.7585585,3.6686742,3.4171066,5.744,6.987,13.139952,17.94868,5.0359225,2.1431756,3.2703846,1.9683076,3.4279997,3.909,1.8244615,3.9739227,5.1523848,7.599,5.2714286,6.3829556,3.974714,5.214571,3.6021428,6.3692985,8.371833,2.0087736,3.1474705,0.7555883,0.56973106,0.8532353,1.319773,1.1728404,0.89500004,0.125,0.4176923,0.25199997,1.9417143,1.7718823,1.3981175,2.4370701,2.2904608,0.8891428,1.1033846,0.32,0.08,0.9492308,0.45428568,1.645455,1.4097893,6.561111,6.7439947,3.949751,3.9098125,7.382249,7.649143,9.880162,11.305915,8.6175785,13.856387,12.035436,15.825694,13.161959,8.098846,10.150631,12.075049
-114.05,0.16269231,1.5853846,0.11884615,0.0,0.055384614,0.05142857,0.08571428,0.5314286,2.064,3.44,2.985,2.0249999,1.7073529,1.4399999,1.7099999,2.61,3.3173263,1.8959358,1.9266577,1.7107466,2.7080903,4.072466,4.190081,4.0521536,5.004584,5.2442307,1.8942857,3.1628573,1.7397144,0.31471428,1.5707144,0.63214284,2.4214284,1.5741757,1.634868,4.28663,2.462,7.7073073,13.796,16.509512,8.065,1.6612308,2.743,3.2303846,4.436,3.5899997,2.9169998,6.326,4.8,5.3849998,9.032143,4.4335713,8.045,9.759429,6.9331427,3.707637,7.4261427,3.5981932,4.0945883,1.3025953,0.15705882,1.4075565,0.99902713,1.3158417,0.53090495,0.60219777,0.5337362,0.02,2.2884743,1.4010861,2.46581,3.116323,2.5790224,1.3524576,1.9255383,0.13104072,1.0714285,1.1857142,1.1154286,1.3547801,1.3143108,1.9562663,2.0277226,6.7334065,2.5361214,6.5122294,6.981155,10.529616,10.430752,4.9920297,8.691774,11.860237,16.892511,15.4897,10.417681,11.129392,13.278088
