latitude,longitude,bright_ti4,scan,track,acq_date,acq_time,satellite,instrument,confidence,version,bright_ti5,frp,daynight,type
40.8227,-114.25701,308.3,0.4,0.45,2023-09-01,905,N,VIIRS,n,2,291.04,0.97,N,2
41.0755,-114.71896,328.49,0.43,0.46,2023-09-01,905,N,VIIRS,n,2,280.73,3.03,N,0
41.82209,-123.95897,299.33,0.65,0.73,2023-09-01,905,N,VIIRS,n,2,268.89,3.58,N,0
42.24128,-114.30195,324.23,0.42,0.45,2023-09-01,905,N,VIIRS,n,2,285.13,1.67,N,0
42.24271,-114.31822,309.24,0.42,0.45,2023-09-01,905,N,VIIRS,n,2,286.91,1.25,N,0
42.24548,-114.30136,309.89,0.42,0.45,2023-09-01,905,N,VIIRS,n,2,283.89,0.52,N,0
42.2493,-114.34473,295.72,0.42,0.46,2023-09-01,905,N,VIIRS,n,2,285.06,1.46,N,0
37.71291,-120.7462,298.46,0.41,0.61,2023-09-01,906,N,VIIRS,n,2,287.7,0.23,N,0
38.01606,-122.11519,298.93,0.49,0.65,2023-09-01,906,N,VIIRS,n,2,286.68,1.17,N,2
38.07148,-122.14153,305.38,0.5,0.65,2023-09-01,906,N,VIIRS,n,2,287.74,1.4,N,2
38.07228,-122.14026,304.62,0.5,0.65,2023-09-01,906,N,VIIRS,n,2,287.77,1.65,N,2
34.15113,-118.19508,298.52,0.55,0.51,2023-09-01,907,N,VIIRS,n,2,287.4,0.58,N,2
34.3368,-118.52087,301.25,0.58,0.52,2023-09-01,907,N,VIIRS,n,2,287.89,0.82,N,2
34.43023,-118.64285,298.5,0.59,0.53,2023-09-01,907,N,VIIRS,n,2,288.0,0.92,N,0
35.59543,-119.73532,303.25,0.35,0.57,2023-09-01,907,N,VIIRS,n,2,291.83,5.17,N,0
35.59594,-119.74313,367.0,0.35,0.57,2023-09-01,907,N,VIIRS,h,2,297.64,5.43,N,0
35.5962,-119.74702,305.07,0.35,0.57,2023-09-01,907,N,VIIRS,n,2,287.94,5.43,N,0
35.60122,-119.74261,355.2,0.35,0.57,2023-09-01,907,N,VIIRS,n,2,302.94,5.43,N,0
36.5319,-118.62651,298.46,0.62,0.54,2023-09-01,907,N,VIIRS,n,2,287.59,1.85,N,0
36.53197,-118.62734,299.49,0.62,0.54,2023-09-01,907,N,VIIRS,n,2,287.31,1.61,N,0
36.53265,-118.63746,303.76,0.62,0.54,2023-09-01,907,N,VIIRS,n,2,287.17,1.61,N,0
36.53267,-118.63675,304.17,0.62,0.54,2023-09-01,907,N,VIIRS,n,2,287.59,2.4,N,0
36.53764,-118.63683,303.46,0.62,0.54,2023-09-01,907,N,VIIRS,n,2,286.32,1.61,N,0
36.53766,-118.63615,305.63,0.62,0.54,2023-09-01,907,N,VIIRS,n,2,286.27,1.86,N,0
37.04874,-120.03959,310.37,0.37,0.58,2023-09-01,907,N,VIIRS,n,2,287.53,0.61,N,0
37.05002,-120.04182,299.99,0.37,0.58,2023-09-01,907,N,VIIRS,n,2,287.27,0.85,N,0
37.09912,-119.2714,299.14,0.34,0.56,2023-09-01,907,N,VIIRS,n,2,285.24,0.33,N,0
32.8566,-117.1496,302.25,0.46,0.47,2023-09-01,908,N,VIIRS,n,2,288.38,0.77,N,2
33.61237,-117.8255,303.27,0.52,0.5,2023-09-01,908,N,VIIRS,n,2,287.14,0.82,N,0
41.52335,-123.69175,300.51,0.48,0.48,2023-09-01,1046,N,VIIRS,n,2,269.88,1.33,N,0
41.52468,-123.69735,303.84,0.48,0.48,2023-09-01,1046,N,VIIRS,n,2,276.6,1.33,N,0
41.54541,-123.70551,315.98,0.48,0.48,2023-09-01,1046,N,VIIRS,n,2,277.53,2.46,N,0
41.5462,-123.69308,319.97,0.48,0.48,2023-09-01,1046,N,VIIRS,n,2,280.34,3.54,N,0
41.54732,-123.69365,331.1,0.48,0.48,2023-09-01,1046,N,VIIRS,n,2,281.18,4.2,N,0
41.54753,-123.69861,338.5,0.48,0.48,2023-09-01,1046,N,VIIRS,n,2,282.98,3.54,N,0
41.54858,-123.69901,340.64,0.48,0.48,2023-09-01,1046,N,VIIRS,n,2,283.49,4.54,N,0
41.54871,-123.7035,325.24,0.48,0.48,2023-09-01,1046,N,VIIRS,n,2,281.99,4.55,N,0
41.54971,-123.7038,308.39,0.48,0.48,2023-09-01,1046,N,VIIRS,n,2,280.53,4.54,N,0
41.55053,-123.69149,300.7,0.48,0.48,2023-09-01,1046,N,VIIRS,n,2,278.4,3.54,N,0
41.61605,-123.57049,297.28,0.49,0.48,2023-09-01,1046,N,VIIRS,n,2,253.06,1.88,N,0
41.82204,-123.81367,297.04,0.47,0.48,2023-09-01,1046,N,VIIRS,n,2,284.58,1.2,N,0
41.84283,-123.7639,297.73,0.47,0.48,2023-09-01,1046,N,VIIRS,n,2,283.7,1.1,N,0
41.84678,-123.76088,298.31,0.47,0.48,2023-09-01,1046,N,VIIRS,n,2,283.88,1.1,N,0
41.84835,-123.76752,304.05,0.47,0.48,2023-09-01,1046,N,VIIRS,n,2,284.11,1.1,N,0
41.85221,-123.76411,301.48,0.47,0.48,2023-09-01,1046,N,VIIRS,n,2,284.46,1.49,N,0
41.88577,-123.76823,313.0,0.47,0.48,2023-09-01,1046,N,VIIRS,n,2,284.5,2.17,N,0
41.88987,-123.76585,297.05,0.47,0.48,2023-09-01,1046,N,VIIRS,n,2,284.66,1.33,N,0
41.89266,-123.95575,306.24,0.46,0.47,2023-09-01,1046,N,VIIRS,n,2,285.4,1.21,N,0
41.89378,-123.96052,295.14,0.46,0.47,2023-09-01,1046,N,VIIRS,n,2,284.73,1.21,N,0
35.59408,-119.74317,319.69,0.54,0.68,2023-09-01,1047,N,VIIRS,n,2,289.67,3.08,N,0
35.59576,-119.74906,300.54,0.54,0.68,2023-09-01,1047,N,VIIRS,n,2,287.99,2.78,N,0
35.5959,-119.73517,302.3,0.54,0.68,2023-09-01,1047,N,VIIRS,n,2,291.25,3.05,N,0
35.59763,-119.74104,367.0,0.54,0.68,2023-09-01,1047,N,VIIRS,h,2,297.49,8.86,N,0
35.59934,-119.74693,318.06,0.54,0.68,2023-09-01,1047,N,VIIRS,n,2,288.79,8.86,N,0
35.60003,-119.74042,352.91,0.54,0.68,2023-09-01,1047,N,VIIRS,n,2,296.1,9.81,N,0
35.60171,-119.74632,316.74,0.54,0.68,2023-09-01,1047,N,VIIRS,n,2,289.18,8.7,N,0
36.52731,-118.6237,316.49,0.59,0.7,2023-09-01,1047,N,VIIRS,n,2,286.01,4.74,N,0
36.52839,-118.62727,324.12,0.59,0.7,2023-09-01,1047,N,VIIRS,n,2,286.97,3.65,N,0
36.52954,-118.63111,300.52,0.59,0.7,2023-09-01,1047,N,VIIRS,n,2,285.52,3.65,N,0
36.53574,-118.62852,300.8,0.59,0.7,2023-09-01,1047,N,VIIRS,n,2,285.01,3.01,N,0
36.53707,-118.63294,334.59,0.59,0.7,2023-09-01,1047,N,VIIRS,n,2,286.61,6.28,N,0
37.88209,-121.18698,298.59,0.4,0.6,2023-09-01,1047,N,VIIRS,n,2,285.84,0.22,N,2
37.95039,-122.40053,300.54,0.34,0.56,2023-09-01,1047,N,VIIRS,n,2,287.11,1.12,N,2
38.01487,-122.11243,296.64,0.35,0.57,2023-09-01,1047,N,VIIRS,n,2,283.9,0.5,N,2
38.07205,-122.13777,303.56,0.35,0.57,2023-09-01,1047,N,VIIRS,n,2,288.08,1.3,N,2
34.33547,-118.51984,297.16,0.68,0.74,2023-09-01,1048,N,VIIRS,n,2,286.18,0.58,N,2
32.47061,-116.75079,331.94,0.4,0.44,2023-09-01,2026,N,VIIRS,n,2,299.05,1.76,D,0
32.59656,-115.15807,367.0,0.5,0.41,2023-09-01,2026,N,VIIRS,h,2,296.37,32.65,D,0
35.59881,-119.74554,342.83,0.49,0.49,2023-09-01,2027,N,VIIRS,l,2,316.09,15.78,D,0
35.6,-119.74023,355.54,0.49,0.49,2023-09-01,2027,N,VIIRS,n,2,325.4,15.78,D,0
42.03796,-123.78417,325.49,0.56,0.51,2023-09-01,2029,N,VIIRS,n,2,285.54,9.48,D,0
42.04238,-123.76658,346.72,0.56,0.51,2023-09-01,2029,N,VIIRS,n,2,294.32,101.11,D,0
42.04283,-123.78488,331.11,0.56,0.51,2023-09-01,2029,N,VIIRS,n,2,281.02,9.48,D,0
42.04724,-123.76732,335.57,0.56,0.51,2023-09-01,2029,N,VIIRS,n,2,293.03,101.11,D,0
42.05207,-123.76817,350.17,0.56,0.51,2023-09-01,2029,N,VIIRS,n,2,291.91,9.58,D,0
34.60911,-117.33723,302.43,0.47,0.64,2023-09-02,848,N,VIIRS,n,2,286.86,2.34,N,0
37.4546,-121.92973,301.11,0.42,0.46,2023-09-02,1028,N,VIIRS,n,2,285.37,1.08,N,2
34.62132,-117.10168,302.46,0.45,0.63,2023-09-02,1029,N,VIIRS,n,2,285.16,1.31,N,0
35.59713,-119.73615,301.17,0.61,0.53,2023-09-02,1029,N,VIIRS,n,2,287.89,8.2,N,0
35.59874,-119.74277,351.36,0.61,0.53,2023-09-02,1029,N,VIIRS,n,2,291.11,8.2,N,0
35.60349,-119.74095,303.79,0.61,0.53,2023-09-02,1029,N,VIIRS,n,2,285.45,8.2,N,0
35.59718,-119.74424,367.0,0.44,0.63,2023-09-02,2008,N,VIIRS,h,2,300.59,16.14,D,0
35.59846,-119.73952,367.0,0.44,0.63,2023-09-02,2008,N,VIIRS,h,2,304.55,18.09,D,0
35.59974,-119.73484,367.0,0.44,0.63,2023-09-02,2008,N,VIIRS,h,2,299.67,18.09,D,0
38.49147,-121.99085,343.03,0.48,0.65,2023-09-02,2009,N,VIIRS,n,2,293.97,9.64,D,0
32.41123,-114.89759,333.24,0.78,0.78,2023-09-02,2148,N,VIIRS,n,2,289.94,3.77,D,0
35.5961,-119.74113,367.0,0.43,0.62,2023-09-02,2149,N,VIIRS,h,2,302.52,9.37,D,0
35.59635,-119.73612,339.83,0.43,0.62,2023-09-02,2149,N,VIIRS,n,2,296.65,9.37,D,0
35.60189,-119.74146,335.88,0.43,0.62,2023-09-02,2149,N,VIIRS,n,2,297.34,4.28,D,0
39.65556,-121.88741,367.0,0.36,0.57,2023-09-02,2150,N,VIIRS,h,2,299.69,4.74,D,0
39.66089,-121.88788,333.9,0.36,0.57,2023-09-02,2150,N,VIIRS,n,2,301.33,4.74,D,0
39.78527,-121.92028,333.75,0.36,0.57,2023-09-02,2150,N,VIIRS,n,2,301.92,2.9,D,0
40.8224,-114.25804,305.58,0.5,0.49,2023-09-03,1008,N,VIIRS,n,2,285.13,1.94,N,2
40.82374,-114.25681,304.99,0.5,0.49,2023-09-03,1008,N,VIIRS,n,2,284.99,1.45,N,2
41.54765,-123.69666,297.55,0.39,0.36,2023-09-03,1008,N,VIIRS,n,2,279.83,1.17,N,0
38.16196,-122.5647,296.85,0.39,0.37,2023-09-03,1009,N,VIIRS,n,2,285.25,0.31,N,0
38.30223,-122.74786,299.34,0.39,0.36,2023-09-03,1009,N,VIIRS,n,2,283.66,0.57,N,0
39.4912,-119.61959,295.82,0.46,0.39,2023-09-03,1009,N,VIIRS,n,2,281.99,0.79,N,0
39.61937,-119.26394,303.77,0.47,0.4,2023-09-03,1009,N,VIIRS,n,2,285.81,1.24,N,0
40.73671,-122.32251,302.73,0.39,0.36,2023-09-03,1009,N,VIIRS,n,2,285.29,0.82,N,2
34.60941,-117.33429,301.13,0.48,0.48,2023-09-03,1010,N,VIIRS,n,2,290.53,0.84,N,0
34.62067,-117.10385,302.05,0.49,0.49,2023-09-03,1010,N,VIIRS,n,2,289.69,2.44,N,0
35.55335,-115.47174,340.48,0.47,0.64,2023-09-03,1949,N,VIIRS,n,2,300.39,2.37,D,0
35.575,-115.4851,346.67,0.47,0.64,2023-09-03,1949,N,VIIRS,n,2,300.83,4.28,D,0
35.57699,-115.48025,335.09,0.41,0.6,2023-09-03,2130,N,VIIRS,n,2,299.86,4.48,D,0
37.4713,-120.9163,340.97,0.43,0.46,2023-09-03,2130,N,VIIRS,n,2,294.25,3.04,D,0
38.48059,-121.85104,367.0,0.39,0.44,2023-09-03,2131,N,VIIRS,h,2,308.54,13.91,D,0
38.48421,-121.85622,337.85,0.39,0.44,2023-09-03,2131,N,VIIRS,n,2,302.49,6.45,D,0
38.48466,-121.85167,367.0,0.39,0.44,2023-09-03,2131,N,VIIRS,h,2,303.86,6.45,D,0
38.60642,-121.82734,341.46,0.4,0.44,2023-09-03,2131,N,VIIRS,n,2,305.02,4.35,D,0
38.60687,-121.82274,339.32,0.4,0.44,2023-09-03,2131,N,VIIRS,n,2,306.11,4.35,D,0
38.60941,-121.82674,342.74,0.4,0.44,2023-09-03,2131,N,VIIRS,n,2,307.15,6.57,D,0
37.88207,-121.18465,311.15,0.4,0.37,2023-09-04,950,N,VIIRS,n,2,286.5,0.8,N,2
37.94407,-122.39355,304.69,0.43,0.38,2023-09-04,950,N,VIIRS,n,2,289.41,1.41,N,2
38.00214,-121.93469,301.82,0.42,0.37,2023-09-04,950,N,VIIRS,n,2,286.63,0.84,N,2
38.01521,-122.11365,306.77,0.42,0.38,2023-09-04,950,N,VIIRS,n,2,291.82,1.57,N,2
38.16,-122.56461,302.46,0.44,0.38,2023-09-04,950,N,VIIRS,n,2,285.8,0.72,N,0
38.21379,-121.98375,298.09,0.42,0.38,2023-09-04,950,N,VIIRS,n,2,286.98,0.44,N,2
38.30102,-122.74827,296.72,0.44,0.39,2023-09-04,950,N,VIIRS,n,2,285.6,0.48,N,2
39.61992,-119.26476,299.83,0.38,0.36,2023-09-04,950,N,VIIRS,n,2,282.86,0.82,N,0
41.54821,-123.69502,312.46,0.52,0.42,2023-09-04,950,N,VIIRS,n,2,281.45,1.74,N,0
33.49144,-117.61745,297.87,0.44,0.38,2023-09-04,951,N,VIIRS,n,2,287.24,0.52,N,0
33.61224,-117.82285,304.68,0.43,0.38,2023-09-04,951,N,VIIRS,n,2,287.48,0.65,N,0
33.79338,-118.35116,300.15,0.41,0.37,2023-09-04,951,N,VIIRS,n,2,288.1,0.23,N,0
33.82001,-118.24458,306.12,0.41,0.37,2023-09-04,951,N,VIIRS,n,2,293.03,1.41,N,2
33.85349,-118.33322,308.06,0.41,0.37,2023-09-04,951,N,VIIRS,n,2,293.83,1.23,N,0
34.03492,-118.10567,309.05,0.42,0.37,2023-09-04,951,N,VIIRS,n,2,288.56,0.6,N,0
34.04145,-117.82146,300.16,0.42,0.38,2023-09-04,951,N,VIIRS,n,2,287.58,0.63,N,2
34.11482,-117.92336,303.26,0.42,0.38,2023-09-04,951,N,VIIRS,n,2,288.96,0.62,N,2
34.15264,-118.1951,317.98,0.41,0.37,2023-09-04,951,N,VIIRS,n,2,287.14,1.07,N,2
34.24165,-118.37962,300.71,0.41,0.37,2023-09-04,951,N,VIIRS,n,2,287.06,0.37,N,0
34.29004,-118.80233,317.17,0.4,0.37,2023-09-04,951,N,VIIRS,n,2,287.03,1.33,N,2
34.318,-118.51364,296.59,0.4,0.37,2023-09-04,951,N,VIIRS,n,2,285.75,0.23,N,0
34.32136,-118.51284,299.8,0.4,0.37,2023-09-04,951,N,VIIRS,n,2,285.5,0.21,N,0
34.33297,-118.51907,308.18,0.4,0.37,2023-09-04,951,N,VIIRS,n,2,286.07,1.04,N,2
34.33635,-118.51825,295.93,0.4,0.37,2023-09-04,951,N,VIIRS,n,2,285.9,0.43,N,2
34.35576,-116.85426,298.38,0.45,0.39,2023-09-04,951,N,VIIRS,n,2,287.35,0.41,N,0
34.40158,-118.9998,299.45,0.4,0.37,2023-09-04,951,N,VIIRS,n,2,287.07,0.44,N,0
34.42805,-118.64407,299.63,0.4,0.37,2023-09-04,951,N,VIIRS,n,2,285.92,0.48,N,0
34.4314,-118.64326,301.6,0.4,0.37,2023-09-04,951,N,VIIRS,n,2,286.68,0.48,N,0
34.56814,-118.15446,296.06,0.41,0.37,2023-09-04,951,N,VIIRS,n,2,285.12,0.18,N,0
34.60638,-117.3378,304.23,0.43,0.38,2023-09-04,951,N,VIIRS,n,2,288.47,1.54,N,0
34.62096,-117.10081,322.02,0.44,0.38,2023-09-04,951,N,VIIRS,n,2,290.46,2.59,N,0
35.02989,-118.31631,298.18,0.4,0.37,2023-09-04,951,N,VIIRS,n,2,286.81,0.41,N,0
35.59865,-119.74125,345.41,0.38,0.36,2023-09-04,951,N,VIIRS,n,2,297.73,5.99,N,0
35.60195,-119.74046,300.84,0.38,0.36,2023-09-04,951,N,VIIRS,n,2,289.3,0.63,N,0
36.04987,-119.33071,332.55,0.39,0.36,2023-09-04,951,N,VIIRS,n,2,288.32,3.81,N,0
36.39568,-120.36635,304.38,0.39,0.36,2023-09-04,951,N,VIIRS,n,2,287.98,0.6,N,0
36.55999,-119.50644,296.96,0.38,0.36,2023-09-04,951,N,VIIRS,n,2,286.58,0.3,N,0
37.18375,-121.67805,299.72,0.41,0.37,2023-09-04,951,N,VIIRS,n,2,286.5,0.44,N,0
37.18398,-121.68035,300.36,0.4,0.37,2023-09-04,951,N,VIIRS,n,2,286.81,0.75,N,0
32.36965,-117.06615,300.02,0.47,0.4,2023-09-04,952,N,VIIRS,n,2,289.64,1.37,N,0
32.85602,-117.14589,304.47,0.46,0.39,2023-09-04,952,N,VIIRS,n,2,286.33,0.57,N,0
32.85623,-117.14854,303.21,0.46,0.39,2023-09-04,952,N,VIIRS,n,2,286.97,0.64,N,2
32.28668,-115.15205,342.84,0.42,0.45,2023-09-04,2110,N,VIIRS,n,2,311.74,5.96,D,0
32.28699,-115.14939,344.46,0.42,0.45,2023-09-04,2110,N,VIIRS,n,2,311.98,2.7,D,0
32.29118,-115.14996,345.84,0.42,0.45,2023-09-04,2110,N,VIIRS,n,2,313.35,1.74,D,0
32.41055,-114.89854,344.67,0.44,0.46,2023-09-04,2110,N,VIIRS,l,2,316.21,29.38,D,0
32.53479,-114.92178,343.98,0.44,0.46,2023-09-04,2110,N,VIIRS,n,2,317.81,12.49,D,0
32.53906,-114.92236,367.0,0.44,0.46,2023-09-04,2110,N,VIIRS,h,2,320.25,27.96,D,0
33.0283,-115.4186,349.7,0.42,0.45,2023-09-04,2110,N,VIIRS,l,2,320.85,11.74,D,0
33.03247,-115.41919,367.0,0.42,0.45,2023-09-04,2110,N,VIIRS,l,2,330.86,146.98,D,0
35.59812,-119.74006,349.11,0.43,0.38,2023-09-04,2111,N,VIIRS,n,2,315.79,6.2,D,0
35.6016,-119.74072,343.75,0.43,0.38,2023-09-04,2111,N,VIIRS,l,2,315.75,5.09,D,0
37.55402,-121.07973,330.29,0.41,0.37,2023-09-04,2112,N,VIIRS,n,2,300.39,1.22,D,0
38.48097,-121.85216,339.23,0.4,0.37,2023-09-04,2112,N,VIIRS,l,2,311.16,8.71,D,0
38.4837,-121.85744,352.14,0.4,0.37,2023-09-04,2112,N,VIIRS,n,2,313.19,8.71,D,0
38.48903,-121.99416,335.47,0.4,0.37,2023-09-04,2112,N,VIIRS,l,2,310.16,4.81,D,0
38.50325,-121.94134,338.09,0.4,0.37,2023-09-04,2112,N,VIIRS,l,2,309.53,5.63,D,0
38.51665,-121.94435,338.67,0.4,0.37,2023-09-04,2112,N,VIIRS,n,2,305.05,1.44,D,0
38.53255,-121.85429,338.12,0.4,0.37,2023-09-04,2112,N,VIIRS,n,2,307.73,3.3,D,0
42.7832,-114.76134,304.7,0.4,0.37,2023-09-05,930,N,VIIRS,n,2,281.96,0.72,N,0
40.78605,-119.20247,313.81,0.52,0.42,2023-09-05,931,N,VIIRS,n,2,282.19,1.85,N,0
40.78921,-119.1955,310.7,0.52,0.42,2023-09-05,931,N,VIIRS,n,2,281.6,1.85,N,0
40.82084,-114.25464,299.76,0.39,0.36,2023-09-05,931,N,VIIRS,n,2,282.67,0.43,N,2
34.11388,-117.92395,305.74,0.41,0.37,2023-09-05,932,N,VIIRS,n,2,290.28,0.66,N,2
34.15442,-118.1946,315.65,0.42,0.37,2023-09-05,932,N,VIIRS,n,2,288.73,1.21,N,2
34.24353,-118.38225,301.58,0.42,0.38,2023-09-05,932,N,VIIRS,n,2,288.23,0.52,N,2
34.29255,-118.80129,308.78,0.43,0.38,2023-09-05,932,N,VIIRS,n,2,288.48,0.88,N,0
34.31905,-118.51057,307.04,0.43,0.38,2023-09-05,932,N,VIIRS,n,2,287.92,0.31,N,0
34.33475,-118.52145,317.25,0.43,0.38,2023-09-05,932,N,VIIRS,n,2,288.07,0.94,N,2
34.35425,-116.85085,306.04,0.39,0.36,2023-09-05,932,N,VIIRS,n,2,289.89,0.78,N,0
34.43008,-118.64516,311.9,0.43,0.38,2023-09-05,932,N,VIIRS,n,2,288.63,1.18,N,0
34.56618,-118.15266,298.9,0.42,0.37,2023-09-05,932,N,VIIRS,n,2,287.28,0.46,N,0
34.60662,-117.33566,308.55,0.4,0.37,2023-09-05,932,N,VIIRS,n,2,290.42,1.17,N,0
34.62115,-117.10093,323.16,0.4,0.37,2023-09-05,932,N,VIIRS,n,2,293.67,2.7,N,0
34.62195,-117.0983,309.01,0.4,0.37,2023-09-05,932,N,VIIRS,n,2,290.76,0.94,N,0
34.62257,-117.10262,312.17,0.4,0.37,2023-09-05,932,N,VIIRS,n,2,290.77,1.38,N,2
35.02977,-118.31493,301.15,0.43,0.38,2023-09-05,932,N,VIIRS,n,2,289.16,0.77,N,0
35.59875,-119.74225,313.08,0.49,0.4,2023-09-05,932,N,VIIRS,n,2,291.18,1.79,N,0
36.3559,-114.9128,306.78,0.38,0.36,2023-09-05,932,N,VIIRS,n,2,290.15,1.0,N,0
36.3592,-114.912,304.61,0.38,0.36,2023-09-05,932,N,VIIRS,n,2,290.43,0.68,N,2
37.21248,-121.90125,296.44,0.43,0.46,2023-09-05,932,N,VIIRS,n,2,285.86,0.37,N,0
37.45372,-121.93475,306.78,0.43,0.46,2023-09-05,932,N,VIIRS,n,2,286.88,1.04,N,2
37.45451,-121.93137,306.18,0.43,0.46,2023-09-05,932,N,VIIRS,n,2,287.32,0.73,N,2
37.88394,-121.18712,303.92,0.4,0.44,2023-09-05,932,N,VIIRS,n,2,287.08,0.65,N,2
37.95121,-122.40065,300.62,0.46,0.47,2023-09-05,932,N,VIIRS,n,2,290.5,0.92,N,2
38.01424,-122.11398,306.01,0.45,0.47,2023-09-05,932,N,VIIRS,n,2,291.63,2.09,N,2
38.04457,-122.25744,300.93,0.46,0.47,2023-09-05,932,N,VIIRS,n,2,290.2,1.34,N,2
33.61195,-117.82139,309.39,0.4,0.37,2023-09-05,933,N,VIIRS,n,2,288.22,0.53,N,0
33.71436,-117.70923,303.05,0.4,0.37,2023-09-05,933,N,VIIRS,n,2,289.12,0.46,N,0
33.71498,-117.71355,298.47,0.4,0.37,2023-09-05,933,N,VIIRS,n,2,288.27,0.46,N,0
33.77807,-118.23859,303.74,0.41,0.37,2023-09-05,933,N,VIIRS,n,2,293.21,0.95,N,2
33.7924,-117.47345,299.56,0.4,0.37,2023-09-05,933,N,VIIRS,n,2,288.69,0.68,N,0
33.79301,-117.47775,304.33,0.4,0.37,2023-09-05,933,N,VIIRS,n,2,289.04,0.68,N,0
33.79341,-118.35033,299.82,0.42,0.37,2023-09-05,933,N,VIIRS,n,2,288.74,0.43,N,0
33.85312,-118.33186,309.61,0.42,0.37,2023-09-05,933,N,VIIRS,n,2,294.02,1.45,N,0
33.87785,-116.99915,298.67,0.39,0.36,2023-09-05,933,N,VIIRS,n,2,287.98,0.28,N,0
33.95428,-117.12218,300.09,0.39,0.36,2023-09-05,933,N,VIIRS,n,2,288.38,0.43,N,2
34.03471,-118.10632,306.33,0.41,0.37,2023-09-05,933,N,VIIRS,n,2,289.39,0.72,N,0
34.04098,-117.82303,301.14,0.41,0.37,2023-09-05,933,N,VIIRS,n,2,289.1,0.51,N,2
38.07089,-122.13847,298.74,0.73,0.76,2023-09-05,1112,N,VIIRS,n,2,288.67,1.1,N,2
32.27361,-115.19962,351.14,0.4,0.37,2023-09-05,2051,N,VIIRS,n,2,316.92,15.54,D,0
32.27698,-115.20026,354.83,0.4,0.37,2023-09-05,2051,N,VIIRS,n,2,317.96,15.54,D,0
32.37098,-117.06775,331.16,0.38,0.36,2023-09-05,2051,N,VIIRS,l,2,305.54,1.41,D,2
35.60026,-119.73876,340.72,0.4,0.37,2023-09-05,2052,N,VIIRS,l,2,315.63,5.16,D,0
36.29967,-119.8206,340.91,0.4,0.37,2023-09-05,2052,N,VIIRS,n,2,313.35,5.1,D,0
36.53092,-118.63509,330.59,0.39,0.36,2023-09-05,2052,N,VIIRS,n,2,292.8,3.64,D,0
36.5316,-118.63077,341.41,0.39,0.36,2023-09-05,2052,N,VIIRS,n,2,294.24,7.13,D,0
36.53421,-118.63589,334.11,0.39,0.36,2023-09-05,2052,N,VIIRS,n,2,294.13,2.23,D,0
36.61618,-119.99319,342.11,0.4,0.37,2023-09-05,2052,N,VIIRS,n,2,308.93,4.96,D,0
36.89596,-120.80431,341.6,0.42,0.37,2023-09-05,2052,N,VIIRS,l,2,312.29,5.57,D,0
37.0333,-120.51804,341.14,0.41,0.37,2023-09-05,2053,N,VIIRS,n,2,307.69,4.41,D,0
37.2522,-120.43138,344.69,0.4,0.37,2023-09-05,2053,N,VIIRS,n,2,313.13,2.65,D,0
37.29366,-120.72185,337.08,0.41,0.37,2023-09-05,2053,N,VIIRS,l,2,310.83,6.42,D,0
37.31913,-120.73832,347.94,0.41,0.37,2023-09-05,2053,N,VIIRS,n,2,308.61,5.11,D,0
37.33163,-120.72729,341.36,0.41,0.37,2023-09-05,2053,N,VIIRS,n,2,309.85,2.43,D,0
37.33423,-120.7328,335.6,0.41,0.37,2023-09-05,2053,N,VIIRS,n,2,308.77,1.17,D,0
37.33501,-120.72821,335.07,0.41,0.37,2023-09-05,2053,N,VIIRS,n,2,306.74,1.8,D,0
37.53708,-120.74059,339.0,0.41,0.37,2023-09-05,2053,N,VIIRS,l,2,312.46,4.33,D,0
38.21057,-121.53954,331.56,0.42,0.38,2023-09-05,2053,N,VIIRS,l,2,305.05,2.6,D,0
38.21314,-121.5453,346.54,0.42,0.38,2023-09-05,2053,N,VIIRS,n,2,307.28,11.18,D,0
38.21399,-121.54053,345.16,0.42,0.38,2023-09-05,2053,N,VIIRS,n,2,305.03,6.98,D,0
38.29832,-121.12411,339.73,0.41,0.37,2023-09-05,2053,N,VIIRS,l,2,313.58,6.14,D,0
38.48264,-121.85449,352.15,0.43,0.38,2023-09-05,2053,N,VIIRS,n,2,317.85,28.19,D,0
38.7116,-121.83955,346.12,0.43,0.38,2023-09-05,2053,N,VIIRS,n,2,312.77,7.43,D,0
39.03047,-121.93189,346.85,0.43,0.38,2023-09-05,2053,N,VIIRS,n,2,305.91,11.64,D,0
39.09373,-122.18942,335.14,0.43,0.38,2023-09-05,2053,N,VIIRS,l,2,305.33,1.72,D,0
39.15229,-122.22777,333.25,0.43,0.38,2023-09-05,2053,N,VIIRS,n,2,307.08,2.73,D,0
39.21727,-121.59995,339.61,0.42,0.37,2023-09-05,2053,N,VIIRS,n,2,310.13,7.57,D,0
39.6608,-121.89206,340.54,0.42,0.38,2023-09-05,2053,N,VIIRS,n,2,313.12,6.55,D,0
41.50964,-123.68695,336.78,0.45,0.39,2023-09-05,2054,N,VIIRS,n,2,296.94,4.59,D,0
41.51314,-123.68818,327.23,0.45,0.39,2023-09-05,2054,N,VIIRS,n,2,297.21,2.46,D,0
41.70847,-123.44358,329.8,0.44,0.38,2023-09-05,2054,N,VIIRS,n,2,299.16,2.75,D,0
41.70955,-123.43779,325.54,0.44,0.38,2023-09-05,2054,N,VIIRS,n,2,298.25,2.75,D,0
42.56863,-116.90714,297.72,0.48,0.48,2023-09-06,911,N,VIIRS,n,2,281.62,0.18,N,0
38.62613,-122.00126,303.32,0.4,0.6,2023-09-06,912,N,VIIRS,n,2,288.58,0.46,N,0
39.6203,-119.26394,300.7,0.59,0.53,2023-09-06,912,N,VIIRS,n,2,285.21,1.44,N,0
40.82156,-114.25703,304.36,0.51,0.41,2023-09-06,912,N,VIIRS,n,2,283.54,1.55,N,2
41.31914,-123.4445,295.71,0.5,0.66,2023-09-06,912,N,VIIRS,n,2,284.34,0.47,N,0
41.48273,-123.391,295.04,0.5,0.66,2023-09-06,912,N,VIIRS,n,2,282.4,0.59,N,0
41.50935,-123.68349,298.84,0.52,0.67,2023-09-06,912,N,VIIRS,n,2,282.7,0.32,N,0
41.51302,-123.68771,297.09,0.52,0.67,2023-09-06,912,N,VIIRS,n,2,284.25,0.94,N,0
41.56826,-123.64226,304.47,0.52,0.67,2023-09-06,912,N,VIIRS,n,2,282.91,1.19,N,0
41.70842,-123.44386,299.86,0.51,0.66,2023-09-06,912,N,VIIRS,n,2,284.77,0.66,N,0
41.70984,-123.44347,298.03,0.51,0.66,2023-09-06,912,N,VIIRS,n,2,284.77,0.68,N,0
34.62337,-117.09953,306.49,0.4,0.44,2023-09-06,913,N,VIIRS,n,2,292.62,0.88,N,2
34.82011,-118.75175,300.95,0.49,0.49,2023-09-06,913,N,VIIRS,n,2,287.21,0.87,N,0
35.59803,-119.74014,303.17,0.57,0.52,2023-09-06,913,N,VIIRS,n,2,291.56,0.67,N,0
35.70085,-119.22836,312.09,0.53,0.5,2023-09-06,913,N,VIIRS,n,2,289.25,13.63,N,0
35.70553,-119.22777,343.67,0.53,0.5,2023-09-06,913,N,VIIRS,n,2,296.16,13.63,N,0
36.35648,-114.91013,314.62,0.49,0.4,2023-09-06,913,N,VIIRS,n,2,292.15,1.02,N,2
36.53065,-118.63496,304.54,0.51,0.49,2023-09-06,913,N,VIIRS,n,2,285.08,1.64,N,0
36.53084,-118.63524,306.16,0.51,0.49,2023-09-06,913,N,VIIRS,n,2,284.97,1.73,N,0
37.45519,-121.93253,300.57,0.39,0.59,2023-09-06,913,N,VIIRS,n,2,286.51,0.42,N,2
37.88493,-121.18676,298.52,0.36,0.57,2023-09-06,913,N,VIIRS,n,2,287.67,0.51,N,2
38.07082,-122.13896,307.61,0.41,0.6,2023-09-06,913,N,VIIRS,n,2,292.32,1.12,N,2
32.23106,-115.20012,306.31,0.46,0.39,2023-09-06,914,N,VIIRS,n,2,295.03,0.5,N,0
39.61991,-119.26321,302.23,0.53,0.67,2023-09-06,1052,N,VIIRS,n,2,283.91,1.0,N,0
40.73659,-122.32358,298.94,0.35,0.57,2023-09-06,1052,N,VIIRS,n,2,288.14,0.22,N,2
41.51277,-123.68441,302.8,0.58,0.52,2023-09-06,1052,N,VIIRS,n,2,284.63,1.02,N,0
41.51363,-123.68335,301.72,0.58,0.52,2023-09-06,1052,N,VIIRS,n,2,285.07,1.53,N,0
41.61317,-123.57635,296.24,0.58,0.52,2023-09-06,1052,N,VIIRS,n,2,284.43,0.47,N,0
42.751,-124.34164,303.95,0.5,0.49,2023-09-06,1052,N,VIIRS,n,2,283.77,1.36,N,0
35.37654,-118.97694,301.64,0.72,0.76,2023-09-06,1053,N,VIIRS,n,2,289.6,0.82,N,0
35.70129,-119.224,320.53,0.69,0.74,2023-09-06,1053,N,VIIRS,n,2,288.18,6.4,N,0
35.70358,-119.23139,327.52,0.69,0.74,2023-09-06,1053,N,VIIRS,n,2,288.52,8.91,N,0
37.45415,-121.93198,298.71,0.45,0.63,2023-09-06,1053,N,VIIRS,n,2,286.47,0.73,N,2
37.45462,-121.92982,296.79,0.45,0.63,2023-09-06,1053,N,VIIRS,n,2,286.18,0.61,N,2
38.0157,-122.11301,302.6,0.43,0.62,2023-09-06,1053,N,VIIRS,n,2,290.18,1.02,N,2
38.069,-122.14071,299.89,0.42,0.61,2023-09-06,1053,N,VIIRS,n,2,288.99,1.62,N,2
38.62672,-122.00029,299.63,0.42,0.61,2023-09-06,1053,N,VIIRS,n,2,287.51,0.62,N,0
32.25373,-115.01659,347.66,0.43,0.38,2023-09-06,2032,N,VIIRS,n,2,320.69,6.25,D,0
32.28292,-115.15997,353.27,0.44,0.38,2023-09-06,2032,N,VIIRS,n,2,314.93,18.31,D,0
32.56613,-115.13979,339.58,0.43,0.38,2023-09-06,2032,N,VIIRS,l,2,312.11,3.25,D,0
35.70523,-119.22639,351.68,0.38,0.43,2023-09-06,2033,N,VIIRS,n,2,310.02,8.14,D,0
36.08736,-115.17737,342.55,0.4,0.37,2023-09-06,2033,N,VIIRS,n,2,314.18,2.44,D,0
36.53207,-118.63433,333.35,0.52,0.42,2023-09-06,2033,N,VIIRS,n,2,294.2,4.98,D,0
38.18784,-121.12904,333.09,0.42,0.46,2023-09-06,2034,N,VIIRS,l,2,303.64,4.05,D,0
38.49328,-121.98323,343.15,0.46,0.47,2023-09-06,2034,N,VIIRS,n,2,310.59,3.04,D,0
38.71532,-121.84332,337.29,0.45,0.47,2023-09-06,2034,N,VIIRS,n,2,308.36,14.85,D,0
38.71646,-121.83828,342.74,0.45,0.47,2023-09-06,2034,N,VIIRS,n,2,307.93,12.66,D,0
38.71757,-121.84122,354.22,0.45,0.47,2023-09-06,2034,N,VIIRS,n,2,312.96,43.23,D,0
38.72065,-121.8398,339.49,0.45,0.47,2023-09-06,2034,N,VIIRS,n,2,303.89,12.66,D,0
38.72477,-121.66582,331.25,0.44,0.46,2023-09-06,2034,N,VIIRS,l,2,305.11,4.01,D,0
38.72783,-121.67226,334.74,0.44,0.46,2023-09-06,2034,N,VIIRS,l,2,305.12,4.01,D,0
38.75004,-121.63227,335.92,0.44,0.46,2023-09-06,2034,N,VIIRS,n,2,301.25,2.84,D,0
38.82383,-121.91326,337.01,0.45,0.47,2023-09-06,2034,N,VIIRS,n,2,305.73,3.45,D,0
38.97835,-121.52052,344.18,0.43,0.46,2023-09-06,2034,N,VIIRS,n,2,316.26,59.58,D,0
39.03342,-121.92883,336.59,0.45,0.47,2023-09-06,2034,N,VIIRS,n,2,307.1,4.74,D,0
39.03495,-121.93173,338.89,0.45,0.47,2023-09-06,2034,N,VIIRS,n,2,302.36,3.67,D,0
39.10273,-121.68054,339.89,0.43,0.46,2023-09-06,2034,N,VIIRS,n,2,302.56,8.91,D,0
39.27698,-121.61546,345.3,0.43,0.46,2023-09-06,2034,N,VIIRS,n,2,310.66,9.09,D,0
39.3352,-121.69202,333.52,0.43,0.46,2023-09-06,2034,N,VIIRS,n,2,306.79,4.87,D,0
39.33627,-121.68716,342.93,0.43,0.46,2023-09-06,2034,N,VIIRS,n,2,307.42,11.44,D,0
39.44045,-121.65882,354.4,0.42,0.45,2023-09-06,2034,N,VIIRS,n,2,312.5,42.16,D,0
41.40315,-123.7658,339.56,0.48,0.48,2023-09-06,2035,N,VIIRS,n,2,297.26,3.72,D,0
41.5111,-123.68581,350.08,0.48,0.48,2023-09-06,2035,N,VIIRS,n,2,296.31,7.66,D,0
41.5124,-123.68019,338.9,0.48,0.48,2023-09-06,2035,N,VIIRS,n,2,296.27,7.66,D,0
41.51564,-123.68261,328.45,0.48,0.48,2023-09-06,2035,N,VIIRS,n,2,292.52,2.3,D,0
41.57219,-123.64098,326.66,0.47,0.48,2023-09-06,2035,N,VIIRS,l,2,297.81,5.69,D,0
41.70754,-123.44202,345.35,0.46,0.47,2023-09-06,2035,N,VIIRS,n,2,300.67,7.05,D,0
38.71618,-121.83884,344.15,0.77,0.77,2023-09-06,2215,N,VIIRS,n,2,301.72,6.46,D,0
39.44069,-121.66134,338.59,0.79,0.78,2023-09-06,2215,N,VIIRS,n,2,298.07,7.45,D,0
41.70772,-123.4407,343.35,0.66,0.73,2023-09-06,2216,N,VIIRS,n,2,300.13,10.88,D,0
41.70776,-123.43536,329.39,0.66,0.73,2023-09-06,2216,N,VIIRS,n,2,296.57,9.39,D,0
41.70859,-123.44054,353.61,0.66,0.73,2023-09-06,2216,N,VIIRS,n,2,300.5,8.9,D,0
41.7086,-123.43523,327.3,0.66,0.73,2023-09-06,2216,N,VIIRS,n,2,295.93,8.9,D,0
39.44154,-121.66123,298.16,0.7,0.75,2023-09-07,853,N,VIIRS,n,2,287.72,0.86,N,0
39.6222,-119.26373,297.36,0.53,0.67,2023-09-07,853,N,VIIRS,n,2,285.31,1.43,N,0
40.82208,-114.25394,299.46,0.59,0.53,2023-09-07,853,N,VIIRS,n,2,284.34,1.7,N,2
35.03045,-118.31699,300.01,0.43,0.62,2023-09-07,854,N,VIIRS,n,2,289.64,0.66,N,0
36.35534,-114.91219,306.31,0.57,0.52,2023-09-07,854,N,VIIRS,n,2,292.11,1.19,N,0
33.71448,-117.71191,302.38,0.39,0.59,2023-09-07,855,N,VIIRS,n,2,288.78,0.5,N,0
33.85152,-118.33498,305.49,0.42,0.61,2023-09-07,855,N,VIIRS,n,2,292.28,1.4,N,2
34.15265,-118.19608,309.15,0.42,0.61,2023-09-07,855,N,VIIRS,n,2,288.61,0.8,N,2
34.33327,-118.52251,303.43,0.44,0.62,2023-09-07,855,N,VIIRS,n,2,287.83,0.76,N,2
34.33382,-118.52151,306.02,0.44,0.62,2023-09-07,855,N,VIIRS,n,2,288.06,0.64,N,2
34.60753,-117.33799,306.24,0.38,0.59,2023-09-07,855,N,VIIRS,n,2,291.36,1.02,N,0
34.61978,-117.10221,305.8,0.37,0.58,2023-09-07,855,N,VIIRS,n,2,291.6,0.86,N,0
40.82096,-114.26256,295.29,0.51,0.66,2023-09-07,1033,N,VIIRS,n,2,282.95,1.23,N,2
41.29461,-123.45798,295.95,0.54,0.42,2023-09-07,1033,N,VIIRS,n,2,283.41,0.76,N,0
41.29576,-123.4634,301.09,0.54,0.42,2023-09-07,1033,N,VIIRS,n,2,283.94,1.31,N,0
41.31499,-123.43862,317.5,0.54,0.42,2023-09-07,1033,N,VIIRS,n,2,284.79,1.66,N,0
41.31667,-123.44669,297.39,0.54,0.42,2023-09-07,1033,N,VIIRS,n,2,284.16,1.66,N,0
41.51435,-123.67955,306.62,0.52,0.42,2023-09-07,1033,N,VIIRS,n,2,283.71,0.95,N,0
41.54847,-123.7085,307.31,0.52,0.41,2023-09-07,1033,N,VIIRS,n,2,284.11,1.76,N,0
41.5499,-123.69617,306.94,0.52,0.42,2023-09-07,1033,N,VIIRS,n,2,282.23,1.28,N,0
41.55929,-123.66422,296.43,0.52,0.42,2023-09-07,1033,N,VIIRS,n,2,282.6,0.54,N,0
41.57127,-123.64458,310.49,0.52,0.42,2023-09-07,1033,N,VIIRS,n,2,283.74,2.05,N,0
41.68641,-123.40534,306.87,0.53,0.42,2023-09-07,1033,N,VIIRS,n,2,284.76,1.44,N,0
41.69028,-123.40446,301.07,0.53,0.42,2023-09-07,1033,N,VIIRS,n,2,284.5,0.85,N,0
41.70267,-123.444,301.17,0.53,0.42,2023-09-07,1033,N,VIIRS,n,2,283.97,0.85,N,0
41.70911,-123.43619,301.14,0.53,0.42,2023-09-07,1033,N,VIIRS,n,2,284.68,1.32,N,0
41.71026,-123.44164,305.8,0.53,0.42,2023-09-07,1033,N,VIIRS,n,2,285.24,1.32,N,0
41.7192,-123.40716,295.2,0.53,0.42,2023-09-07,1033,N,VIIRS,n,2,283.92,0.92,N,0
41.72396,-123.42988,299.91,0.53,0.42,2023-09-07,1033,N,VIIRS,n,2,283.98,1.33,N,0
36.35519,-114.91093,301.5,0.63,0.72,2023-09-07,1034,N,VIIRS,n,2,290.36,0.74,N,0
36.52812,-118.6292,302.1,0.4,0.6,2023-09-07,1034,N,VIIRS,n,2,285.17,1.31,N,0
36.52817,-118.6289,302.05,0.4,0.6,2023-09-07,1034,N,VIIRS,n,2,285.48,1.39,N,0
37.82247,-121.09924,313.4,0.55,0.51,2023-09-07,1034,N,VIIRS,n,2,286.42,2.41,N,0
37.82537,-121.09831,311.09,0.55,0.51,2023-09-07,1034,N,VIIRS,n,2,286.63,1.93,N,0
38.00425,-121.93612,297.73,0.5,0.49,2023-09-07,1034,N,VIIRS,n,2,287.05,0.39,N,2
38.97778,-121.52296,299.59,0.49,0.49,2023-09-07,1034,N,VIIRS,n,2,287.95,0.63,N,0
39.62054,-119.26181,299.53,0.62,0.54,2023-09-07,1034,N,VIIRS,n,2,285.58,1.62,N,0
40.73768,-122.32194,302.16,0.41,0.45,2023-09-07,1034,N,VIIRS,n,2,288.33,0.3,N,0
33.85291,-118.33167,306.17,0.49,0.65,2023-09-07,1035,N,VIIRS,n,2,293.08,1.59,N,0
34.15084,-118.1905,299.4,0.49,0.65,2023-09-07,1035,N,VIIRS,n,2,288.51,0.73,N,0
34.15477,-118.19135,303.79,0.49,0.65,2023-09-07,1035,N,VIIRS,n,2,288.48,0.38,N,2
34.43082,-118.64484,297.82,0.45,0.63,2023-09-07,1035,N,VIIRS,n,2,287.04,0.59,N,0
34.62139,-117.10162,307.44,0.54,0.68,2023-09-07,1035,N,VIIRS,n,2,291.43,1.95,N,0
34.6233,-117.09809,300.72,0.54,0.68,2023-09-07,1035,N,VIIRS,n,2,289.68,1.82,N,2
32.60772,-114.87863,348.51,0.46,0.47,2023-09-07,2013,N,VIIRS,l,2,318.92,53.49,D,0
32.67547,-114.56355,345.25,0.44,0.46,2023-09-07,2013,N,VIIRS,l,2,316.44,10.09,D,0
35.55481,-115.46935,344.34,0.43,0.46,2023-09-07,2014,N,VIIRS,n,2,314.21,3.41,D,0
38.51097,-121.94447,341.55,0.4,0.6,2023-09-07,2015,N,VIIRS,n,2,299.37,3.66,D,0
38.51176,-121.94134,341.51,0.4,0.6,2023-09-07,2015,N,VIIRS,n,2,299.79,4.32,D,0
38.71592,-121.84248,336.18,0.39,0.59,2023-09-07,2016,N,VIIRS,n,2,305.38,12.84,D,0
38.72118,-121.84474,354.55,0.39,0.59,2023-09-07,2016,N,VIIRS,n,2,299.83,12.84,D,0
38.72235,-121.84042,367.0,0.39,0.59,2023-09-07,2016,N,VIIRS,h,2,302.57,12.84,D,0
38.75151,-121.81922,367.0,0.39,0.59,2023-09-07,2016,N,VIIRS,h,2,310.24,18.29,D,0
39.10263,-121.67923,367.0,0.37,0.58,2023-09-07,2016,N,VIIRS,h,2,301.68,4.71,D,0
39.14718,-121.88568,338.14,0.38,0.59,2023-09-07,2016,N,VIIRS,n,2,303.58,4.14,D,0
39.44278,-121.66093,367.0,0.37,0.58,2023-09-07,2016,N,VIIRS,h,2,304.57,11.09,D,0
39.65494,-121.8904,337.15,0.37,0.58,2023-09-07,2016,N,VIIRS,n,2,303.82,7.77,D,0
39.65694,-121.89204,347.97,0.37,0.58,2023-09-07,2016,N,VIIRS,n,2,306.32,7.44,D,0
41.31482,-123.44235,330.26,0.4,0.6,2023-09-07,2016,N,VIIRS,n,2,290.64,3.93,D,0
41.31571,-123.43917,330.47,0.4,0.6,2023-09-07,2016,N,VIIRS,n,2,290.48,3.93,D,0
41.40401,-123.76314,340.94,0.41,0.61,2023-09-07,2016,N,VIIRS,n,2,293.67,4.9,D,0
41.57448,-123.6424,339.61,0.4,0.6,2023-09-07,2016,N,VIIRS,n,2,297.27,9.27,D,0
41.57558,-123.63851,367.0,0.4,0.6,2023-09-07,2016,N,VIIRS,h,2,300.49,14.74,D,0
41.65264,-123.51283,335.7,0.39,0.6,2023-09-07,2016,N,VIIRS,n,2,292.39,5.0,D,0
34.65321,-117.7394,337.52,0.68,0.74,2023-09-07,2155,N,VIIRS,l,2,311.58,1.41,D,0
38.49469,-121.98453,338.04,0.42,0.61,2023-09-07,2156,N,VIIRS,l,2,310.07,1.58,D,0
38.50826,-121.94035,351.14,0.42,0.61,2023-09-07,2156,N,VIIRS,n,2,307.06,4.98,D,0
38.64478,-121.99365,367.0,0.42,0.61,2023-09-07,2156,N,VIIRS,h,2,311.84,25.14,D,0
38.64641,-121.9939,355.11,0.42,0.61,2023-09-07,2156,N,VIIRS,n,2,315.56,63.82,D,0
38.65051,-121.994,367.0,0.42,0.61,2023-09-07,2156,N,VIIRS,h,2,304.64,25.14,D,0
38.70413,-121.86107,350.21,0.43,0.62,2023-09-07,2156,N,VIIRS,n,2,305.28,6.22,D,0
38.70436,-121.85597,367.0,0.43,0.62,2023-09-07,2156,N,VIIRS,h,2,307.16,10.95,D,0
38.70459,-121.85084,355.73,0.43,0.62,2023-09-07,2156,N,VIIRS,n,2,305.83,10.95,D,0
38.71659,-121.84142,351.32,0.43,0.62,2023-09-07,2156,N,VIIRS,n,2,307.78,5.41,D,0
38.75238,-121.81671,350.5,0.43,0.62,2023-09-07,2156,N,VIIRS,n,2,309.35,6.7,D,0
38.75246,-121.81794,351.14,0.43,0.62,2023-09-07,2156,N,VIIRS,n,2,309.22,7.3,D,0
39.03152,-121.92826,341.22,0.43,0.62,2023-09-07,2156,N,VIIRS,n,2,306.25,3.2,D,0
39.03729,-121.92863,332.32,0.43,0.62,2023-09-07,2156,N,VIIRS,l,2,305.31,3.2,D,0
39.44194,-121.66265,333.91,0.45,0.63,2023-09-07,2156,N,VIIRS,n,2,299.5,3.6,D,0
39.44215,-121.65733,330.91,0.45,0.63,2023-09-07,2156,N,VIIRS,n,2,303.02,5.03,D,0
39.65864,-121.89097,367.0,0.43,0.62,2023-09-07,2156,N,VIIRS,h,2,309.51,9.97,D,0
41.51445,-123.68114,344.19,0.36,0.58,2023-09-07,2157,N,VIIRS,n,2,291.88,6.01,D,0
41.54545,-123.7071,350.72,0.36,0.57,2023-09-07,2157,N,VIIRS,n,2,294.71,6.07,D,0
41.54581,-123.69977,330.53,0.36,0.58,2023-09-07,2157,N,VIIRS,n,2,294.86,2.83,D,0
41.57024,-123.64312,329.12,0.36,0.58,2023-09-07,2157,N,VIIRS,n,2,297.44,3.81,D,0
41.5755,-123.64561,334.77,0.36,0.58,2023-09-07,2157,N,VIIRS,n,2,299.32,3.52,D,0
41.69251,-123.40018,329.37,0.38,0.58,2023-09-07,2157,N,VIIRS,n,2,299.29,3.11,D,0
41.70281,-123.44299,327.02,0.37,0.58,2023-09-07,2157,N,VIIRS,l,2,297.78,2.36,D,0
41.70691,-123.44101,326.56,0.37,0.58,2023-09-07,2157,N,VIIRS,l,2,299.4,2.21,D,0
41.70708,-123.43758,325.7,0.37,0.58,2023-09-07,2157,N,VIIRS,n,2,298.01,2.21,D,0
41.71423,-123.40325,326.28,0.38,0.58,2023-09-07,2157,N,VIIRS,n,2,295.62,4.13,D,0
41.71442,-123.39944,367.0,0.38,0.58,2023-09-07,2157,N,VIIRS,h,2,299.57,4.13,D,0
41.71556,-123.40178,342.51,0.38,0.58,2023-09-07,2157,N,VIIRS,n,2,295.78,4.72,D,0
41.71573,-123.3979,347.25,0.38,0.58,2023-09-07,2157,N,VIIRS,n,2,297.81,4.72,D,0
41.71938,-123.4099,367.0,0.38,0.58,2023-09-07,2157,N,VIIRS,h,2,301.46,9.89,D,0
41.72056,-123.4123,354.22,0.38,0.58,2023-09-07,2157,N,VIIRS,n,2,299.21,7.87,D,0
41.72073,-123.40843,346.7,0.38,0.58,2023-09-07,2157,N,VIIRS,n,2,299.4,10.8,D,0
41.72536,-123.42728,367.0,0.37,0.58,2023-09-07,2157,N,VIIRS,h,2,302.35,17.87,D,0
41.72553,-123.42329,335.39,0.37,0.58,2023-09-07,2157,N,VIIRS,n,2,297.91,8.98,D,0
41.72571,-123.41937,341.87,0.38,0.58,2023-09-07,2157,N,VIIRS,n,2,298.02,8.98,D,0
41.72588,-123.41563,367.0,0.38,0.58,2023-09-07,2157,N,VIIRS,h,2,299.46,7.87,D,0
41.72605,-123.41172,331.79,0.38,0.58,2023-09-07,2157,N,VIIRS,n,2,295.18,7.87,D,0
42.03851,-123.7846,325.54,0.36,0.57,2023-09-07,2157,N,VIIRS,n,2,299.5,5.43,D,0
42.04377,-123.78722,367.0,0.36,0.57,2023-09-07,2157,N,VIIRS,h,2,297.12,5.43,D,0
42.04459,-123.77014,350.13,0.36,0.58,2023-09-07,2157,N,VIIRS,n,2,298.47,6.94,D,0
42.04907,-123.78876,367.0,0.36,0.57,2023-09-07,2157,N,VIIRS,h,2,299.09,11.68,D,0
36.35646,-114.91525,306.96,0.53,0.67,2023-09-08,835,N,VIIRS,n,2,292.67,1.73,N,2
36.3595,-114.91546,306.3,0.53,0.67,2023-09-08,835,N,VIIRS,n,2,292.65,1.41,N,2
40.82257,-114.25642,302.47,0.6,0.53,2023-09-08,1014,N,VIIRS,n,2,287.24,1.5,N,2
40.94142,-117.86194,295.73,0.4,0.44,2023-09-08,1014,N,VIIRS,n,2,282.98,0.69,N,2
42.38441,-122.77502,302.82,0.39,0.36,2023-09-08,1014,N,VIIRS,n,2,285.04,0.93,N,2
42.74746,-124.34003,304.24,0.38,0.36,2023-09-08,1014,N,VIIRS,n,2,285.04,0.77,N,0
42.75074,-124.33911,303.46,0.38,0.36,2023-09-08,1014,N,VIIRS,n,2,285.02,0.52,N,0
42.75146,-124.34377,307.15,0.38,0.36,2023-09-08,1014,N,VIIRS,n,2,284.3,1.01,N,0
36.35819,-114.91245,311.8,0.36,0.57,2023-09-08,1015,N,VIIRS,n,2,293.02,1.02,N,2
37.88154,-121.18408,304.37,0.48,0.4,2023-09-08,1015,N,VIIRS,n,2,289.13,0.56,N,2
37.88442,-121.18765,302.41,0.48,0.4,2023-09-08,1015,N,VIIRS,n,2,288.95,0.89,N,2
38.00293,-121.93633,299.79,0.45,0.39,2023-09-08,1015,N,VIIRS,n,2,287.65,0.48,N,2
38.01405,-122.1136,304.0,0.45,0.39,2023-09-08,1015,N,VIIRS,n,2,290.93,1.06,N,2
38.02966,-122.09825,298.76,0.45,0.39,2023-09-08,1015,N,VIIRS,n,2,287.38,0.3,N,2
38.07051,-122.13892,307.98,0.44,0.39,2023-09-08,1015,N,VIIRS,n,2,292.84,1.42,N,2
38.16076,-122.56641,301.42,0.43,0.38,2023-09-08,1015,N,VIIRS,n,2,284.75,0.63,N,0
38.21639,-121.98444,299.46,0.45,0.39,2023-09-08,1015,N,VIIRS,n,2,287.44,0.46,N,0
39.32523,-122.00713,299.42,0.43,0.38,2023-09-08,1015,N,VIIRS,n,2,287.19,0.56,N,0
39.48644,-121.57589,299.88,0.45,0.39,2023-09-08,1015,N,VIIRS,n,2,288.97,0.39,N,0
39.49136,-119.62041,296.18,0.53,0.42,2023-09-08,1015,N,VIIRS,n,2,284.61,0.41,N,0
39.62127,-119.26309,299.96,0.55,0.42,2023-09-08,1015,N,VIIRS,n,2,285.41,0.8,N,0
39.65902,-121.89242,304.48,0.43,0.38,2023-09-08,1015,N,VIIRS,n,2,288.3,0.6,N,0
40.73693,-122.3232,305.22,0.41,0.37,2023-09-08,1015,N,VIIRS,n,2,289.55,0.6,N,2
41.2936,-123.45717,320.36,0.39,0.36,2023-09-08,1015,N,VIIRS,n,2,285.17,2.23,N,0
41.29434,-123.46162,332.28,0.39,0.36,2023-09-08,1015,N,VIIRS,n,2,287.04,4.27,N,0
41.30092,-123.45966,310.09,0.39,0.36,2023-09-08,1015,N,VIIRS,n,2,285.72,1.26,N,0
41.31496,-123.44028,337.25,0.39,0.36,2023-09-08,1015,N,VIIRS,n,2,287.36,4.21,N,0
41.31825,-123.4393,302.37,0.39,0.36,2023-09-08,1015,N,VIIRS,n,2,284.89,0.6,N,0
41.4066,-123.7652,295.99,0.39,0.36,2023-09-08,1015,N,VIIRS,n,2,282.4,0.18,N,0
41.47969,-123.38813,298.95,0.39,0.36,2023-09-08,1015,N,VIIRS,n,2,283.41,0.18,N,0
41.51213,-123.67912,342.01,0.39,0.36,2023-09-08,1015,N,VIIRS,n,2,286.03,6.41,N,0
41.51386,-123.67661,328.3,0.39,0.36,2023-09-08,1015,N,VIIRS,n,2,287.64,4.83,N,0
41.51462,-123.68119,330.1,0.39,0.36,2023-09-08,1015,N,VIIRS,n,2,288.06,4.73,N,0
41.51715,-123.67568,329.15,0.39,0.36,2023-09-08,1015,N,VIIRS,n,2,290.39,4.83,N,0
41.51791,-123.68024,319.19,0.39,0.36,2023-09-08,1015,N,VIIRS,n,2,286.72,4.73,N,0
41.5488,-123.70052,299.43,0.39,0.36,2023-09-08,1015,N,VIIRS,n,2,283.07,0.43,N,0
41.56568,-123.71954,313.52,0.39,0.36,2023-09-08,1015,N,VIIRS,n,2,285.76,1.75,N,0
41.57324,-123.63986,324.99,0.39,0.36,2023-09-08,1015,N,VIIRS,n,2,284.66,2.55,N,0
41.57653,-123.63894,302.95,0.39,0.36,2023-09-08,1015,N,VIIRS,n,2,283.74,0.59,N,0
41.6019,-123.54768,321.27,0.39,0.36,2023-09-08,1015,N,VIIRS,n,2,284.68,1.95,N,0
41.61313,-123.57371,295.44,0.39,0.36,2023-09-08,1015,N,VIIRS,n,2,283.69,0.35,N,0
41.61643,-123.57279,302.25,0.39,0.36,2023-09-08,1015,N,VIIRS,n,2,284.41,0.35,N,0
41.65065,-123.50894,303.03,0.39,0.36,2023-09-08,1015,N,VIIRS,n,2,285.16,0.8,N,0
41.65472,-123.51276,299.81,0.39,0.36,2023-09-08,1015,N,VIIRS,n,2,285.62,0.8,N,0
41.65902,-123.49698,295.22,0.39,0.36,2023-09-08,1015,N,VIIRS,n,2,284.83,0.4,N,0
41.65977,-123.50153,297.52,0.39,0.36,2023-09-08,1015,N,VIIRS,n,2,285.13,0.4,N,0
41.68691,-123.4041,300.7,0.39,0.36,2023-09-08,1015,N,VIIRS,n,2,285.29,0.83,N,0
41.68946,-123.39861,314.38,0.39,0.36,2023-09-08,1015,N,VIIRS,n,2,285.9,1.14,N,0
41.69022,-123.40321,306.3,0.39,0.36,2023-09-08,1015,N,VIIRS,n,2,285.94,0.83,N,0
41.69101,-123.40788,297.46,0.39,0.36,2023-09-08,1015,N,VIIRS,n,2,284.96,0.83,N,0
41.69122,-123.38846,299.08,0.39,0.36,2023-09-08,1015,N,VIIRS,n,2,284.5,0.68,N,0
41.69376,-123.44527,304.71,0.39,0.36,2023-09-08,1015,N,VIIRS,n,2,286.26,0.93,N,0
41.69706,-123.44431,311.93,0.39,0.36,2023-09-08,1015,N,VIIRS,n,2,286.0,0.93,N,0
41.6994,-123.396,312.04,0.39,0.36,2023-09-08,1015,N,VIIRS,n,2,285.4,1.12,N,0
41.70035,-123.44334,310.99,0.39,0.36,2023-09-08,1015,N,VIIRS,n,2,285.57,0.8,N,0
41.70365,-123.44241,301.28,0.39,0.36,2023-09-08,1015,N,VIIRS,n,2,285.23,0.8,N,0
41.7062,-123.43693,296.83,0.39,0.36,2023-09-08,1015,N,VIIRS,n,2,285.51,0.77,N,0
41.70694,-123.44144,315.3,0.39,0.36,2023-09-08,1015,N,VIIRS,n,2,286.57,0.77,N,0
41.7095,-123.43601,299.12,0.39,0.36,2023-09-08,1015,N,VIIRS,n,2,285.59,0.77,N,0
41.711,-123.44504,305.15,0.39,0.36,2023-09-08,1015,N,VIIRS,n,2,285.74,1.04,N,0
41.71737,-123.40019,298.38,0.39,0.36,2023-09-08,1015,N,VIIRS,n,2,284.66,0.34,N,0
41.71811,-123.40473,295.02,0.39,0.36,2023-09-08,1015,N,VIIRS,n,2,284.65,0.6,N,0
41.72189,-123.42744,307.98,0.39,0.36,2023-09-08,1015,N,VIIRS,n,2,285.14,0.57,N,0
41.72215,-123.40824,295.79,0.39,0.36,2023-09-08,1015,N,VIIRS,n,2,285.2,0.29,N,0
41.72264,-123.43198,312.27,0.39,0.36,2023-09-08,1015,N,VIIRS,n,2,285.98,1.52,N,0
41.7229,-123.41277,302.02,0.39,0.36,2023-09-08,1015,N,VIIRS,n,2,285.25,2.68,N,0
41.72366,-123.41731,306.7,0.39,0.36,2023-09-08,1015,N,VIIRS,n,2,284.85,2.68,N,0
41.72441,-123.42184,308.72,0.39,0.36,2023-09-08,1015,N,VIIRS,n,2,285.56,1.1,N,0
41.72517,-123.42642,304.82,0.39,0.36,2023-09-08,1015,N,VIIRS,n,2,285.41,1.1,N,0
41.72619,-123.41178,305.21,0.39,0.36,2023-09-08,1015,N,VIIRS,n,2,285.47,2.68,N,0
41.72695,-123.41633,367.0,0.39,0.36,2023-09-08,1015,N,VIIRS,h,2,290.0,2.68,N,0
41.7277,-123.42085,304.3,0.39,0.36,2023-09-08,1015,N,VIIRS,n,2,285.41,1.1,N,0
33.61132,-117.82223,298.07,0.58,0.52,2023-09-08,1016,N,VIIRS,n,2,287.07,0.64,N,0
33.80468,-118.24458,301.29,0.54,0.51,2023-09-08,1016,N,VIIRS,n,2,290.49,1.23,N,0
33.85191,-118.33251,303.03,0.53,0.5,2023-09-08,1016,N,VIIRS,n,2,290.73,1.75,N,2
33.85408,-118.33247,304.85,0.53,0.5,2023-09-08,1016,N,VIIRS,n,2,291.6,1.37,N,0
34.15206,-118.19055,306.2,0.54,0.5,2023-09-08,1016,N,VIIRS,n,2,288.77,0.81,N,2
34.15622,-118.19481,301.59,0.53,0.5,2023-09-08,1016,N,VIIRS,n,2,288.63,0.5,N,2
34.28968,-118.80206,298.41,0.49,0.49,2023-09-08,1016,N,VIIRS,n,2,286.0,0.8,N,2
34.29165,-118.80005,300.01,0.49,0.49,2023-09-08,1016,N,VIIRS,n,2,286.44,1.18,N,0
34.32094,-118.51205,297.77,0.51,0.49,2023-09-08,1016,N,VIIRS,n,2,287.45,0.5,N,0
34.33674,-118.51792,302.8,0.51,0.49,2023-09-08,1016,N,VIIRS,n,2,288.91,1.54,N,2
34.33681,-118.519,302.27,0.51,0.49,2023-09-08,1016,N,VIIRS,n,2,288.8,1.01,N,2
34.35523,-116.85227,300.36,0.63,0.54,2023-09-08,1016,N,VIIRS,n,2,289.93,1.28,N,0
34.43245,-118.64552,299.56,0.5,0.49,2023-09-08,1016,N,VIIRS,n,2,286.65,0.72,N,0
34.62145,-117.10089,310.68,0.6,0.53,2023-09-08,1016,N,VIIRS,n,2,291.18,2.03,N,0
35.7057,-119.22471,302.2,0.44,0.46,2023-09-08,1016,N,VIIRS,n,2,289.7,0.59,N,0
36.35878,-114.9102,313.98,0.36,0.57,2023-09-08,1016,N,VIIRS,n,2,293.06,1.08,N,2
36.52832,-118.62776,321.95,0.45,0.47,2023-09-08,1016,N,VIIRS,n,2,288.81,3.27,N,0
36.53008,-118.63569,297.58,0.45,0.47,2023-09-08,1016,N,VIIRS,n,2,285.6,1.7,N,0
37.02511,-120.19823,302.26,0.55,0.43,2023-09-08,1016,N,VIIRS,n,2,290.83,0.37,N,0
37.09787,-119.27003,305.75,0.41,0.45,2023-09-08,1016,N,VIIRS,n,2,283.09,0.46,N,0
37.45399,-121.93229,309.72,0.46,0.39,2023-09-08,1016,N,VIIRS,n,2,286.65,1.1,N,2
32.59896,-117.01121,303.81,0.34,0.56,2023-09-08,1017,N,VIIRS,n,2,289.34,0.61,N,0
32.67358,-114.57312,354.16,0.41,0.61,2023-09-08,1955,N,VIIRS,n,2,302.82,9.16,D,0
32.67467,-114.56882,340.96,0.41,0.6,2023-09-08,1955,N,VIIRS,n,2,303.86,10.7,D,0
33.29742,-115.53391,352.24,0.45,0.63,2023-09-08,1955,N,VIIRS,n,2,303.17,5.57,D,0
35.57503,-115.48375,352.26,0.39,0.59,2023-09-08,1956,N,VIIRS,n,2,306.18,2.97,D,0
38.53269,-121.91613,330.03,0.68,0.74,2023-09-08,1957,N,VIIRS,l,2,302.84,2.64,D,0
38.64243,-122.00166,340.27,0.69,0.74,2023-09-08,1957,N,VIIRS,n,2,300.64,9.65,D,0
38.64272,-121.99979,352.84,0.69,0.74,2023-09-08,1957,N,VIIRS,n,2,302.21,10.92,D,0
38.6449,-121.99409,355.82,0.68,0.74,2023-09-08,1957,N,VIIRS,n,2,304.07,9.65,D,0
38.64513,-121.99223,338.25,0.69,0.74,2023-09-08,1957,N,VIIRS,n,2,303.28,13.31,D,0
38.64893,-122.00491,337.78,0.69,0.74,2023-09-08,1957,N,VIIRS,n,2,301.7,6.88,D,0
38.64918,-122.00312,353.77,0.69,0.74,2023-09-08,1957,N,VIIRS,n,2,302.56,10.92,D,0
38.65136,-121.99742,347.82,0.68,0.74,2023-09-08,1957,N,VIIRS,n,2,301.03,6.88,D,0
38.6516,-121.99555,339.02,0.69,0.74,2023-09-08,1957,N,VIIRS,n,2,300.9,13.31,D,0
38.74629,-121.81995,334.96,0.67,0.73,2023-09-08,1957,N,VIIRS,l,2,307.89,7.76,D,0
38.75192,-121.82093,367.0,0.67,0.73,2023-09-08,1957,N,VIIRS,h,2,305.51,17.76,D,0
38.75269,-121.82326,346.47,0.67,0.73,2023-09-08,1957,N,VIIRS,n,2,303.76,8.65,D,0
38.89441,-121.85437,331.9,0.66,0.73,2023-09-08,1957,N,VIIRS,n,2,297.83,6.44,D,0
38.89677,-121.84697,334.44,0.66,0.73,2023-09-08,1957,N,VIIRS,n,2,298.45,12.15,D,0
38.90081,-121.85765,331.19,0.66,0.73,2023-09-08,1957,N,VIIRS,n,2,300.12,6.95,D,0
38.90317,-121.85023,331.41,0.66,0.73,2023-09-08,1957,N,VIIRS,n,2,301.0,9.06,D,0
38.98782,-121.49054,328.64,0.63,0.72,2023-09-08,1957,N,VIIRS,l,2,302.57,5.19,D,0
39.14769,-121.88969,346.73,0.66,0.73,2023-09-08,1957,N,VIIRS,n,2,302.84,8.81,D,0
39.14897,-121.89204,335.02,0.65,0.73,2023-09-08,1957,N,VIIRS,n,2,302.65,11.79,D,0
39.15001,-121.88235,343.35,0.65,0.73,2023-09-08,1957,N,VIIRS,n,2,299.23,8.81,D,0
39.15133,-121.88473,352.08,0.65,0.73,2023-09-08,1957,N,VIIRS,n,2,300.62,14.45,D,0
39.23608,-121.64375,330.68,0.63,0.72,2023-09-08,1957,N,VIIRS,n,2,303.03,3.95,D,0
39.39603,-121.99279,342.74,0.65,0.73,2023-09-08,1957,N,VIIRS,n,2,299.87,8.64,D,0
39.40237,-121.9961,337.84,0.65,0.73,2023-09-08,1957,N,VIIRS,n,2,298.71,8.64,D,0
39.83419,-122.02688,334.6,0.63,0.72,2023-09-08,1957,N,VIIRS,n,2,298.94,4.34,D,0
41.31625,-123.43922,367.0,0.67,0.73,2023-09-08,1958,N,VIIRS,h,2,293.97,19.44,D,0
41.39607,-123.72649,329.89,0.69,0.74,2023-09-08,1958,N,VIIRS,n,2,292.68,5.93,D,0
41.39742,-123.72714,330.04,0.68,0.74,2023-09-08,1958,N,VIIRS,n,2,293.26,5.89,D,0
41.51175,-123.68109,334.05,0.68,0.74,2023-09-08,1958,N,VIIRS,n,2,292.0,5.84,D,0
41.5122,-123.68296,326.67,0.68,0.74,2023-09-08,1958,N,VIIRS,n,2,291.63,8.3,D,0
41.57215,-123.64001,325.83,0.67,0.74,2023-09-08,1958,N,VIIRS,n,2,295.5,7.4,D,0
41.5782,-123.64021,336.15,0.67,0.74,2023-09-08,1958,N,VIIRS,n,2,295.47,8.06,D,0
32.49985,-116.31811,342.38,0.42,0.61,2023-09-08,2135,N,VIIRS,n,2,301.7,3.27,D,0
32.56307,-116.61605,367.0,0.41,0.6,2023-09-08,2135,N,VIIRS,h,2,300.41,13.17,D,0
32.56335,-116.61169,367.0,0.41,0.6,2023-09-08,2135,N,VIIRS,h,2,299.81,13.17,D,0
33.29192,-115.53074,341.57,0.48,0.64,2023-09-08,2135,N,VIIRS,n,2,303.47,12.32,D,0
33.29647,-115.5324,356.46,0.48,0.64,2023-09-08,2135,N,VIIRS,n,2,304.63,9.78,D,0
33.41799,-117.48077,367.0,0.37,0.58,2023-09-08,2135,N,VIIRS,h,2,301.58,9.92,D,0
33.41824,-117.47691,367.0,0.37,0.58,2023-09-08,2135,N,VIIRS,h,2,299.94,11.61,D,0
35.9313,-119.16956,342.19,0.62,0.54,2023-09-08,2136,N,VIIRS,n,2,302.89,9.04,D,0
36.63464,-119.37346,333.78,0.62,0.54,2023-09-08,2136,N,VIIRS,n,2,308.45,2.71,D,0
38.53308,-121.91476,337.34,0.47,0.48,2023-09-08,2137,N,VIIRS,l,2,311.21,6.71,D,0
38.53587,-121.91808,338.81,0.47,0.48,2023-09-08,2137,N,VIIRS,n,2,313.66,3.09,D,0
38.64482,-121.99462,342.89,0.47,0.48,2023-09-08,2137,N,VIIRS,l,2,312.9,7.55,D,0
38.645,-121.99916,342.44,0.47,0.48,2023-09-08,2137,N,VIIRS,n,2,310.3,2.32,D,0
38.64877,-122.00069,344.84,0.47,0.48,2023-09-08,2137,N,VIIRS,n,2,313.45,5.77,D,0
38.64922,-121.99522,344.54,0.47,0.48,2023-09-08,2137,N,VIIRS,n,2,312.53,5.77,D,0
38.70818,-121.82466,340.96,0.48,0.48,2023-09-08,2137,N,VIIRS,n,2,313.54,2.89,D,0
38.74921,-121.8187,348.12,0.48,0.48,2023-09-08,2137,N,VIIRS,n,2,315.9,9.15,D,0
38.75127,-121.82169,341.51,0.48,0.48,2023-09-08,2137,N,VIIRS,n,2,310.7,14.07,D,0
38.75367,-121.81927,349.15,0.48,0.48,2023-09-08,2137,N,VIIRS,n,2,315.09,7.75,D,0
38.89989,-121.85481,342.05,0.48,0.48,2023-09-08,2137,N,VIIRS,n,2,312.51,7.13,D,0
38.90481,-121.84981,367.0,0.48,0.48,2023-09-08,2137,N,VIIRS,h,2,312.46,21.32,D,0
38.989,-121.49047,342.11,0.5,0.49,2023-09-08,2137,N,VIIRS,n,2,309.69,7.5,D,0
38.98922,-121.48724,343.1,0.5,0.49,2023-09-08,2137,N,VIIRS,n,2,311.05,8.63,D,0
39.03572,-121.92653,342.9,0.48,0.48,2023-09-08,2137,N,VIIRS,n,2,312.38,8.98,D,0
39.14978,-121.88604,355.13,0.48,0.48,2023-09-08,2137,N,VIIRS,n,2,316.85,31.27,D,0
39.39981,-121.99535,344.35,0.48,0.48,2023-09-08,2137,N,VIIRS,n,2,312.51,6.4,D,0
39.40027,-121.98975,353.51,0.48,0.48,2023-09-08,2137,N,VIIRS,n,2,312.69,17.9,D,0
39.6397,-121.87583,334.81,0.49,0.48,2023-09-08,2137,N,VIIRS,n,2,307.04,3.21,D,0
39.65672,-121.88964,339.2,0.49,0.48,2023-09-08,2137,N,VIIRS,l,2,312.97,8.58,D,0
41.29498,-123.4603,329.78,0.42,0.45,2023-09-08,2138,N,VIIRS,n,2,296.66,3.53,D,0
41.31828,-123.43722,340.58,0.42,0.45,2023-09-08,2138,N,VIIRS,n,2,296.0,6.75,D,0
41.32023,-123.51118,339.2,0.42,0.45,2023-09-08,2138,N,VIIRS,n,2,298.89,3.6,D,0
41.32057,-123.5074,325.21,0.42,0.45,2023-09-08,2138,N,VIIRS,l,2,298.66,8.71,D,0
41.40347,-123.76464,326.23,0.41,0.45,2023-09-08,2138,N,VIIRS,l,2,298.18,2.94,D,0
41.41282,-123.7541,330.3,0.41,0.45,2023-09-08,2138,N,VIIRS,n,2,296.23,2.01,D,0
41.50929,-123.67999,337.57,0.41,0.45,2023-09-08,2138,N,VIIRS,n,2,295.0,3.76,D,0
41.51345,-123.68059,336.53,0.41,0.45,2023-09-08,2138,N,VIIRS,n,2,294.75,10.35,D,0
41.5139,-123.67567,347.35,0.41,0.45,2023-09-08,2138,N,VIIRS,n,2,297.43,10.35,D,0
41.55001,-123.69588,349.11,0.41,0.45,2023-09-08,2138,N,VIIRS,n,2,297.46,13.29,D,0
41.55048,-123.69089,338.78,0.41,0.45,2023-09-08,2138,N,VIIRS,n,2,294.41,10.95,D,0
41.57184,-123.64257,326.23,0.42,0.45,2023-09-08,2138,N,VIIRS,l,2,297.49,3.56,D,0
41.57244,-123.64036,336.06,0.42,0.45,2023-09-08,2138,N,VIIRS,n,2,298.2,8.54,D,0
41.5765,-123.63805,353.4,0.42,0.45,2023-09-08,2138,N,VIIRS,n,2,306.4,24.27,D,0
41.57655,-123.64176,336.2,0.42,0.45,2023-09-08,2138,N,VIIRS,n,2,304.25,8.54,D,0
41.57705,-123.63589,340.53,0.42,0.45,2023-09-08,2138,N,VIIRS,n,2,299.69,16.58,D,0
42.04325,-123.79361,331.73,0.41,0.45,2023-09-08,2138,N,VIIRS,n,2,300.59,2.74,D,0
42.04374,-123.78816,325.64,0.42,0.45,2023-09-08,2138,N,VIIRS,l,2,299.98,2.74,D,0
42.04424,-123.78266,330.98,0.42,0.45,2023-09-08,2138,N,VIIRS,n,2,300.23,4.29,D,0
42.04475,-123.77692,346.5,0.42,0.45,2023-09-08,2138,N,VIIRS,n,2,300.79,4.29,D,0
42.04786,-123.78932,337.35,0.42,0.45,2023-09-08,2138,N,VIIRS,n,2,300.57,2.74,D,0
42.04835,-123.78389,341.56,0.42,0.45,2023-09-08,2138,N,VIIRS,n,2,298.44,4.29,D,0
39.14716,-121.88795,300.6,0.39,0.36,2023-09-09,956,N,VIIRS,n,2,288.32,0.56,N,0
39.14851,-121.88526,302.83,0.39,0.36,2023-09-09,956,N,VIIRS,n,2,289.09,0.62,N,0
39.39742,-121.99046,301.83,0.39,0.37,2023-09-09,956,N,VIIRS,n,2,287.55,0.45,N,0
39.40076,-121.98966,306.2,0.39,0.37,2023-09-09,956,N,VIIRS,n,2,287.53,0.55,N,0
39.40141,-121.99422,301.9,0.39,0.37,2023-09-09,956,N,VIIRS,n,2,287.03,0.71,N,0
39.49205,-119.62045,300.66,0.39,0.36,2023-09-09,956,N,VIIRS,n,2,285.86,0.42,N,0
39.61971,-119.2618,308.53,0.39,0.36,2023-09-09,956,N,VIIRS,n,2,287.95,0.76,N,0
39.65895,-121.89446,301.78,0.39,0.36,2023-09-09,956,N,VIIRS,n,2,288.21,0.93,N,0
39.83913,-122.02783,302.03,0.4,0.37,2023-09-09,956,N,VIIRS,n,2,287.87,0.66,N,0
40.48416,-122.53243,300.44,0.41,0.37,2023-09-09,956,N,VIIRS,n,2,289.85,0.16,N,0
40.7379,-122.32243,299.62,0.41,0.37,2023-09-09,956,N,VIIRS,n,2,289.45,0.26,N,0
40.78697,-119.20238,296.25,0.39,0.36,2023-09-09,956,N,VIIRS,n,2,283.28,0.37,N,0
40.82069,-114.25911,304.82,0.53,0.42,2023-09-09,956,N,VIIRS,n,2,285.93,2.07,N,2
41.31334,-123.43867,305.55,0.44,0.38,2023-09-09,956,N,VIIRS,n,2,286.76,2.24,N,0
41.31688,-123.43797,338.18,0.44,0.38,2023-09-09,956,N,VIIRS,n,2,290.16,2.24,N,0
41.31746,-123.44263,299.97,0.44,0.38,2023-09-09,956,N,VIIRS,n,2,286.79,2.24,N,0
41.32098,-123.4418,331.84,0.44,0.38,2023-09-09,956,N,VIIRS,n,2,288.5,2.4,N,0
41.32449,-123.4408,300.5,0.44,0.38,2023-09-09,956,N,VIIRS,n,2,286.9,2.4,N,0
41.39961,-123.72617,312.96,0.45,0.39,2023-09-09,956,N,VIIRS,n,2,284.78,1.65,N,0
41.40399,-123.76214,302.88,0.45,0.39,2023-09-09,956,N,VIIRS,n,2,284.54,0.81,N,0
41.4076,-123.76162,306.15,0.45,0.39,2023-09-09,956,N,VIIRS,n,2,285.45,0.81,N,0
41.50858,-123.67907,333.97,0.45,0.39,2023-09-09,956,N,VIIRS,n,2,285.29,8.1,N,0
41.50925,-123.68451,298.91,0.45,0.39,2023-09-09,956,N,VIIRS,n,2,284.03,2.39,N,0
41.51148,-123.67287,326.36,0.45,0.39,2023-09-09,956,N,VIIRS,n,2,293.84,8.1,N,0
41.51215,-123.67832,320.75,0.45,0.39,2023-09-09,956,N,VIIRS,n,2,288.35,8.1,N,0
41.51504,-123.67198,328.79,0.45,0.39,2023-09-09,956,N,VIIRS,n,2,290.45,5.7,N,0
41.51571,-123.67746,331.01,0.45,0.39,2023-09-09,956,N,VIIRS,n,2,290.79,5.7,N,0
41.54665,-123.6908,312.66,0.45,0.39,2023-09-09,956,N,VIIRS,n,2,285.2,1.07,N,0
41.54731,-123.69617,302.78,0.45,0.39,2023-09-09,956,N,VIIRS,n,2,284.98,1.11,N,0
41.54801,-123.70183,301.74,0.45,0.39,2023-09-09,956,N,VIIRS,n,2,284.06,1.11,N,0
41.54868,-123.69453,325.24,0.45,0.39,2023-09-09,956,N,VIIRS,n,2,286.08,3.26,N,0
41.54935,-123.70018,312.22,0.45,0.39,2023-09-09,956,N,VIIRS,n,2,285.57,1.99,N,0
41.55087,-123.69533,321.29,0.45,0.39,2023-09-09,956,N,VIIRS,n,2,285.76,1.11,N,0
41.55159,-123.70112,296.91,0.45,0.39,2023-09-09,956,N,VIIRS,n,2,285.79,1.11,N,0
41.55225,-123.69367,308.13,0.45,0.39,2023-09-09,956,N,VIIRS,n,2,284.56,0.6,N,0
41.56273,-123.72016,298.61,0.45,0.39,2023-09-09,956,N,VIIRS,n,2,286.14,0.67,N,0
41.56628,-123.71915,298.44,0.45,0.39,2023-09-09,956,N,VIIRS,n,2,286.36,0.67,N,0
41.57169,-123.64256,296.51,0.45,0.39,2023-09-09,956,N,VIIRS,n,2,284.85,0.56,N,0
41.57461,-123.63651,333.37,0.45,0.39,2023-09-09,956,N,VIIRS,n,2,287.83,3.54,N,0
41.57819,-123.63577,315.88,0.45,0.39,2023-09-09,956,N,VIIRS,n,2,286.5,3.54,N,0
41.61196,-123.583,328.34,0.45,0.39,2023-09-09,956,N,VIIRS,n,2,287.99,1.53,N,0
41.61468,-123.5755,296.71,0.45,0.39,2023-09-09,956,N,VIIRS,n,2,286.4,1.53,N,0
41.61547,-123.58183,311.14,0.45,0.39,2023-09-09,956,N,VIIRS,n,2,287.07,1.53,N,0
41.61627,-123.58829,314.76,0.45,0.39,2023-09-09,956,N,VIIRS,n,2,287.72,2.83,N,0
41.6517,-123.50723,302.81,0.45,0.39,2023-09-09,956,N,VIIRS,n,2,287.35,0.75,N,0
41.65583,-123.51113,300.8,0.45,0.39,2023-09-09,956,N,VIIRS,n,2,287.31,0.75,N,0
41.65875,-123.50524,298.46,0.45,0.39,2023-09-09,956,N,VIIRS,n,2,287.08,0.8,N,0
41.68603,-123.40144,322.1,0.44,0.39,2023-09-09,956,N,VIIRS,n,2,287.13,2.28,N,0
41.68953,-123.40036,308.47,0.44,0.39,2023-09-09,956,N,VIIRS,n,2,287.13,0.69,N,0
41.69019,-123.40565,302.97,0.44,0.39,2023-09-09,956,N,VIIRS,n,2,286.42,0.69,N,0
41.6917,-123.38858,336.48,0.44,0.39,2023-09-09,956,N,VIIRS,n,2,288.4,5.25,N,0
41.69302,-123.39917,298.9,0.44,0.39,2023-09-09,956,N,VIIRS,n,2,286.35,0.69,N,0
41.70214,-123.4432,301.85,0.44,0.39,2023-09-09,956,N,VIIRS,n,2,286.19,1.17,N,0
41.70494,-123.43645,311.97,0.44,0.39,2023-09-09,956,N,VIIRS,n,2,286.61,1.58,N,0
41.70845,-123.43546,316.38,0.44,0.39,2023-09-09,956,N,VIIRS,n,2,287.66,1.02,N,0
41.71198,-123.43451,297.78,0.44,0.39,2023-09-09,956,N,VIIRS,n,2,286.13,1.02,N,0
41.71271,-123.4404,298.32,0.44,0.39,2023-09-09,956,N,VIIRS,n,2,286.41,1.04,N,0
41.71627,-123.43974,299.25,0.44,0.39,2023-09-09,956,N,VIIRS,n,2,286.47,1.26,N,0
41.71914,-123.43349,325.21,0.44,0.39,2023-09-09,956,N,VIIRS,n,2,286.85,2.26,N,0
41.72198,-123.42716,296.3,0.44,0.39,2023-09-09,956,N,VIIRS,n,2,285.64,0.73,N,0
41.72271,-123.43287,306.02,0.44,0.39,2023-09-09,956,N,VIIRS,n,2,286.71,0.73,N,0
41.72343,-123.40962,327.68,0.44,0.39,2023-09-09,956,N,VIIRS,n,2,287.48,2.3,N,0
41.72414,-123.41531,332.87,0.44,0.39,2023-09-09,956,N,VIIRS,n,2,288.88,4.57,N,0
41.72486,-123.42101,338.04,0.44,0.39,2023-09-09,956,N,VIIRS,n,2,288.88,4.57,N,0
41.72621,-123.41339,322.34,0.44,0.39,2023-09-09,956,N,VIIRS,n,2,287.6,2.08,N,0
41.72627,-123.43224,301.93,0.44,0.39,2023-09-09,956,N,VIIRS,n,2,286.52,0.73,N,0
41.7269,-123.41914,329.53,0.44,0.39,2023-09-09,956,N,VIIRS,n,2,288.12,1.76,N,0
41.72759,-123.42485,299.59,0.44,0.39,2023-09-09,956,N,VIIRS,n,2,286.5,1.76,N,0
41.72826,-123.43045,300.22,0.44,0.39,2023-09-09,956,N,VIIRS,n,2,286.6,0.63,N,0
41.72843,-123.42044,309.44,0.44,0.39,2023-09-09,956,N,VIIRS,n,2,286.59,1.46,N,0
41.86167,-123.86684,302.65,0.46,0.39,2023-09-09,956,N,VIIRS,n,2,284.4,0.6,N,0
34.35342,-116.85395,302.73,0.53,0.42,2023-09-09,957,N,VIIRS,n,2,291.05,1.1,N,0
34.35485,-116.85139,303.02,0.53,0.42,2023-09-09,957,N,VIIRS,n,2,291.13,0.58,N,0
34.43052,-118.64354,301.22,0.45,0.39,2023-09-09,957,N,VIIRS,n,2,287.2,0.7,N,0
34.62088,-117.10048,317.48,0.51,0.41,2023-09-09,957,N,VIIRS,n,2,294.43,2.44,N,0
34.62131,-117.10159,317.71,0.51,0.41,2023-09-09,957,N,VIIRS,n,2,294.29,2.51,N,0
36.02995,-119.34396,312.93,0.41,0.37,2023-09-09,957,N,VIIRS,n,2,290.73,1.73,N,0
36.35898,-114.91041,311.4,0.4,0.44,2023-09-09,957,N,VIIRS,n,2,294.04,1.48,N,2
37.18358,-121.67834,302.16,0.39,0.36,2023-09-09,957,N,VIIRS,n,2,287.86,0.45,N,0
37.2136,-121.89951,297.48,0.39,0.36,2023-09-09,957,N,VIIRS,n,2,287.15,0.4,N,0
37.4559,-121.93233,308.7,0.39,0.36,2023-09-09,957,N,VIIRS,n,2,287.26,0.52,N,2
37.88489,-121.18596,300.33,0.38,0.36,2023-09-09,957,N,VIIRS,n,2,288.74,0.36,N,2
37.94348,-122.39691,302.16,0.39,0.36,2023-09-09,957,N,VIIRS,n,2,287.23,0.84,N,2
37.9508,-122.39986,304.56,0.39,0.36,2023-09-09,957,N,VIIRS,n,2,292.86,0.96,N,2
38.00506,-121.93541,307.67,0.39,0.36,2023-09-09,957,N,VIIRS,n,2,290.38,0.58,N,2
38.01377,-122.11179,303.92,0.39,0.36,2023-09-09,957,N,VIIRS,n,2,291.58,1.05,N,2
38.06949,-122.14001,303.7,0.39,0.36,2023-09-09,957,N,VIIRS,n,2,291.11,0.96,N,2
38.07282,-122.13923,308.06,0.39,0.36,2023-09-09,957,N,VIIRS,n,2,295.48,0.96,N,2
38.21547,-121.98554,299.07,0.39,0.36,2023-09-09,957,N,VIIRS,n,2,287.65,0.36,N,2
38.29992,-122.74685,302.05,0.4,0.37,2023-09-09,957,N,VIIRS,n,2,286.2,0.53,N,2
32.55487,-114.84315,308.66,0.48,0.48,2023-09-09,958,N,VIIRS,n,2,294.01,0.93,N,0
32.55811,-114.83672,317.52,0.48,0.48,2023-09-09,958,N,VIIRS,n,2,294.96,1.79,N,0
32.55922,-114.8418,305.97,0.48,0.48,2023-09-09,958,N,VIIRS,n,2,294.38,1.52,N,0
32.5981,-117.01307,303.74,0.56,0.43,2023-09-09,958,N,VIIRS,n,2,291.28,0.98,N,0
32.62975,-115.52761,316.11,0.44,0.46,2023-09-09,958,N,VIIRS,n,2,296.68,1.82,N,0
32.85645,-117.14693,300.7,0.54,0.42,2023-09-09,958,N,VIIRS,n,2,290.34,0.58,N,2
33.61444,-117.821,306.05,0.49,0.4,2023-09-09,958,N,VIIRS,n,2,290.61,0.56,N,0
33.71428,-117.70885,302.72,0.5,0.41,2023-09-09,958,N,VIIRS,n,2,291.45,0.72,N,0
33.77363,-118.21717,301.69,0.47,0.4,2023-09-09,958,N,VIIRS,n,2,291.43,0.32,N,2
33.77746,-118.23724,305.75,0.47,0.4,2023-09-09,958,N,VIIRS,n,2,294.22,1.05,N,2
33.85204,-118.3325,305.74,0.47,0.39,2023-09-09,958,N,VIIRS,n,2,293.14,1.91,N,2
34.03602,-118.10555,306.8,0.47,0.4,2023-09-09,958,N,VIIRS,n,2,291.91,0.62,N,0
34.11525,-117.92676,303.46,0.48,0.4,2023-09-09,958,N,VIIRS,n,2,292.31,0.53,N,2
34.15434,-118.1944,321.02,0.47,0.39,2023-09-09,958,N,VIIRS,n,2,292.0,1.61,N,2
34.24268,-118.3803,302.23,0.46,0.39,2023-09-09,958,N,VIIRS,n,2,291.65,0.54,N,0
34.29206,-118.80223,313.31,0.44,0.38,2023-09-09,958,N,VIIRS,n,2,290.3,1.42,N,0
34.31884,-118.50934,303.87,0.45,0.39,2023-09-09,958,N,VIIRS,n,2,291.16,0.73,N,0
34.32609,-118.52853,301.09,0.45,0.39,2023-09-09,958,N,VIIRS,n,2,290.97,0.38,N,2
34.33571,-118.52043,313.77,0.45,0.39,2023-09-09,958,N,VIIRS,n,2,291.88,1.41,N,2
32.32949,-114.93919,334.31,0.79,0.78,2023-09-09,1936,N,VIIRS,n,2,302.82,2.73,D,0
32.33504,-114.94072,367.0,0.79,0.78,2023-09-09,1936,N,VIIRS,h,2,304.63,17.83,D,0
32.33643,-114.94205,367.0,0.79,0.78,2023-09-09,1936,N,VIIRS,h,2,303.92,16.12,D,0
32.46899,-114.90051,331.17,0.78,0.78,2023-09-09,1936,N,VIIRS,l,2,302.25,3.99,D,0
32.52853,-114.93456,342.35,0.78,0.78,2023-09-09,1936,N,VIIRS,n,2,302.05,6.21,D,0
32.53014,-114.9363,343.4,0.78,0.78,2023-09-09,1936,N,VIIRS,n,2,302.24,6.72,D,0
35.53384,-115.45185,336.34,0.69,0.74,2023-09-09,1937,N,VIIRS,n,2,299.88,1.7,D,0
35.57586,-115.48477,341.89,0.69,0.74,2023-09-09,1937,N,VIIRS,n,2,300.44,2.76,D,0
35.57655,-115.48607,342.39,0.69,0.74,2023-09-09,1937,N,VIIRS,n,2,300.9,6.31,D,0
32.29837,-116.54983,355.2,0.43,0.46,2023-09-09,2116,N,VIIRS,n,2,312.78,19.24,D,0
32.30261,-116.55043,355.29,0.43,0.46,2023-09-09,2116,N,VIIRS,n,2,313.65,15.16,D,0
32.39573,-114.76458,346.9,0.55,0.51,2023-09-09,2116,N,VIIRS,l,2,317.44,16.82,D,2
32.39622,-114.75868,341.92,0.55,0.51,2023-09-09,2116,N,VIIRS,l,2,314.2,31.92,D,0
32.40046,-114.76511,346.52,0.55,0.51,2023-09-09,2116,N,VIIRS,l,2,317.92,16.82,D,0
32.40096,-114.75922,349.56,0.55,0.51,2023-09-09,2116,N,VIIRS,n,2,320.79,31.92,D,2
32.42201,-117.09203,352.35,0.4,0.45,2023-09-09,2116,N,VIIRS,n,2,302.45,8.15,D,0
32.59499,-114.96744,347.91,0.53,0.5,2023-09-09,2116,N,VIIRS,n,2,313.07,8.93,D,0
36.50127,-119.20266,339.36,0.53,0.42,2023-09-09,2117,N,VIIRS,l,2,310.35,3.73,D,0
36.50507,-119.20373,334.13,0.53,0.42,2023-09-09,2117,N,VIIRS,l,2,305.74,3.73,D,0
36.63443,-119.37246,331.2,0.52,0.42,2023-09-09,2117,N,VIIRS,l,2,304.53,2.41,D,0
38.63905,-121.98976,352.92,0.43,0.38,2023-09-09,2118,N,VIIRS,n,2,315.81,7.86,D,0
38.75011,-121.81941,349.54,0.44,0.38,2023-09-09,2118,N,VIIRS,n,2,319.11,13.03,D,0
38.9867,-121.49178,347.28,0.45,0.39,2023-09-09,2118,N,VIIRS,n,2,315.17,9.17,D,0
39.18813,-121.93329,336.1,0.44,0.38,2023-09-09,2118,N,VIIRS,l,2,309.41,5.25,D,0
39.24905,-121.64481,348.35,0.45,0.39,2023-09-09,2118,N,VIIRS,n,2,315.8,7.24,D,0
39.25005,-121.64779,343.25,0.45,0.39,2023-09-09,2118,N,VIIRS,l,2,315.76,5.85,D,0
39.39984,-121.99122,350.38,0.44,0.38,2023-09-09,2118,N,VIIRS,n,2,320.47,4.52,D,0
39.50133,-121.95169,336.37,0.44,0.38,2023-09-09,2118,N,VIIRS,n,2,308.17,4.35,D,0
41.29465,-123.45986,333.92,0.41,0.37,2023-09-09,2119,N,VIIRS,n,2,298.39,3.89,D,0
41.31515,-123.43707,345.7,0.41,0.37,2023-09-09,2119,N,VIIRS,n,2,300.29,4.82,D,0
41.31856,-123.43791,341.4,0.41,0.37,2023-09-09,2119,N,VIIRS,n,2,299.64,5.26,D,0
41.32195,-123.43892,344.39,0.41,0.37,2023-09-09,2119,N,VIIRS,n,2,298.99,5.26,D,0
41.39652,-123.66734,334.54,0.41,0.37,2023-09-09,2119,N,VIIRS,n,2,299.62,7.24,D,0
41.3998,-123.72247,335.0,0.41,0.37,2023-09-09,2119,N,VIIRS,n,2,305.12,9.04,D,0
41.40127,-123.7645,334.49,0.41,0.37,2023-09-09,2119,N,VIIRS,n,2,303.68,5.06,D,0
41.40319,-123.72329,330.79,0.41,0.37,2023-09-09,2119,N,VIIRS,n,2,297.47,3.06,D,0
41.40533,-123.76022,336.27,0.41,0.37,2023-09-09,2119,N,VIIRS,l,2,306.35,26.76,D,0
41.51004,-123.67989,332.58,0.41,0.37,2023-09-09,2119,N,VIIRS,n,2,299.72,4.58,D,0
41.51068,-123.67501,338.76,0.41,0.37,2023-09-09,2119,N,VIIRS,n,2,301.15,34.65,D,0
41.51131,-123.67012,332.71,0.41,0.37,2023-09-09,2119,N,VIIRS,l,2,304.62,34.65,D,0
41.51408,-123.67582,337.57,0.41,0.37,2023-09-09,2119,N,VIIRS,n,2,302.29,34.65,D,0
41.54727,-123.68993,329.08,0.41,0.37,2023-09-09,2119,N,VIIRS,n,2,296.46,3.69,D,0
41.55002,-123.69568,344.97,0.41,0.37,2023-09-09,2119,N,VIIRS,n,2,299.08,5.46,D,0
41.55066,-123.69078,340.38,0.41,0.37,2023-09-09,2119,N,VIIRS,n,2,297.58,5.46,D,0
41.5645,-123.71873,339.03,0.41,0.37,2023-09-09,2119,N,VIIRS,n,2,297.65,3.0,D,0
41.56786,-123.71975,334.4,0.41,0.37,2023-09-09,2119,N,VIIRS,n,2,295.82,3.51,D,0
41.57507,-123.6388,339.83,0.41,0.37,2023-09-09,2119,N,VIIRS,n,2,308.35,10.57,D,0
41.57574,-123.63377,344.15,0.41,0.37,2023-09-09,2119,N,VIIRS,n,2,305.25,10.57,D,0
41.60163,-123.54362,335.32,0.41,0.37,2023-09-09,2119,N,VIIRS,n,2,302.53,1.9,D,0
41.61252,-123.58487,347.72,0.41,0.37,2023-09-09,2119,N,VIIRS,n,2,310.44,16.68,D,0
41.61593,-123.58566,348.08,0.41,0.37,2023-09-09,2119,N,VIIRS,n,2,305.87,19.67,D,0
41.61651,-123.58124,348.52,0.41,0.37,2023-09-09,2119,N,VIIRS,n,2,311.48,19.67,D,0
41.61993,-123.582,332.67,0.41,0.37,2023-09-09,2119,N,VIIRS,n,2,299.23,19.67,D,0
41.65083,-123.50607,328.78,0.42,0.37,2023-09-09,2119,N,VIIRS,l,2,300.38,2.63,D,0
41.65761,-123.50813,329.2,0.42,0.37,2023-09-09,2119,N,VIIRS,n,2,298.65,5.42,D,0
41.65827,-123.50303,330.05,0.42,0.37,2023-09-09,2119,N,VIIRS,n,2,299.87,2.4,D,0
41.69089,-123.38676,343.01,0.42,0.38,2023-09-09,2119,N,VIIRS,n,2,306.46,10.4,D,0
41.70583,-123.43556,337.92,0.42,0.37,2023-09-09,2119,N,VIIRS,n,2,304.22,5.47,D,0
41.70985,-123.43175,332.67,0.42,0.37,2023-09-09,2119,N,VIIRS,n,2,302.45,3.84,D,0
41.72023,-123.43351,338.12,0.42,0.37,2023-09-09,2119,N,VIIRS,n,2,303.44,2.78,D,0
41.72213,-123.41883,332.19,0.42,0.37,2023-09-09,2119,N,VIIRS,n,2,301.69,4.21,D,0
41.72275,-123.41402,339.42,0.42,0.38,2023-09-09,2119,N,VIIRS,n,2,303.26,5.37,D,0
41.72338,-123.40913,348.61,0.42,0.38,2023-09-09,2119,N,VIIRS,n,2,306.21,5.37,D,0
41.72369,-123.4341,335.19,0.42,0.37,2023-09-09,2119,N,VIIRS,n,2,302.21,2.78,D,0
41.72374,-123.42176,329.33,0.42,0.38,2023-09-09,2119,N,VIIRS,n,2,303.85,7.41,D,0
41.72435,-123.41689,367.0,0.42,0.38,2023-09-09,2119,N,VIIRS,h,2,310.29,7.41,D,0
41.72559,-123.41947,345.95,0.42,0.37,2023-09-09,2119,N,VIIRS,n,2,306.35,4.21,D,0
41.72559,-123.40715,332.12,0.42,0.38,2023-09-09,2119,N,VIIRS,n,2,299.88,10.03,D,0
41.72621,-123.41465,335.43,0.42,0.38,2023-09-09,2119,N,VIIRS,n,2,303.22,5.37,D,0
41.73002,-123.42796,339.08,0.42,0.37,2023-09-09,2119,N,VIIRS,n,2,302.66,4.99,D,0
41.78558,-123.91343,330.18,0.41,0.37,2023-09-09,2119,N,VIIRS,n,2,299.1,2.47,D,0
41.81009,-123.85998,328.84,0.41,0.37,2023-09-09,2119,N,VIIRS,l,2,299.67,2.57,D,0
42.02628,-123.80352,335.73,0.41,0.37,2023-09-09,2119,N,VIIRS,n,2,303.93,3.08,D,0
42.04048,-123.80228,343.54,0.41,0.37,2023-09-09,2119,N,VIIRS,n,2,301.75,6.88,D,0
42.04245,-123.78711,335.96,0.41,0.37,2023-09-09,2119,N,VIIRS,n,2,306.18,5.31,D,0
42.04312,-123.78201,330.12,0.41,0.37,2023-09-09,2119,N,VIIRS,n,2,303.54,5.31,D,0
42.04379,-123.77686,342.67,0.41,0.37,2023-09-09,2119,N,VIIRS,n,2,305.38,12.79,D,0
42.04388,-123.80315,350.74,0.41,0.37,2023-09-09,2119,N,VIIRS,n,2,303.98,6.88,D,0
42.04446,-123.77168,352.57,0.41,0.37,2023-09-09,2119,N,VIIRS,n,2,312.09,12.79,D,0
42.04453,-123.79816,367.0,0.41,0.37,2023-09-09,2119,N,VIIRS,h,2,303.74,12.69,D,0
42.04583,-123.78809,345.59,0.41,0.37,2023-09-09,2119,N,VIIRS,n,2,303.61,5.31,D,0
42.0465,-123.78303,355.91,0.41,0.37,2023-09-09,2119,N,VIIRS,n,2,307.08,5.31,D,0
42.04716,-123.77789,367.0,0.41,0.37,2023-09-09,2119,N,VIIRS,h,2,302.19,12.79,D,0
42.04784,-123.7727,339.27,0.41,0.37,2023-09-09,2119,N,VIIRS,n,2,301.97,12.79,D,0
42.04989,-123.78393,332.89,0.41,0.37,2023-09-09,2119,N,VIIRS,n,2,298.94,3.21,D,0
39.49339,-119.6222,299.87,0.46,0.39,2023-09-10,937,N,VIIRS,n,2,286.59,0.48,N,0
39.6189,-119.26105,306.84,0.44,0.39,2023-09-10,937,N,VIIRS,n,2,288.14,0.77,N,0
41.31572,-123.43271,321.2,0.47,0.48,2023-09-10,937,N,VIIRS,n,2,287.21,1.78,N,0
41.31614,-123.43774,299.59,0.47,0.48,2023-09-10,937,N,VIIRS,n,2,287.16,1.99,N,0
41.32019,-123.43256,314.8,0.47,0.48,2023-09-10,937,N,VIIRS,n,2,287.47,1.78,N,0
41.32056,-123.43703,317.11,0.47,0.48,2023-09-10,937,N,VIIRS,n,2,288.45,1.99,N,0
41.32092,-123.44132,304.12,0.47,0.48,2023-09-10,937,N,VIIRS,n,2,287.85,1.99,N,0
41.32494,-123.43575,298.27,0.47,0.48,2023-09-10,937,N,VIIRS,n,2,286.83,0.79,N,0
41.32529,-123.43999,300.81,0.47,0.48,2023-09-10,937,N,VIIRS,n,2,287.56,0.79,N,0
41.40765,-123.76573,299.14,0.49,0.49,2023-09-10,937,N,VIIRS,n,2,286.07,1.08,N,0
41.51087,-123.66914,302.05,0.49,0.48,2023-09-10,937,N,VIIRS,n,2,285.19,1.2,N,0
41.51135,-123.67529,314.27,0.49,0.48,2023-09-10,937,N,VIIRS,n,2,286.75,2.94,N,0
41.51532,-123.66801,299.84,0.49,0.48,2023-09-10,937,N,VIIRS,n,2,287.08,1.2,N,0
41.51582,-123.67432,327.84,0.49,0.48,2023-09-10,937,N,VIIRS,n,2,289.78,2.94,N,0
41.54877,-123.68861,300.17,0.49,0.49,2023-09-10,937,N,VIIRS,n,2,286.22,2.07,N,0
41.54924,-123.6944,336.36,0.49,0.49,2023-09-10,937,N,VIIRS,n,2,288.41,2.07,N,0
41.55372,-123.69363,303.55,0.49,0.49,2023-09-10,937,N,VIIRS,n,2,285.41,2.07,N,0
41.576,-123.6321,312.26,0.49,0.48,2023-09-10,937,N,VIIRS,n,2,285.4,1.39,N,0
41.57645,-123.63765,303.27,0.49,0.48,2023-09-10,937,N,VIIRS,n,2,285.73,1.39,N,0
41.58052,-123.63193,325.21,0.49,0.48,2023-09-10,937,N,VIIRS,n,2,286.98,2.42,N,0
41.58095,-123.63711,320.26,0.49,0.48,2023-09-10,937,N,VIIRS,n,2,288.15,2.42,N,0
41.58134,-123.64191,328.17,0.49,0.48,2023-09-10,937,N,VIIRS,n,2,287.57,4.86,N,0
41.58548,-123.63694,306.33,0.49,0.48,2023-09-10,937,N,VIIRS,n,2,285.76,2.42,N,0
41.61498,-123.59069,297.73,0.48,0.48,2023-09-10,937,N,VIIRS,n,2,287.16,1.61,N,0
41.65308,-123.50211,304.05,0.48,0.48,2023-09-10,937,N,VIIRS,n,2,286.89,1.11,N,0
41.65352,-123.5075,297.24,0.48,0.48,2023-09-10,937,N,VIIRS,n,2,286.78,1.31,N,0
41.65793,-123.50628,305.22,0.48,0.48,2023-09-10,937,N,VIIRS,n,2,287.14,1.56,N,0
41.68396,-123.40466,307.15,0.47,0.48,2023-09-10,937,N,VIIRS,n,2,286.19,1.29,N,0
41.685,-123.39901,305.11,0.47,0.48,2023-09-10,937,N,VIIRS,n,2,286.26,2.01,N,0
41.68551,-123.40496,309.83,0.47,0.48,2023-09-10,937,N,VIIRS,n,2,286.74,2.01,N,0
41.6869,-123.38502,301.01,0.47,0.48,2023-09-10,937,N,VIIRS,n,2,286.28,1.09,N,0
41.68741,-123.39141,304.22,0.47,0.48,2023-09-10,937,N,VIIRS,n,2,286.18,2.14,N,0
41.68787,-123.39725,325.25,0.47,0.48,2023-09-10,937,N,VIIRS,n,2,288.07,2.14,N,0
41.68834,-123.40321,298.0,0.47,0.48,2023-09-10,937,N,VIIRS,n,2,286.79,1.29,N,0
41.68835,-123.38566,333.49,0.47,0.48,2023-09-10,937,N,VIIRS,n,2,287.84,3.04,N,0
41.68887,-123.39169,307.37,0.47,0.48,2023-09-10,937,N,VIIRS,n,2,286.48,3.04,N,0
41.68936,-123.39745,323.41,0.47,0.48,2023-09-10,937,N,VIIRS,n,2,287.84,2.01,N,0
41.69129,-123.38371,312.77,0.47,0.48,2023-09-10,937,N,VIIRS,n,2,286.95,1.67,N,0
41.69176,-123.38973,318.27,0.47,0.48,2023-09-10,937,N,VIIRS,n,2,287.29,1.56,N,0
41.69221,-123.39536,304.39,0.47,0.48,2023-09-10,937,N,VIIRS,n,2,286.75,1.56,N,0
41.71346,-123.43655,304.37,0.48,0.48,2023-09-10,937,N,VIIRS,n,2,286.63,1.49,N,0
41.72088,-123.41689,302.2,0.48,0.48,2023-09-10,937,N,VIIRS,n,2,285.88,1.44,N,0
41.72537,-123.41687,318.28,0.48,0.48,2023-09-10,937,N,VIIRS,n,2,288.01,1.44,N,0
41.72592,-123.42368,297.52,0.48,0.48,2023-09-10,937,N,VIIRS,n,2,286.73,1.87,N,0
41.72985,-123.41671,298.35,0.48,0.48,2023-09-10,937,N,VIIRS,n,2,286.78,0.5,N,0
42.74257,-124.34627,295.24,0.54,0.51,2023-09-10,937,N,VIIRS,n,2,285.23,0.76,N,0
37.02407,-120.1974,300.94,0.45,0.39,2023-09-10,938,N,VIIRS,n,2,289.49,0.56,N,0
37.45651,-121.93467,306.19,0.54,0.42,2023-09-10,938,N,VIIRS,n,2,286.63,0.89,N,2
37.8851,-121.18415,299.11,0.51,0.41,2023-09-10,938,N,VIIRS,n,2,286.51,0.53,N,2
38.00357,-121.93742,304.47,0.55,0.43,2023-09-10,938,N,VIIRS,n,2,290.11,1.12,N,2
38.01413,-122.11145,299.84,0.56,0.43,2023-09-10,938,N,VIIRS,n,2,289.46,2.13,N,2
38.07142,-122.14112,306.99,0.56,0.43,2023-09-10,938,N,VIIRS,n,2,292.91,2.12,N,2
32.39957,-114.76346,322.35,0.44,0.38,2023-09-10,939,N,VIIRS,n,2,302.36,2.06,N,0
32.60006,-117.01169,308.95,0.39,0.36,2023-09-10,939,N,VIIRS,n,2,290.14,0.56,N,0
32.85667,-117.14778,308.43,0.39,0.36,2023-09-10,939,N,VIIRS,n,2,290.62,0.36,N,2
32.85924,-117.14883,307.79,0.39,0.36,2023-09-10,939,N,VIIRS,n,2,290.26,0.35,N,2
41.39703,-123.66925,299.23,0.59,0.7,2023-09-10,1117,N,VIIRS,n,2,287.11,1.87,N,0
41.39798,-123.67071,299.43,0.58,0.7,2023-09-10,1117,N,VIIRS,n,2,287.14,1.75,N,0
41.54795,-123.69015,304.79,0.58,0.7,2023-09-10,1117,N,VIIRS,n,2,285.44,1.23,N,0
41.55011,-123.69691,300.27,0.58,0.7,2023-09-10,1117,N,VIIRS,n,2,285.25,1.23,N,0
41.60236,-123.54749,296.65,0.58,0.7,2023-09-10,1117,N,VIIRS,n,2,285.56,0.65,N,0
41.61467,-123.58584,304.56,0.58,0.7,2023-09-10,1117,N,VIIRS,n,2,286.43,1.52,N,0
41.70966,-123.4341,295.12,0.59,0.7,2023-09-10,1117,N,VIIRS,n,2,285.08,1.36,N,0
41.71714,-123.43513,311.12,0.59,0.7,2023-09-10,1117,N,VIIRS,n,2,284.68,2.11,N,0
41.72324,-123.41035,296.29,0.59,0.7,2023-09-10,1117,N,VIIRS,n,2,285.24,0.8,N,0
41.72377,-123.4113,297.44,0.59,0.7,2023-09-10,1117,N,VIIRS,n,2,285.5,0.86,N,0
41.72486,-123.41536,302.51,0.59,0.7,2023-09-10,1117,N,VIIRS,n,2,285.55,1.03,N,0
41.72538,-123.41631,307.81,0.59,0.7,2023-09-10,1117,N,VIIRS,n,2,285.54,0.86,N,0
41.72644,-123.4202,299.17,0.59,0.7,2023-09-10,1117,N,VIIRS,n,2,285.09,1.03,N,0
41.73119,-123.41216,298.67,0.59,0.7,2023-09-10,1117,N,VIIRS,n,2,285.08,0.86,N,0
41.73243,-123.41661,297.94,0.59,0.7,2023-09-10,1117,N,VIIRS,n,2,285.24,1.03,N,0
42.01746,-123.90097,296.89,0.55,0.68,2023-09-10,1117,N,VIIRS,n,2,283.69,1.22,N,0
42.01936,-123.90694,297.66,0.55,0.68,2023-09-10,1117,N,VIIRS,n,2,283.17,1.44,N,0
42.0199,-123.89903,295.62,0.55,0.68,2023-09-10,1117,N,VIIRS,n,2,283.27,0.7,N,0
42.02151,-123.90417,298.29,0.55,0.68,2023-09-10,1117,N,VIIRS,n,2,282.62,0.7,N,0
37.64124,-120.77656,334.75,0.39,0.36,2023-09-10,2059,N,VIIRS,l,2,307.13,2.85,D,0
37.94521,-122.37798,356.07,0.41,0.37,2023-09-10,2059,N,VIIRS,n,2,308.09,5.69,D,0
38.18827,-120.77578,367.0,0.39,0.36,2023-09-10,2059,N,VIIRS,h,2,347.26,39.37,D,0
38.18896,-120.77142,337.21,0.39,0.36,2023-09-10,2059,N,VIIRS,n,2,309.68,35.61,D,0
38.19157,-120.7766,367.0,0.39,0.36,2023-09-10,2059,N,VIIRS,h,2,313.22,39.37,D,0
39.1527,-119.73879,340.74,0.39,0.36,2023-09-10,2059,N,VIIRS,n,2,311.08,1.34,D,0
41.3177,-123.43079,334.03,0.4,0.37,2023-09-10,2100,N,VIIRS,n,2,300.7,7.36,D,0
41.32287,-123.44156,332.68,0.4,0.37,2023-09-10,2100,N,VIIRS,n,2,297.31,43.57,D,0
41.32365,-123.4371,348.46,0.4,0.37,2023-09-10,2100,N,VIIRS,n,2,302.82,43.57,D,0
41.32703,-123.43781,341.22,0.4,0.37,2023-09-10,2100,N,VIIRS,n,2,306.68,43.57,D,0
41.40141,-123.7633,327.89,0.41,0.37,2023-09-10,2100,N,VIIRS,l,2,301.4,4.7,D,0
41.40557,-123.75975,336.92,0.41,0.37,2023-09-10,2100,N,VIIRS,n,2,296.5,4.7,D,0
41.40892,-123.76087,325.67,0.41,0.37,2023-09-10,2100,N,VIIRS,n,2,295.47,2.12,D,0
41.50948,-123.67062,344.73,0.41,0.37,2023-09-10,2100,N,VIIRS,n,2,297.87,4.88,D,0
41.51282,-123.67174,332.86,0.41,0.37,2023-09-10,2100,N,VIIRS,n,2,298.65,4.88,D,0
41.51356,-123.66888,351.9,0.41,0.37,2023-09-10,2100,N,VIIRS,n,2,301.12,58.81,D,0
41.51367,-123.6668,338.4,0.41,0.37,2023-09-10,2100,N,VIIRS,n,2,298.06,6.01,D,0
41.51694,-123.66975,367.0,0.41,0.37,2023-09-10,2100,N,VIIRS,h,2,331.6,58.81,D,0
41.51782,-123.66477,332.43,0.41,0.37,2023-09-10,2100,N,VIIRS,n,2,294.93,30.75,D,0
41.52031,-123.67068,327.47,0.41,0.37,2023-09-10,2100,N,VIIRS,n,2,293.27,1.93,D,0
41.54478,-123.69247,332.63,0.41,0.37,2023-09-10,2100,N,VIIRS,n,2,301.99,3.69,D,0
41.54815,-123.69336,340.64,0.41,0.37,2023-09-10,2100,N,VIIRS,n,2,300.35,3.69,D,0
41.54898,-123.68861,329.98,0.41,0.37,2023-09-10,2100,N,VIIRS,n,2,295.69,3.69,D,0
41.55151,-123.69437,343.79,0.41,0.37,2023-09-10,2100,N,VIIRS,n,2,300.3,3.92,D,0
41.56824,-123.72002,339.87,0.41,0.37,2023-09-10,2100,N,VIIRS,n,2,300.91,21.44,D,0
41.57959,-123.63414,341.69,0.41,0.37,2023-09-10,2100,N,VIIRS,n,2,306.73,7.06,D,0
41.58215,-123.63976,338.83,0.41,0.37,2023-09-10,2100,N,VIIRS,n,2,305.63,3.5,D,0
41.58293,-123.63519,340.77,0.41,0.37,2023-09-10,2100,N,VIIRS,n,2,303.22,4.22,D,0
41.60205,-123.54464,340.97,0.4,0.37,2023-09-10,2100,N,VIIRS,n,2,301.6,2.03,D,0
41.61213,-123.58838,348.73,0.4,0.37,2023-09-10,2100,N,VIIRS,n,2,307.7,6.73,D,0
41.61547,-123.58945,328.31,0.4,0.37,2023-09-10,2100,N,VIIRS,n,2,300.81,6.73,D,0
41.65102,-123.50497,334.36,0.4,0.37,2023-09-10,2100,N,VIIRS,n,2,298.96,3.42,D,0
41.65155,-123.5032,336.63,0.4,0.37,2023-09-10,2100,N,VIIRS,n,2,299.08,3.99,D,0
41.65492,-123.50407,341.64,0.4,0.37,2023-09-10,2100,N,VIIRS,n,2,298.38,3.99,D,0
41.65749,-123.50957,326.95,0.4,0.37,2023-09-10,2100,N,VIIRS,n,2,297.09,2.31,D,0
41.65829,-123.50494,327.09,0.4,0.37,2023-09-10,2100,N,VIIRS,n,2,296.71,2.48,D,0
41.68702,-123.39898,338.41,0.4,0.37,2023-09-10,2100,N,VIIRS,n,2,302.89,6.93,D,0
41.68785,-123.39416,342.55,0.4,0.37,2023-09-10,2100,N,VIIRS,n,2,315.3,20.55,D,0
41.68867,-123.38939,335.84,0.4,0.37,2023-09-10,2100,N,VIIRS,n,2,302.94,20.55,D,0
41.68951,-123.38447,333.17,0.4,0.37,2023-09-10,2100,N,VIIRS,n,2,299.42,4.24,D,0
41.69122,-123.39499,339.55,0.4,0.37,2023-09-10,2100,N,VIIRS,n,2,300.0,6.65,D,0
41.722,-123.41994,332.18,0.4,0.37,2023-09-10,2100,N,VIIRS,n,2,298.52,3.15,D,0
41.86483,-123.94184,333.58,0.41,0.37,2023-09-10,2100,N,VIIRS,n,2,302.97,4.82,D,0
41.86494,-123.85988,345.56,0.41,0.37,2023-09-10,2100,N,VIIRS,n,2,305.18,8.33,D,0
41.86839,-123.88072,340.75,0.41,0.37,2023-09-10,2100,N,VIIRS,n,2,304.38,11.6,D,0
41.86915,-123.85606,334.21,0.41,0.37,2023-09-10,2100,N,VIIRS,n,2,302.28,8.33,D,0
41.87008,-123.87101,333.07,0.41,0.37,2023-09-10,2100,N,VIIRS,l,2,306.03,3.97,D,0
42.01577,-123.82618,345.45,0.41,0.37,2023-09-10,2100,N,VIIRS,n,2,303.94,13.5,D,0
42.01914,-123.82713,352.89,0.41,0.37,2023-09-10,2100,N,VIIRS,n,2,305.04,13.5,D,0
42.02002,-123.90156,347.17,0.41,0.37,2023-09-10,2100,N,VIIRS,n,2,303.32,8.57,D,0
42.02077,-123.89959,343.35,0.41,0.37,2023-09-10,2100,N,VIIRS,n,2,303.45,7.2,D,0
42.02746,-123.79935,333.41,0.41,0.37,2023-09-10,2100,N,VIIRS,l,2,305.81,4.35,D,0
42.03963,-123.80978,367.0,0.41,0.37,2023-09-10,2100,N,VIIRS,l,2,331.02,84.85,D,0
42.04048,-123.80494,347.22,0.41,0.37,2023-09-10,2100,N,VIIRS,n,2,306.16,21.07,D,0
42.04214,-123.79539,333.28,0.41,0.37,2023-09-10,2100,N,VIIRS,l,2,303.46,2.46,D,0
42.04379,-123.7859,332.92,0.41,0.37,2023-09-10,2100,N,VIIRS,l,2,304.43,3.09,D,0
42.04461,-123.78117,337.48,0.41,0.37,2023-09-10,2100,N,VIIRS,n,2,306.07,3.09,D,0
42.04542,-123.7765,352.45,0.41,0.37,2023-09-10,2100,N,VIIRS,n,2,307.58,6.15,D,0
42.04623,-123.77185,337.58,0.4,0.37,2023-09-10,2100,N,VIIRS,n,2,305.88,6.15,D,0
42.04716,-123.7868,341.75,0.41,0.37,2023-09-10,2100,N,VIIRS,n,2,307.22,9.11,D,0
42.04961,-123.77271,330.47,0.4,0.37,2023-09-10,2100,N,VIIRS,l,2,303.92,5.58,D,0
42.05043,-123.76797,333.62,0.4,0.37,2023-09-10,2100,N,VIIRS,l,2,306.64,6.17,D,0
42.05053,-123.78778,342.28,0.41,0.37,2023-09-10,2100,N,VIIRS,n,2,306.33,9.11,D,0
42.05135,-123.78303,340.49,0.41,0.37,2023-09-10,2100,N,VIIRS,n,2,301.93,9.11,D,0
42.74993,-124.33566,333.82,0.41,0.37,2023-09-10,2100,N,VIIRS,n,2,295.02,2.41,D,0
