,FIRE_NAME,ALARM_DATE,CONT_DATE,CAUSE,GIS_ACRES,DURATION
129,SOUTHERN,2021-05-02,2022-05-06,Equipment Use,5365.902,371
154,TIVY,2021-09-07,2022-09-07,Equipment Use,25.03143,367
270,FORBIDDEN,2013-05-09,2013-10-18,Lightning,198.145,164
405,TRAIL,2017-08-12,2018-01-15,Lightning,31.87081,158
291,ANTELOPE,2021-08-01,2022-01-03,Lightning,145631.8,157
516,SAW,2017-03-08,2017-08-08,Vehicle,53.36273,155
592,ABNEY,2017-08-10,2018-01-09,Lightning,32893.26,154
395,ROWELL,2017-08-20,2018-01-15,Lightning,48.382,150
230,SPRINGS,2019-07-26,2019-12-18,Lightning,6614.634,147
396,SCHAEFFER,2017-06-24,2017-11-15,Lightning,15833.21,146
181,MEADOW,2015-02-22,2015-07-15,Debris,22.062,145
243,SADDLE,2015-06-09,2015-10-30,Lightning,1542.967,145
147,BIG FIVE,2015-06-17,2015-11-02,Lightning,264.5698,140
235,SHOTGUN,2020-08-19,2021-01-04,Lightning,840.8506,140
237,CASTLE,2020-08-19,2021-01-04,Lightning,170647.9,140
377,DOUGLAS,2017-07-03,2017-11-16,Lightning,310.7712,138
301,RATTLESNAKE,2020-08-16,2020-12-28,Lightning,8422.869,136
565,NORTH GUARD,2017-07-18,2017-11-27,Lightning,8.235841,134
299,MORAINE,2020-08-21,2020-12-29,Lightning,1316.038,132
154,WHITE CASCADE,2015-07-03,2015-11-09,Lightning,50.73343,131
483,RIMROCK,2017-07-24,2017-11-29,Lightning,1492.398,130
205,CABIN SEQ,2015-07-19,2015-11-23,Lightning,6996.186,129
271,LAVA,2021-06-25,2021-10-26,Lightning,26328.9,125
130,RIDGE,2020-09-14,2021-01-14,Vehicle,17.10545,124
209,REDWOOD,2023-08-15,2023-12-14,Lightning,2248.449,123
555,EMPIRE,2017-07-31,2017-11-27,Lightning,8577.552,121
229,COW,2019-07-25,2019-11-21,Lightning,1875.988,121
275,SALT,2021-06-30,2021-10-26,Equipment Use,12599.14,120
294,BLUEJAY,2020-07-25,2020-11-19,Lightning,6922.014,119
298,WALKERS,2021-08-15,2021-12-08,Lightning,8778.784,117
281,AVALANCHE,2022-07-18,2022-11-10,Lightning,28.92503,117
288,RED SALMON COMPLEX,2020-07-27,2020-11-19,Lightning,143836.4,117
353,TAMARACK,2021-07-04,2021-10-26,Lightning,67054.51,116
283,DEXTER,2021-07-12,2021-11-01,Lightning,2967.832,114
263,BRODER,2019-08-08,2019-11-25,Lightning,328.0544,111
593,KNOX,2017-08-11,2017-11-28,Lightning,492.5997,111
236,NORTH COMPLEX,2020-08-17,2020-12-03,Lightning,318797.3,110
486,APPLE,2020-07-31,2020-11-15,Equipment Use,33235.8,109
294,HOCKETT FIRE,2013-07-23,2013-11-07,Lightning,48.82448,109
289,RED,2019-08-14,2019-11-27,Lightning,36.58359,107
151,MIDDLE,2015-07-27,2015-11-08,Lightning,324.7684,106
367,DIXIE,2021-07-14,2021-10-25,Powerline,963405.4,105
303,WOLF,2020-08-10,2020-11-19,Lightning,2057.296,103
370,FORK,2017-08-07,2017-11-15,Lightning,3372.92,102
253,HAYNES,2019-06-16,2019-09-23,Lightning,23.59244,101
174,ROUGH,2015-07-31,2015-11-06,Lightning,151546.8,100
286,SUMMIT,2021-07-20,2021-10-26,Lightning,22.27062,100
401,GARDEN,2017-07-30,2017-11-04,Equipment Use,1282.467,99
127,KNP Complex,2021-09-10,2021-12-16,Lightning,88257.13,99
440,GARDEN,2017-08-09,2017-11-13,Lightning,265.481,98
308,MONUMENT,2021-07-31,2021-11-03,Lightning,223107.9,97
444,MARY,2017-08-10,2017-11-13,Lightning,91.3345,97
304,WOODWARD,2020-08-18,2020-11-20,Lightning,4901.727,96
279,RED,2022-08-04,2022-11-06,Lightning,8432.419,96
446,WALLOW,2017-08-11,2017-11-13,Lightning,63785.07,96
190,NICKOWITZ,2015-08-01,2015-11-02,Lightning,7576.045,95
441,GRIZZLY,2017-08-12,2017-11-13,Lightning,90.6049,95
586,STARR KING,2017-08-02,2017-11-03,Lightning,56.16541,95
191,BEAR,2015-07-31,2015-10-31,Lightning,11616.88,94
127,DERSCH,2020-10-25,2021-01-25,Arson,133.2995,94
230,JOHNSON,2015-07-30,2015-10-30,Lightning,17821.11,94
222,SHIELL,2015-07-30,2015-10-30,Lightning,15390.65,94
221,PEAK,2015-07-30,2015-10-30,Lightning,6273.949,94
197,EAST,2015-07-30,2015-10-30,Lightning,1530.955,94
218,BLUE,2015-07-30,2015-10-30,Lightning,2828.028,94
582,PORCUPINE,2017-08-02,2017-11-02,Lightning,10.51803,94
204,CASTLE 1,2015-07-30,2015-10-30,Lightning,662.1591,94
196,GROVES,2015-07-30,2015-10-30,Lightning,6803.031,94
219,RAIL,2015-07-30,2015-10-30,Lightning,8669.771,94
202,CHANCE,2015-07-30,2015-10-30,Lightning,160.0666,94
192,COON,2015-08-01,2015-10-31,Lightning,5682.627,93
195,PEAK,2015-08-01,2015-10-31,Lightning,11524.46,93
280,RODGERS,2022-08-08,2022-11-06,Lightning,2839.684,92
379,WILLOW ,2017-08-18,2017-11-16,Lightning,134.3042,92
275,SNOW PEAK,2013-07-20,2013-10-18,Lightning,0.07901904,92
375,MCCORMICK,2017-08-18,2017-11-16,Lightning,4423.208,92
262,SCHAEFFER,2019-09-08,2019-12-06,Lightning,287.1784,91
408,BUTTE,2017-08-07,2017-11-04,Lightning,611.2015,91
236,LIME,2019-09-05,2019-12-03,Lightning,1873.937,91
269,MIDDLE,2019-09-05,2019-12-03,Lightning,1339.595,91
297,HORSE,2020-08-23,2020-11-19,Lightning,30.1925,90
288,MCFARLAND,2021-07-30,2021-10-26,Lightning,122447.7,90
248,LONE,2019-09-05,2019-12-02,Lightning,5737.16,90
117,SENTINEL,2021-07-29,2021-10-25,Lightning,12.4895,90
271,SOUTH,2019-09-05,2019-12-02,Lightning,5333.991,90
284,AUGUST COMPLEX,2020-08-16,2020-11-11,Lightning,1032700.0,89
309,MCCASH,2021-08-01,2021-10-27,Lightning,94970.47,89
368,RIVER COMPLEX,2021-07-31,2021-10-25,Lightning,199354.1,88
300,NORTH WHIZZ DOME,2020-08-25,2020-11-19,Lightning,199.9823,88
172,JAKES,2019-09-05,2019-11-30,Lightning,8.921084,88
278,WASHBURN,2022-07-07,2022-09-30,Arson,4886.124,87
276,RODGERS,2013-07-25,2013-10-18,Lightning,0.07918327,87
387,FRANK,2017-07-26,2017-10-16,Lightning,27.20529,84
393,UKONOM,2017-07-25,2017-10-15,Lightning,4240.974,84
384,BURNEY,2017-07-26,2017-10-16,Lightning,1643.643,84
590,SOUTH FORK,2017-08-13,2017-11-03,Lightning,7560.077,84
481,ROCK2,2017-07-28,2017-10-17,Lightning,16.36759,83
228,TABOOSE,2019-09-04,2019-11-23,Lightning,10267.63,82
488,DIAMOND4,2017-07-29,2017-10-17,Lightning,18.71504,82
184,JOHNSON,2013-08-18,2013-11-04,Lightning,90.90901,80
186,RIDGE/HEIGHTS,2013-08-18,2013-11-04,Lightning,335.9537,80
182,HOUGH COMPLEX,2013-08-18,2013-11-04,Lightning,21.56635,80
282,SUMMIT,2022-08-03,2022-10-19,Lightning,1394.44,79
152,CATHEDRAL,2015-08-02,2015-10-18,Lightning,40.12074,79
292,WINDY PEAK,2013-08-23,2013-11-07,Lightning,681.3786,78
277,WEST,2019-09-17,2019-12-01,Lightning,88.80357,77
231,KERLIN,2015-07-30,2015-10-10,Lightning,500.9492,74
427,EUREKA,2017-09-05,2017-11-15,Lightning,446.1815,73
291,CHAGOOPA,2013-08-18,2013-10-28,Lightning,62.14532,73
13,GOBBLERS,2013-08-19,2013-10-29,Lightning,406.6946,73
410,COW,2017-09-07,2017-11-17,Lightning,25.92339,73
232,PELLETREAU,2015-07-30,2015-10-09,Lightning,4109.539,73
406,CROWN,2017-09-07,2017-11-17,Lightning,145.1785,73
281,MOSQUITO,2023-08-15,2023-10-25,Lightning,34188.45,73
378,BUMMERS,2017-09-11,2017-11-20,Lightning,510.1094,72
268,PEARCH,2023-08-17,2023-10-25,Lightning,12152.45,71
272,ELLIOT,2023-08-15,2023-10-23,Lightning,13875.25,71
149,DARK,2015-07-09,2015-09-16,Lightning,37.99809,71
231,JORDAN,2019-06-09,2019-08-16,Lightning,590.9153,70
235,KIDDER 2,2019-09-05,2019-11-12,Lightning,226.8735,70
242,RIM,2013-08-17,2013-10-24,Campfire,256175.5,70
150,TENAYA,2015-07-09,2015-09-15,Lightning,408.9148,70
386,FORKS,2017-07-25,2017-10-01,Lightning,242.4736,70
442,ISLAND,2017-06-26,2017-09-01,Lightning,1594.034,69
388,HAYPRESS,2017-08-10,2017-10-16,Lightning,21317.93,69
215,BIG FOOT,2015-07-30,2015-10-05,Lightning,25.13739,69
214,DOG,2015-07-30,2015-10-05,Lightning,3276.482,69
217,TELEPHONE,2015-07-30,2015-10-05,Lightning,54.82918,69
439,FOURTH,2017-09-07,2017-11-13,Lightning,24.317,69
57,4-2 CAHTO,2015-07-30,2015-10-04,Lightning,15.4554,68
136,WHITE,2013-05-27,2013-08-01,Campfire,1912.05,68
207,DEVIL,2023-08-15,2023-10-19,Lightning,12.40059,67
383,TWIN ,2017-09-18,2017-11-21,Lightning,14.96456,66
24,3-19,2020-08-18,2020-10-21,Lightning,65.00854,66
549,RIBBON,2017-09-26,2017-11-27,Lightning,1.385606,64
280,MEADOW,2019-06-11,2019-08-12,Lightning,46.80063,64
340,WINDY,2021-09-10,2021-11-11,Lightning,97528.27,64
233,BUTLER,2013-07-31,2013-10-01,Arson,22444.86,64
407,QUARTZ,2017-08-07,2017-10-08,Lightning,79.84794,64
285,CAPLES,2019-10-10,2019-12-10,Debris,3441.766,63
451,LONG,2017-09-12,2017-11-12,Lightning,0.8926889,63
510,PONDEROSA,2017-08-29,2017-10-28,Arson,4015.732,62
290,SKAGWAY FIRE,2013-07-22,2013-09-20,Lightning,0.1801186,62
246,FORK,2019-08-30,2019-10-29,Lightning,71.18899,62
254,HENTHORNE,2019-09-05,2019-10-31,Lightning,244.665,58
220,BARNES,2022-09-07,2022-11-01,Lightning,5840.575,57
206,BRIDGE RIDGE,2023-08-25,2023-10-19,Lightning,16.54212,57
276,HENRY,2021-06-25,2021-08-18,Lightning,36.14811,56
246,FLAT,2020-06-30,2020-08-22,Vehicle,62.04057,55
234,CORRAL,2013-08-10,2013-10-02,Lightning,12541.42,55
550,YOSEMITE CREEK,2017-08-03,2017-09-24,Lightning,3.495089,54
398,CALDWELL,2017-09-01,2017-10-23,Lightning,1321.26,54
436,CEDAR,2017-08-08,2017-09-29,Lightning,9129.377,54
310,ALISAL,2021-10-11,2021-12-01,Lightning,16953.24,53
113,COLD,2021-08-13,2021-10-03,Lightning,6.576556,53
275,MARLOW,2023-08-15,2023-10-03,Lightning,1997.206,51
239,UKONOM,2019-09-05,2019-10-24,Lightning,12.07238,51
445,OAK,2017-08-11,2017-09-29,Lightning,91125.33,51
448,TABLE,2017-09-08,2017-10-27,Lightning,426.7024,51
124,LUKENS,2021-07-01,2021-08-19,Lightning,918.1719,51
414,BUCK,2017-09-12,2017-10-30,Lightning,13357.28,50
223,ASPEN,2013-07-22,2013-09-08,Lightning,22937.52,50
208,PIKA,2023-06-29,2023-08-15,Lightning,841.0,49
293,WILLOW CREEK,2013-09-11,2013-10-28,Lightning,0.09664457,49
486,CLARK,2017-07-26,2017-09-11,Lightning,254.8858,49
278,INDIAN CANYON,2015-07-03,2015-08-18,Lightning,4.131937,48
120,COUNTY LINE,2021-07-01,2021-08-15,Lightning,224.9265,47
137,HILLS,2020-08-15,2020-09-27,Lightning,2120.98,45
485,COVE,2017-07-25,2017-09-06,Lightning,30890.86,45
274,UFISH,2023-08-16,2023-09-28,Lightning,7850.58,45
146,BIG CREEK,2015-07-29,2015-09-09,Debris,204.3927,44
269,LET ER-BUCK,2023-08-17,2023-09-28,Lightning,95.91678,44
13,JONES,2020-08-17,2020-09-28,Lightning,705.546,44
295,CALDWELL,2020-07-22,2020-09-01,Lightning,81224.68,43
585,BLUE,2017-08-02,2017-09-12,Lightning,0.157016,43
563,JAY,2017-08-02,2017-09-12,Lightning,0.157021,43
264,LOST,2019-06-18,2019-07-29,Lightning,121.2937,43
475,1-7,2020-08-17,2020-09-26,Lightning,174.789,42
250,BLOCKSBURG 1-58,2015-07-30,2015-09-08,Lightning,283.831,42
251,DOBBYN 1-57,2015-07-30,2015-09-08,Lightning,787.353,42
252,STEELHEAD 1-54,2015-07-30,2015-09-08,Lightning,1403.444,42
249,BLUFORD 1-55,2015-07-30,2015-09-08,Lightning,202.7018,42
248,PINE 1-44,2015-07-30,2015-09-08,Lightning,1773.247,42
253,WINCHESTER 1-47,2015-07-30,2015-09-08,Lightning,147.2519,42
254,WILDCAT 1-51,2015-07-30,2015-09-08,Lightning,283.2199,42
517,MILLER,2017-08-31,2017-10-09,Powerline,33.77041,41
21,CZU LIGHTNING COMPLEX,2020-08-16,2020-09-24,Lightning,86553.46,41
579,KNOB 91,2017-08-04,2017-09-12,Lightning,0.3168842,41
399,LION,2017-09-25,2017-11-02,Lightning,18913.58,40
200,LASSICS,2015-07-30,2015-09-06,Lightning,18192.03,40
229,ALLEN,2020-07-21,2020-08-27,Lightning,1034.795,39
179,TANNER,2015-01-24,2015-03-01,Debris,44.545,38
365,GLACIER NORTH,2021-07-15,2021-08-20,Lightning,37.2558,38
180,MCOULLOH,2015-01-24,2015-03-01,Debris,35.28005,38
261,BALD,2019-06-17,2019-07-22,Lightning,22.09721,37
594,GOODALE,2017-07-24,2017-08-28,Lightning,0.1962595,37
267,HANCOCK,2023-08-21,2023-09-25,Lightning,1728.136,37
247,GOOSE2,2019-07-17,2019-08-21,Lightning,132.0889,37
194,SUMMIT,2015-08-02,2015-09-05,Lightning,639.9178,36
193,FEEDER,2015-08-02,2015-09-05,Lightning,897.9925,36
9,WILLOWS,2020-09-09,2020-10-13,Arson,1309.09,36
605,LAKE,2017-07-27,2017-08-30,Lightning,4665.485,36
198,PICKETT,2015-07-30,2015-09-01,Lightning,11012.8,35
199,GOBBLER,2015-07-30,2015-09-01,Lightning,8305.019,35
116,PORCUPINE,2021-07-02,2021-08-04,Lightning,11.19756,35
512,SODA,2017-09-28,2017-10-30,Lightning,147.0237,34
203,CORRAL,2013-07-24,2013-08-24,Lightning,14.3679,33
280,LONE PINE,2023-08-15,2023-09-15,Lightning,1684.73,33
238,YORK,2015-07-30,2015-08-30,Lightning,243.6706,33
237,MILL,2015-07-30,2015-08-30,Lightning,72.60194,33
68,WARTHAN,2019-09-01,2019-10-02,Smoking,12.20176,33
181,FLEA,2013-10-27,2013-11-27,Lightning,39.54399,33
105,OAK,2022-08-15,2022-09-15,Vehicle,24.02003,33
515,BLOCKSBURG,2017-03-08,2017-04-08,Powerline,33.345,33
237,LUMGREY,2019-06-17,2019-07-17,Equipment Use,186.4314,32
277,MONO,2015-10-31,2015-11-30,Lightning,0.1008094,32
219,HENNESSEY,2020-08-17,2020-09-16,Lightning,305351.9,32
270,RAMSHORN,2019-09-05,2019-10-05,Lightning,286.9583,32
553,BENSON PASS,2017-08-03,2017-09-01,Lightning,0.07913961,31
296,DOME,2020-08-15,2020-09-12,Lightning,44211.25,30
229,FISH,2013-08-23,2013-09-20,Lightning,2049.495,30
505,INDIAN,2017-08-03,2017-08-31,Lightning,2294.247,30
509,CHEROKEE,2017-10-08,2017-11-05,Powerline,8415.803,30
288,RICHARDSON,2013-09-21,2013-10-18,Lightning,0.07906692,29
511,WALL,2017-07-07,2017-08-03,Equipment Use,6028.49,29
205,LOST,2023-08-15,2023-09-11,Lightning,739.8182,29
286,LINE,2013-09-21,2013-10-18,Lightning,0.07933598,29
287,MCSWAIN,2013-09-21,2013-10-18,Lightning,0.07934421,29
283,ASPEN,2022-09-04,2022-09-30,Arson,25.89259,28
572,PORCUPINE CAMPGROUND,2017-09-11,2017-10-07,Lightning,0.07934111,28
170,RESERVOIR,2015-07-21,2015-08-16,Lightning,25.06381,28
329,W-5 COLD SPRINGS,2020-08-18,2020-09-13,Lightning,84817.6,28
174,SCU COMPLEX,2020-08-16,2020-09-11,Lightning,396824.5,28
294,WILLOW,2015-07-25,2015-08-20,Playing with fire,5701.341,28
66,SALMON COMPLEX,2013-07-31,2013-08-25,Arson,14785.88,27
218,WALBRIDGE,2020-08-17,2020-09-11,Lightning,55208.94,27
557,WOLFE,2017-09-11,2017-10-06,Lightning,0.07928222,27
148,BURNT,2015-10-20,2015-11-13,Lightning,160.7299,26
474,1-8,2020-08-17,2020-09-10,Lightning,92.39507,26
473,2-26,2020-08-17,2020-09-10,Lightning,27.64174,26
472,2-30,2020-08-17,2020-09-10,Lightning,6.258504,26
471,1-11,2020-08-17,2020-09-10,Lightning,12.20918,26
470,2-28,2020-08-17,2020-09-10,Lightning,21.37203,26
17,5-4 POTTERS ,2020-08-17,2020-09-10,Lightning,925.4019,26
18,5-6 CASCADE CREEK,2020-08-17,2020-09-10,Lightning,260.1756,26
265,LAKE,2023-08-15,2023-09-07,Lightning,200.2064,25
228,DALTON ,2020-07-23,2020-08-15,Lightning,1367.078,25
274,ROCK,2019-11-03,2019-11-26,Campfire,9.93289,25
212,PROSPECT,2015-07-30,2015-08-22,Lightning,24.27882,25
340,SLINKARD,2017-08-29,2017-09-21,Lightning,8923.495,25
56,CLUB,2015-04-02,2015-04-25,Debris,111.9445,25
282,HEAD,2023-08-15,2023-09-07,Lightning,6953.805,25
185,KEDDIE,2013-08-18,2013-09-09,Lightning,20.06105,24
99,BERRY,2017-09-12,2017-10-04,Lightning,994.0728,24
119,SWEDES,2015-07-25,2015-08-16,Arson,390.0219,24
499,QUAKING,2017-07-26,2017-08-17,Lightning,15.96121,24
443,LITTLE BUCK,2017-09-07,2017-09-29,Lightning,113.9625,24
135,TASSAJARA,2013-07-17,2013-08-07,Campfire,212.4645,23
232,SHEEP,2020-08-17,2020-09-07,Lightning,29541.14,23
513,HONEY,2017-10-09,2017-10-30,Powerline,153.5117,23
224,CARSTENS,2013-06-16,2013-07-07,Campfire,1707.613,23
204,GIRARD,2013-07-26,2013-08-15,Lightning,5.95861,22
264,SCOTT,2023-08-15,2023-09-04,Lightning,1935.952,22
144,WASHINGTON,2015-06-19,2015-07-09,Lightning,17779.54,22
145,PATTERSON,2019-08-01,2019-08-21,Arson,139.2007,22
95,GABRIEL,2013-07-30,2013-08-18,Equipment Use,3.933502,21
492,BOLES,2017-08-23,2017-09-11,Lightning,313.2321,21
342,WILLOW VALLEY,2021-08-12,2021-08-31,Lightning,823.8505,21
250,MCGINTY,2019-08-29,2019-09-17,Lightning,26.80899,21
241,MINERS,2015-07-30,2015-08-18,Lightning,173.9841,21
183,HUNT,2013-08-18,2013-09-06,Lightning,20.3914,21
491,JONES,2017-08-23,2017-09-11,Lightning,281.273,21
233,PATTISON,2015-07-30,2015-08-18,Lightning,12916.57,21
301,CAVE,2019-11-25,2019-12-14,Arson,2597.293,21
213,RASPBERRY,2015-07-30,2015-08-18,Lightning,39.76297,21
154,CARMEL,2020-08-18,2020-09-06,Vehicle,6996.944,21
216,DEER,2015-07-30,2015-08-18,Lightning,8.535203,21
163,RIVER,2020-08-16,2020-09-04,Lightning,50213.82,21
255,EAST,2019-09-05,2019-09-23,Lightning,400.7328,20
24,KINCADE,2019-10-23,2019-11-10,Powerline,77762.14,20
570,ILLILOUETTE CREEK,2017-09-12,2017-09-30,Lightning,0.07950435,20
256,GOOSE,2019-03-14,2019-04-01,Lightning,22.74746,20
487,STEELE,2017-07-26,2017-08-13,Lightning,45704.01,20
259,PILOT,2023-08-15,2023-09-02,Lightning,1055.172,20
425,MINERVA 5,2017-07-29,2017-08-16,Arson,4339.355,20
567,HARDIN,2017-07-25,2017-08-12,Lightning,0.09953451,20
278,DIXIE,2019-09-05,2019-09-22,Lightning,16.53279,19
269,INYO CREEK,2021-06-19,2021-07-06,Lightning,601.6085,19
296,HAMBONE,2021-08-06,2021-08-23,Lightning,50.69745,19
294,LAKIN,2021-08-06,2021-08-23,Lightning,20.79543,19
295,SOTTY'S,2013-05-20,2013-06-06,Powerline,15.23975,19
476,1-12,2020-08-24,2020-09-10,Lightning,946.5836,19
272,SUGAR,2019-05-10,2019-05-27,Lightning,64.90493,19
497,WEST,2017-07-27,2017-08-13,Lightning,63.96683,19
223,SNOWSTORM,2019-07-05,2019-07-21,Lightning,264.2747,18
554,LECONTE,2017-09-11,2017-09-27,Lightning,0.07920874,18
273,TITUS,2023-08-15,2023-08-31,Lightning,71.79534,18
217,MEYERS,2020-08-17,2020-09-02,Lightning,2360.251,18
40,SWEDES,2013-08-06,2013-08-22,Equipment Use,2462.24,18
355,GARZA,2017-07-09,2017-07-25,Vehicle,48886.66,18
392,SWAY,2017-08-01,2017-08-17,Equipment Use,16.94284,18
310,LONG VALLEY,2017-07-11,2017-07-27,Vehicle,83581.41,18
304,R-4 PARSNIP,2017-08-30,2017-09-15,Lightning,18601.98,18
282,JUNIPER,2021-07-05,2021-07-21,Lightning,882.0248,18
584,SHALE,2017-07-27,2017-08-12,Lightning,28.70875,18
173,CUTCA,2015-07-16,2015-08-01,Lightning,150.418,18
97,RICES,2022-06-28,2022-07-13,Structure,920.9178,17
65,WALKER,2022-09-01,2022-09-16,Vehicle,123.3361,17
114,S1 DUCK,2015-08-03,2015-08-18,Lightning,30.08999,17
394,WILLIE,2017-08-07,2017-08-22,Lightning,3140.1,17
125,TILTILL,2021-07-31,2021-08-15,Lightning,2348.53,17
276,SNOW,2022-06-17,2022-07-02,Campfire,24.0517,17
283,CREEK,2019-11-21,2019-12-06,Lightning,73.55267,17
364,BOYDEN 1,2021-03-03,2021-03-18,Debris,14.57344,17
234,FOX,2020-09-14,2020-09-28,Campfire,2027.554,16
270,IRON,2023-08-19,2023-09-02,Lightning,20.01698,16
47,ALAMO,2017-07-06,2017-07-20,Vehicle,28834.17,16
239,OLSEN,2015-07-30,2015-08-13,Lightning,400.2011,16
162,BRICEBURG,2019-10-06,2019-10-20,Vehicle,5508.35,16
32,WRAGG ,2015-07-22,2015-08-05,Vehicle,8049.334,16
15,HATHAWAY,2013-06-06,2013-06-20,Campfire,3779.732,16
109,DODGE,2015-08-03,2015-08-17,Equipment Use,10517.52,16
227,IRIS,2020-07-21,2020-08-04,Lightning,124.9983,16
137,IRONGATE,2019-06-16,2019-06-29,Smoking,9.695025,15
179,CLARKS,2013-05-12,2013-05-25,Lightning,65.45874,15
231,LOYALTON,2020-08-14,2020-08-27,Lightning,46720.91,15
201,TIERNEY,2015-07-30,2015-08-12,Lightning,247.8912,15
203,BUCK,2015-07-30,2015-08-12,Lightning,1420.48,15
45,FORWARD,2022-09-09,2022-09-22,Vehicle,159.9855,15
415,PICKETT,2017-08-07,2017-08-20,Lightning,19.08158,15
569,MORRISON,2017-09-11,2017-09-24,Lightning,0.0792798,15
458,WILDOMAR,2017-10-26,2017-11-08,Vehicle,866.273,15
241,POWER,2013-08-05,2013-08-18,Campfire,1075.877,15
257,RANCH,2023-08-15,2023-08-28,Lightning,792.9697,15
258,LONG,2023-08-15,2023-08-28,Lightning,29.74612,15
320,MUD,2017-08-29,2017-09-11,Lightning,6036.065,15
261,FIVEMILE,2015-07-30,2015-08-11,Lightning,62.04475,14
258,HOWARDS,2015-08-01,2015-08-13,Lightning,29.58024,14
12,FAWNSKIN,2013-04-19,2013-05-01,Campfire,14.4006,14
180,EVANS,2013-08-13,2013-08-25,Lightning,0.7553352,14
92,PLANT,2023-08-19,2023-08-31,Powerline,5761.521,14
226,ANGORA,2013-09-08,2013-09-20,Lightning,179.3931,14
493,RADAR,2017-08-26,2017-09-07,Lightning,13.89812,14
245,SNAIL,2019-09-01,2019-09-13,Equipment Use,251.7925,14
315,ROADSIDE,2021-08-28,2021-09-09,Equipment Use,66.24019,14
120,COASTAL,2022-05-05,2022-05-17,Powerline,202.0908,14
336,PINEY,2020-05-11,2020-05-23,Equipment Use,21.87061,14
116,COLORADO,2022-01-21,2022-02-02,Debris,687.4208,14
53,CUESTA,2015-08-16,2015-08-28,Vehicle,2445.945,14
589,PARKER2 ,2017-08-03,2017-08-15,Lightning,7693.319,14
551,HIDDEN,2017-09-12,2017-09-24,Lightning,0.07936531,14
110,GREEN CREEK,2015-09-12,2015-09-24,Vehicle,26.89483,14
230,BEACH,2020-08-16,2020-08-27,Lightning,3668.429,13
109,WINDING,2022-07-18,2022-07-29,Powerline,81.7844,13
106,OWL,2022-08-20,2022-08-31,Vehicle,49.95041,13
262,DEER HORN 2,2015-08-01,2015-08-12,Lightning,86.16431,13
235,3-20,2017-09-12,2017-09-23,Lightning,10.83091,13
466,MART,2017-06-27,2017-07-08,Arson,669.2087,13
114,FORK,2021-07-01,2021-07-12,Lightning,8.557461,13
141,THUNDER,2022-06-22,2022-07-03,Lightning,2465.185,13
251,NORTH,2019-08-29,2019-09-09,Lightning,28.25829,13
281,SNAKE,2019-06-21,2019-07-02,Lightning,8.897158,13
234,COMMUNITY,2019-07-27,2019-08-07,Equipment Use,12.06,13
500,CANTRALL,2017-07-25,2017-08-04,Lightning,120.976,12
227,HALF,2019-06-19,2019-06-29,Lightning,8.951272,12
118,LUMPKIN,2015-09-11,2015-09-21,Arson,1045.756,12
130,TENAJA,2019-09-04,2019-09-14,Lightning,1939.536,12
248,SPRING,2020-08-17,2020-08-27,Lightning,228.8344,12
99,BAYBERRY,2022-07-08,2022-07-18,Arson,30.11021,12
285,COYOTE,2021-07-09,2021-07-19,Equipment Use,132.2827,12
125,46,2019-10-21,2019-10-31,Vehicle,329.3975,12
111,RED BANK,2019-09-05,2019-09-15,Lightning,8822.024,12
6,FORBESTOWN,2019-09-06,2019-09-16,Powerline,57.4474,12
354,EAST FORK,2021-07-01,2021-07-11,Lightning,1135.744,12
232,WILDCAT,2023-06-17,2023-06-27,Lightning,46.6567,12
193,MISSION,2017-09-03,2017-09-13,Powerline,988.4675,12
306,EMIGRANT,2021-09-17,2021-09-27,Equipment Use,221.0323,12
161,GRIZZLY,2017-07-21,2017-07-31,Vehicle,10.82112,12
176,CREWS,2020-07-05,2020-07-15,Playing with fire,5513.191,12
326,OLD WOMAN,2021-06-17,2021-06-27,Lightning,47.4764,12
287,BOWLER,2019-07-22,2019-08-01,Lightning,36.58765,12
227,PANTHER,2015-07-30,2015-08-09,Lightning,128.691,12
4,TASSAJARA,2015-09-19,2015-09-29,Arson,1075.519,12
238,TREE,2019-07-27,2019-08-06,Equipment Use,100.2009,12
225,HAPPY,2015-07-30,2015-08-08,Lightning,68095.24,11
188,CHORRO,2015-08-02,2015-08-11,Equipment Use,273.8199,11
265,BRADLEY,2019-05-08,2019-05-17,Debris,12.59625,11
110,HILL,2022-09-06,2022-09-15,Debris,13.28599,11
252,HOBO,2020-09-01,2020-09-10,Powerline,413.5251,11
175,DEER,2015-08-01,2015-08-10,Lightning,97.55208,11
247,GRANITE,2023-07-14,2023-07-23,Campfire,178.1577,11
583,INDIAN ROCK,2017-09-15,2017-09-24,Lightning,0.07936616,11
177,ETSEL,2015-07-30,2015-08-08,Lightning,32.09719,11
25,VINEYARD,2020-06-09,2020-06-18,Equipment Use,150.4945,11
17,RECHE,2023-07-14,2023-07-23,Arson,435.684,11
242,RANCH,2019-10-01,2019-10-10,Equipment Use,55.30642,11
598,SKIRBALL,2017-12-06,2017-12-15,Campfire,419.9208,11
15,RABBIT,2023-07-14,2023-07-23,Vehicle,8354.776,11
521,BEAR,2017-10-16,2017-10-25,Arson,317.201,11
261,SPRING PEAK,2013-08-18,2013-08-27,Lightning,14267.09,11
376,CREEK ,2017-09-03,2017-09-12,Lightning,1747.87,11
215,GEOLOGY,2023-06-10,2023-06-18,Vehicle,1033.308,10
536,OAK,2017-11-29,2017-12-07,Vehicle,325.5135,10
176,BOARDMAN 2,2015-08-01,2015-08-09,Lightning,94.74877,10
496,JIM,2017-07-28,2017-08-05,Lightning,13.09252,10
23,CREEK,2020-08-18,2020-08-26,Vehicle,834.2442,10
195,BEN,2017-06-28,2017-07-06,Vehicle,558.1425,10
284,ROAD,2021-07-10,2021-07-18,Equipment Use,83.56132,10
224,SLIDE 1,2023-08-15,2023-08-23,Lightning,472.7209,10
208,WARNER 1-1,2013-08-19,2013-08-27,Lightning,182.4396,10
252,TELEPHONE,2019-08-31,2019-09-08,Lightning,25.456,10
139,QUEEN,2021-08-01,2021-08-09,Equipment Use,32.81554,10
574,RATTLESNAKE,2017-09-07,2017-09-15,Vehicle,14.99418,10
226,ROAD,2015-07-30,2015-08-07,Lightning,378.9736,10
291,ROWHER,2020-07-01,2020-07-09,Arson,648.1807,10
144,CANYON II,2017-10-09,2017-10-17,Debris,9198.028,10
93,BRANDIE,2022-06-11,2022-06-19,Equipment Use,71.87849,10
119,LOST,2021-07-10,2021-07-18,Lightning,100.7824,10
126,MOJAVE,2021-06-17,2021-06-25,Lightning,2490.498,10
285,PORCUPINE,2013-09-10,2013-09-18,Lightning,0.07934793,10
131,BORDER 2,2021-01-13,2021-01-21,Debris,18.64428,10
428,SLIDE,2017-09-12,2017-09-20,Lightning,58.13599,10
263,FROG,2015-07-30,2015-08-07,Lightning,4862.165,10
538,BRYANT 2,2017-08-03,2017-08-11,Arson,336.6238,10
37,ONION,2013-04-23,2013-05-01,Escaped Prescribed Burn,27.25248,10
258,BAUTISTA,2019-09-15,2019-09-23,Equipment Use,166.2591,10
111,POND,2020-08-01,2020-08-09,Arson,1962.329,10
382,DAIRY,2021-06-15,2021-06-23,Escaped Prescribed Burn,161.2339,10
153,BRIDAL VEIL,2015-10-05,2015-10-13,Lightning,38.40899,10
297,GETTY,2019-10-28,2019-11-05,Powerline,552.6332,10
263,TOWNSEND,2023-08-15,2023-08-23,Lightning,81.23029,10
316,NORTH,2020-08-02,2020-08-10,Vehicle,6882.293,10
281,SNOW,2020-09-17,2020-09-24,Vehicle,6253.439,9
221,R6 CREEK,2019-09-06,2019-09-13,Lightning,66.47962,9
11,FARRIER,2020-07-24,2020-07-31,Playing with fire,22.6343,9
218,R1 RANCH,2019-08-28,2019-09-04,Lightning,3379.286,9
46,RAINBOW,2022-07-16,2022-07-23,Arson,66.32885,9
107,STILL,2022-08-27,2022-09-03,Equipment Use,43.21048,9
260,BASEBALL,2020-02-25,2020-03-03,Escaped Prescribed Burn,215.5255,9
599,37,2017-10-09,2017-10-16,Powerline,1613.219,9
176,BREWER,2017-07-02,2017-07-09,Equipment Use,12.40011,9
63,HOPKINS,2021-09-12,2021-09-19,Arson,253.9064,9
111,PALMAS,2015-10-15,2015-10-22,Lightning,69.16941,9
421,CRESCENT,2017-06-30,2017-07-07,Arson,53.14948,9
270,ANTELOPE,2021-06-22,2021-06-29,Lightning,111.5138,9
140,BAMBI,2021-08-11,2021-08-18,Campfire,7.521858,9
115,KING,2021-06-29,2021-07-06,Lightning,11.13475,9
244,STEPHENS,2015-02-24,2015-03-03,Debris,209.6283,9
468,MILE,2017-07-31,2017-08-07,Arson,67.45031,9
267,CUTTHROAT,2019-09-05,2019-09-12,Lightning,17.78256,9
257,QUEEN,2015-07-25,2015-08-01,Arson,159.3774,9
207,FISH,2015-05-20,2015-05-27,Campfire,20.86502,9
11,TURNOUT,2021-04-18,2021-04-25,Escaped Prescribed Burn,191.6513,9
152,HIGH GLADE,2013-11-23,2013-11-30,Equipment Use,304.9261,9
38,FAWN,2021-09-22,2021-09-29,Arson,8576.493,9
261,ABERNATHY,2021-01-19,2021-01-26,Powerline,373.5444,9
224,DYER,2015-07-30,2015-08-06,Lightning,757.9618,9
237,GRIZZLY,2013-08-09,2013-08-16,Lightning,23.21056,9
6,LIEBRE,2013-11-12,2013-11-19,Arson,14.52183,9
147,MARSH 5,2019-08-02,2019-08-09,Arson,226.6169,9
284,VAN DUZEN,2019-08-18,2019-08-25,Arson,21.87162,9
146,MARSH 3,2019-08-02,2019-08-09,Arson,339.9227,9
148,MARSH 6,2019-08-02,2019-08-09,Arson,173.9333,9
429,SKELETON,2017-09-12,2017-09-18,Lightning,87.87638,8
306,AURORA,2020-06-26,2020-07-02,Lightning,238.2839,8
39,BEALE,2021-06-13,2021-06-19,Powerline,201.303,8
37,FORK,2022-09-07,2022-09-13,Vehicle,818.4309,8
266,DEN,2023-08-18,2023-08-24,Lightning,294.8512,8
60,CORRINE,2015-06-18,2015-06-24,Powerline,921.6489,8
260,BUNNELL,2013-09-10,2013-09-16,Lightning,0.07944366,8
419,POSLIN,2017-08-06,2017-08-12,Lightning,855.2444,8
222,R2 SNOWSTORM,2019-06-13,2019-06-19,Lightning,23.71169,8
36,COW,2021-06-20,2021-06-26,Equipment Use,761.1113,8
437,CLAIRE,2017-09-07,2017-09-13,Lightning,12.89506,8
321,GRAPEVINE,2021-03-14,2021-03-20,Debris,86.20689,8
234,JOESPH,2017-08-30,2017-09-05,Lightning,28.71929,8
214,VALLEY,2023-06-17,2023-06-23,Lightning,28.64047,8
206,CLOVER,2013-09-09,2013-09-15,Arson,8075.774,8
304,LITTLE MARBLE,2021-09-08,2021-09-14,Campfire,14.00079,8
214,WINTER,2017-07-06,2017-07-12,Vehicle,2366.235,8
338,PAN,2021-07-03,2021-07-09,Lightning,38.7627,8
249,FOX,2019-08-28,2019-09-03,Lightning,13.15924,8
123,TREE,2015-07-26,2015-08-01,Equipment Use,12.72052,8
191,PEAK,2017-09-03,2017-09-09,Vehicle,677.8926,8
279,GRIZZLEY TUNNEL,2019-09-16,2019-09-22,Lightning,5.562233,8
233,FIVE,2019-08-03,2019-08-09,Equipment Use,156.3954,8
113,SHINN,2015-06-30,2015-07-06,Lightning,110.8015,8
312,R-2 SCHAFFER,2017-07-24,2017-07-30,Lightning,26.49388,8
70,HIGHWAY,2015-04-18,2015-04-24,Campfire,1048.689,8
158,GOLD,2017-07-11,2017-07-17,Arson,37.16428,8
102,APPLE,2022-07-27,2022-08-02,Powerline,41.09785,8
172,TWO MILE ,2015-04-21,2015-04-27,Debris,7.511982,8
245,WATER,2015-08-01,2015-08-07,Lightning,35.91605,8
118,ANZAR,2022-07-21,2022-07-27,Powerline,101.0951,8
234,PETER,2022-07-14,2022-07-20,Structure,303.67,8
209,DEVIL,2015-06-09,2015-06-15,Lightning,20.12851,8
107,BRANCH,2020-07-28,2020-08-03,Vehicle,2922.204,8
175,PARK,2020-07-04,2020-07-10,Equipment Use,342.5213,8
7,CREEK_4,2019-08-31,2019-09-06,Equipment Use,754.4257,8
271,WATT,2022-10-15,2022-10-21,Powerline,42.42685,8
240,CLARK,2015-07-30,2015-08-05,Lightning,675.5582,8
235,SPRINGER,2015-07-30,2015-08-05,Lightning,0.489983,8
229,HALSEY,2015-07-30,2015-08-05,Lightning,7.228922,8
123,MIAS,2017-08-14,2017-08-20,Powerline,521.0856,8
282,PUMICE ,2020-06-15,2020-06-21,Lightning,43.0267,8
39,COOK,2015-06-18,2015-06-24,Escaped Prescribed Burn,139.9756,8
46,BORDER,2019-05-13,2019-05-19,Debris,23.3554,8
217,R2 RAVEN,2019-08-07,2019-08-13,Lightning,10.84658,8
36,ELK,2015-09-02,2015-09-08,Equipment Use,670.2086,8
482,DOBE,2017-07-13,2017-07-18,Lightning,381.0148,7
144,TAR,2020-08-13,2020-08-18,Lightning,20.48829,7
484,RIMROCK2,2017-07-24,2017-07-29,Lightning,29.35282,7
277,ELK TRAIL,2022-05-26,2022-05-31,Arson,414.1108,7
30,SAND,2019-06-08,2019-06-13,Lightning,2422.018,7
234,IMVITE,2023-04-17,2023-04-22,Vehicle,62.93432,7
113,SPENCEVILLE,2023-07-26,2023-07-31,Equipment Use,10.8,7
26,MINA,2020-08-10,2020-08-15,Campfire,158.8692,7
305,ROUTE,2021-09-11,2021-09-16,Campfire,455.3456,7
449,ICE,2017-10-10,2017-10-15,Equipment Use,29.37,7
128,OVERLAND,2021-06-19,2021-06-24,Campfire,559.1455,7
60,HOUSE,2021-08-04,2021-08-09,Smoking,59.11795,7
151,DAVES,2013-06-10,2013-06-15,Lightning,225.7149,7
54,DEER,2015-07-10,2015-07-15,Campfire,94.62711,7
385,DUTCHMAN,2017-08-07,2017-08-12,Lightning,1522.747,7
9,SHARP,2013-08-08,2013-08-13,Arson,245.4933,7
105,CAMPO,2021-04-29,2021-05-04,Debris,159.9778,7
361,ELM,2017-05-18,2017-05-23,Equipment Use,11146.75,7
118,HOOVER,2021-07-19,2021-07-24,Lightning,58.59269,7
423,TOLL,2017-08-20,2017-08-25,Arson,57.91714,7
123,POND,2021-08-30,2021-09-04,Lightning,490.7352,7
247,BALD FIRE,2015-06-09,2015-06-14,Lightning,26.9475,7
127,LINCOLN,2019-03-15,2019-03-20,Arson,564.2154,7
168,GRADE,2017-07-16,2017-07-21,Vehicle,890.5153,7
13,TURKEY,2023-07-26,2023-07-31,Arson,52.17383,7
141,MARRON 6,2021-08-30,2021-09-04,Debris,28.44671,7
35,MAXWELL,2021-10-05,2021-10-10,Arson,76.48464,7
244,IRON,2020-08-17,2020-08-22,Lightning,37.90358,7
322,R-2 BUTTE WELL,2017-09-06,2017-09-11,Lightning,17.38799,7
452,WINTON,2017-08-28,2017-09-02,Arson,0.170771,7
74,ANZA,2015-08-10,2015-08-15,Vehicle,543.5366,7
316,R-5 STONEY,2017-08-22,2017-08-27,Lightning,203.9681,7
205,LITTLE,2013-07-26,2013-07-31,Lightning,8.567074,7
35,PETERSON ,2015-08-22,2015-08-27,Equipment Use,138.7429,7
74,APSUUN,2017-06-30,2017-07-05,Arson,11.60558,7
302,SCORPION,2020-05-31,2020-06-05,Equipment Use,1320.728,7
320,R-3 SKEDDADLE,2020-06-23,2020-06-28,Lightning,197.5077,7
322,R-5 DRY,2020-06-23,2020-06-28,Lightning,45.45549,7
91,HOLLISTER,2022-03-12,2022-03-17,Arson,123.7686,7
323,R-8 PINECODE,2020-08-24,2020-08-29,Lightning,566.4945,7
271,RAINBOW VIEW,2013-05-09,2013-05-14,Lightning,0.07944103,7
319,R-2 TRUMBULL,2020-06-23,2020-06-28,Lightning,576.6608,7
318,R-3 LITTLE FREDOYNER,2020-07-21,2020-07-26,Lightning,187.3438,7
4,MELANESE,2020-04-14,2020-04-19,Escaped Prescribed Burn,10.31596,7
108,RUCKER,2017-09-29,2017-10-04,Vehicle,429.7042,7
541,RANCH,2017-07-26,2017-07-31,Equipment Use,138.5487,7
0,NELSON,2020-06-18,2020-06-23,Powerline,109.6023,7
41,AGUA,2022-07-18,2022-07-23,Vehicle,396.7744,7
67,WHITEPINE,2017-06-06,2017-06-11,Debris,44.10824,7
292,TEXAS,2020-08-06,2020-08-11,Equipment Use,209.9507,7
232,LOWE,2019-09-22,2019-09-27,Arson,10.50961,7
255,ADAMS,2020-07-26,2020-07-31,Lightning,901.6728,7
9,GUNNISON,2021-05-08,2021-05-12,Equipment Use,548.9937,6
171,FISH,2019-07-15,2019-07-19,Equipment Use,76.82652,6
79,PACHECO,2015-09-09,2015-09-13,Vehicle,217.7269,6
309,SHAFFER,2017-06-19,2017-06-23,Lightning,59.03882,6
80,PARKHILL,2015-06-20,2015-06-24,Vehicle,1812.315,6
363,CREEK,2017-06-23,2017-06-27,Debris,356.9353,6
59,MCCABE,2015-07-18,2015-07-22,Lightning,1728.974,6
112,HART,2021-08-31,2021-09-04,Lightning,6.53971,6
167,BITTER,2020-06-16,2020-06-20,Vehicle,895.4044,6
485,GULCH,2020-11-27,2020-12-01,Campfire,7.514976,6
368,FLAT,2017-08-26,2017-08-30,Equipment Use,110.8288,6
84,RANCHO,2013-07-18,2013-07-22,Smoking,712.046,6
207,W-1 MCDONALD,2019-08-08,2019-08-12,Lightning,1020.325,6
235,DANCE,2013-07-29,2013-08-02,Arson,576.6869,6
136,MARRON 4,2021-07-11,2021-07-15,Vehicle,37.3201,6
432,APACHE ,2017-05-13,2017-05-17,Campfire,24.40058,6
37,ROCK,2021-06-15,2021-06-19,Equipment Use,107.1646,6
10,WONDER,2023-07-24,2023-07-28,Railroad,161.8137,6
347,MANZANITA,2017-06-26,2017-06-30,Vehicle,6303.659,6
93,SUN,2023-11-09,2023-11-13,Equipment Use,211.192,6
19,RAMONA,2023-05-22,2023-05-26,Equipment Use,337.9316,6
456,LOST,2017-07-22,2017-07-26,Campfire,250.5664,6
171,SPENCEVILLE,2017-07-24,2017-07-28,Vehicle,37.28971,6
157,FELIPE,2013-05-23,2013-05-27,Escaped Prescribed Burn,2780.291,6
6,CIENEGA,2015-10-12,2015-10-16,Powerline,686.7833,6
114,RUN,2022-10-29,2022-11-02,Equipment Use,11.89783,6
298,IVANPAH,2020-06-22,2020-06-26,Playing with fire,1051.485,6
315,R-3 MUD,2017-08-22,2017-08-26,Lightning,99.57364,6
168,HUNTER,2020-06-21,2020-06-25,Campfire,194.558,6
77,POWER,2020-07-11,2020-07-15,Powerline,151.5495,6
142,SOLIMAR,2015-12-25,2015-12-29,Powerline,1287.388,6
136,SHELL,2023-07-30,2023-08-03,Vehicle,114.7964,6
75,HUNTERS,2020-06-07,2020-06-11,Equipment Use,82.1401,6
50,SPRING,2021-06-12,2021-06-16,Equipment Use,18.20975,6
99,MADRE,2013-09-23,2013-09-27,Debris,209.502,6
71,BOGUS,2017-06-18,2017-06-22,Debris,55.97834,6
233,PINE,2017-07-27,2017-07-31,Lightning,21.24126,6
391,SECRET,2017-08-07,2017-08-11,Lightning,50.05243,6
48,HILL,2017-06-26,2017-06-30,Vehicle,1645.591,6
67,HOUSE,2022-05-11,2022-05-15,Equipment Use,159.2148,6
181,BARRETT 4,2022-06-12,2022-06-16,Arson,49.2244,6
180,BORDER 13,2022-06-13,2022-06-17,Arson,568.2128,6
575,NORTH DOME,2017-08-02,2017-08-06,Lightning,0.1571503,6
242,BALD,2020-07-28,2020-08-01,Lightning,17.9241,6
210,SYCAMORE,2023-10-16,2023-10-20,Equipment Use,23.93,6
331,R-1 ROCK,2021-05-14,2021-05-18,Lightning,12.32582,6
250,FEATHER,2020-08-13,2020-08-17,Equipment Use,39.70483,6
257,COPPER,2020-08-18,2020-08-22,Lightning,54.70824,6
469,BLUE,2020-10-16,2020-10-20,Lightning,5.151273,6
189,SCALES,2015-08-01,2015-08-05,Equipment Use,45.73383,6
210,PAW,2015-07-31,2015-08-04,Lightning,10.24,6
136,ROCKY,2019-06-14,2019-06-18,Powerline,16.37956,6
216,R1 JUNIPER,2019-08-07,2019-08-11,Lightning,130.1407,6
15,DINELY,2017-06-07,2017-06-11,Equipment Use,340.5638,6
279,BAKER,2020-03-03,2020-03-07,Debris,47.61832,6
197,SPRING,2017-07-03,2017-07-07,Equipment Use,208.2268,6
381,PILOT,2017-08-29,2017-09-02,Lightning,8.603203,6
83,DRUM,2020-06-14,2020-06-17,Equipment Use,695.4706,5
267,MOUNT R,2020-07-03,2020-07-06,Equipment Use,61.77013,5
76,PASS,2020-06-28,2020-07-01,Powerline,2163.698,5
92,HOLLISTER,2020-05-07,2020-05-10,Powerline,157.0178,5
219,R4 RAILROAD,2019-08-10,2019-08-13,Lightning,24.10597,5
79,HENSLEY,2020-08-30,2020-09-02,Arson,398.4815,5
413,BRIDGE,2017-10-31,2017-11-03,Equipment Use,35.51982,5
107,MURKEN,2013-08-19,2013-08-22,Lightning,78.94888,5
214,HORSE,2019-10-13,2019-10-16,Lightning,54.57251,5
117,WHALE,2020-08-15,2020-08-18,Lightning,322.3367,5
261,RIDGE,2020-06-17,2020-06-20,Vehicle,82.71301,5
70,COVE,2019-06-20,2019-06-23,Arson,29.09276,5
578,GRANITE,2017-07-08,2017-07-11,Lightning,4.578662,5
63,HILLS,2019-05-29,2019-06-01,Equipment Use,120.6404,5
182,LOPEZ,2019-09-21,2019-09-24,Campfire,205.1924,5
61,DEER,2019-06-23,2019-06-26,Arson,64.95156,5
468,RALPH ,2020-08-15,2020-08-18,Lightning,9.390384,5
501,BATTLE,2017-06-28,2017-07-01,Equipment Use,653.5079,5
62,ALABAMA,2021-06-18,2021-06-21,Lightning,566.5927,5
317,R-1 MAPES,2020-08-10,2020-08-13,Lightning,258.9581,5
51,SAWDAY,2019-10-25,2019-10-28,Structure,101.1678,5
467,PLASKETT,2020-06-03,2020-06-06,Debris,1.500947,5
504,GRANT,2017-07-31,2017-08-03,Lightning,394.8168,5
508,SKYWAY,2017-06-16,2017-06-19,Vehicle,143.6004,5
143,FOSTER,2013-05-03,2013-05-06,Debris,187.4242,5
12,FIELDS,2020-10-06,2020-10-09,Debris,55.32843,5
326,SMOKETREE,2020-06-02,2020-06-05,Playing with fire,129.9944,5
328,W-4 TERMO,2020-08-17,2020-08-20,Lightning,265.5839,5
22,OAK,2019-09-07,2019-09-10,Equipment Use,53.11696,5
494,MOWITZ,2017-08-23,2017-08-26,Lightning,15.72661,5
1,AMORUSO,2020-06-01,2020-06-04,Equipment Use,685.585,5
121,GRADE,2020-06-22,2020-06-25,Arson,1050.24,5
122,FORKS,2020-06-18,2020-06-21,Structure,117.2348,5
123,SPRINGS,2020-06-19,2020-06-22,Vehicle,223.8869,5
453,MIDDLE,2017-07-09,2017-07-12,Campfire,1.209222,5
48,GARDEN,2020-05-06,2020-05-09,Equipment Use,49.00878,5
26,CANYON,2019-07-22,2019-07-25,Equipment Use,48.00141,5
5,SWEDES,2019-09-06,2019-09-09,Debris,510.1355,5
5,PANTHER RIDGE,2021-01-19,2021-01-22,Powerline,19.72582,5
4,FREEDOM,2021-01-19,2021-01-22,Powerline,33.25922,5
47,BURNETT,2015-08-05,2015-08-08,Lightning,9.868065,5
314,R-4 RANCH,2017-08-09,2017-08-12,Lightning,120.2505,5
120,ROSE,2017-07-31,2017-08-03,Equipment Use,188.1239,5
168,SKY,2015-06-18,2015-06-21,Equipment Use,498.9207,5
71,PEBBLE,2022-07-31,2022-08-03,Structure,54.41259,5
159,STAGECOACH,2017-07-20,2017-07-23,Smoking,11.93284,5
183,JENNINGS 2,2017-07-11,2017-07-14,Vehicle,332.5865,5
143,BECKWOURTH LIGHTNING COMPLEX,2015-07-02,2015-07-05,Lightning,14.3103,5
60,SIERRA,2013-06-17,2013-06-20,Equipment Use,45.56087,5
269,CABLE,2013-03-28,2013-03-31,Powerline,0.343236,5
191,CARAWAY,2023-08-28,2023-08-31,Lightning,11.8399,5
266,OLD,2013-08-18,2013-08-21,Vehicle,161.9402,5
287,FAIRCHILD,2021-06-23,2021-06-26,Lightning,19.52532,5
112,S2 COAL,2015-07-07,2015-07-10,Lightning,29.95277,5
248,ROCK,2021-08-24,2021-08-27,Arson,318.4139,5
94,NISEMAN,2022-06-18,2022-06-21,Equipment Use,17.06631,5
100,PORTER,2022-07-09,2022-07-12,Equipment Use,166.603,5
34,CEDAR,2013-05-01,2013-05-04,Escaped Prescribed Burn,68.20666,5
21,1-10,2023-08-15,2023-08-18,Lightning,56.87772,5
283,LAKE,2013-08-20,2013-08-23,Lightning,0.0793656,5
284,PATE,2013-08-20,2013-08-23,Lightning,0.0792402,5
236,HIDDEN,2015-07-30,2015-08-02,Lightning,11.04564,5
223,DAILEY,2015-07-30,2015-08-02,Lightning,16.6561,5
232,POWER,2022-10-23,2022-10-26,Powerline,21.0131,5
225,WILLOW,2022-08-04,2022-08-07,Lightning,35.42039,5
209,MCGINTY,2022-08-04,2022-08-07,Lightning,48.1479,5
56,POLY,2017-09-26,2017-09-29,Equipment Use,105.6661,5
115,PROVENZA,2022-11-13,2022-11-16,Debris,7.863962,5
121,GREEN,2023-10-06,2023-10-09,Powerline,247.2606,5
201,SUCCESS 2,2021-06-18,2021-06-21,Lightning,423.5609,5
33,HESPERIA,2022-06-06,2022-06-09,Equipment Use,96.88597,5
311,R-10 PAINTER,2017-07-24,2017-07-27,Lightning,83.8342,5
330,TECOPA,2017-09-11,2017-09-14,Lightning,26.99338,5
348,SHAVER,2017-09-11,2017-09-14,Campfire,8.590142,5
153,SLOPE,2021-05-31,2021-06-03,Powerline,23.99675,5
58,SODA,2015-07-04,2015-07-07,Vehicle,28.01054,5
73,LOPEZ,2021-05-08,2021-05-11,Equipment Use,55.25064,5
147,BAKER,2021-05-27,2021-05-30,Arson,24.94695,5
61,RED,2015-06-21,2015-06-24,Debris,134.0251,5
252,BAR,2013-05-04,2013-05-07,Lightning,15.35903,5
313,R-9 SHINN,2017-07-24,2017-07-27,Lightning,278.1283,5
150,MARLAR,2021-08-15,2021-08-18,Vehicle,29.3616,5
336,COWHEAD,2017-10-09,2017-10-12,Campfire,31.66678,5
249,PINE,2020-07-28,2020-07-30,Lightning,11.31372,4
124,DUNE,2022-06-16,2022-06-18,Arson,11.36639,4
424,GENESSEE,2017-06-30,2017-07-02,Arson,6.275238,4
186,WHITE ,2015-07-21,2015-07-23,Lightning,15.37785,4
258,BIRD,2020-07-21,2020-07-23,Lightning,25.04811,4
43,DULUTH,2020-08-10,2020-08-12,Vehicle,71.94994,4
358,PARK,2017-07-17,2017-07-19,Equipment Use,1648.704,4
259,BROCK,2020-06-04,2020-06-06,Lightning,14.98823,4
143,JACK,2022-06-23,2022-06-25,Lightning,21.38803,4
306,WEST,2017-04-01,2017-04-03,Debris,401.2877,4
113,GARDEN BAR,2022-09-17,2022-09-19,Arson,28.27837,4
72,HOPE,2022-06-07,2022-06-09,Equipment Use,13.11081,4
256,ASH,2023-08-16,2023-08-18,Lightning,14.55784,4
119,OPERA,2017-04-30,2017-05-02,Vehicle,999.6262,4
112,NADER,2022-09-17,2022-09-19,Vehicle,16.17019,4
141,RAIL,2013-09-05,2013-09-07,Equipment Use,67.92242,4
274,GIFFORD ,2020-06-08,2020-06-10,Vehicle,16.80192,4
350,PARKFIELD,2017-09-03,2017-09-05,Equipment Use,70.22348,4
42,LOMA,2021-08-08,2021-08-10,Equipment Use,12.10306,4
104,BEAR,2022-07-28,2022-07-30,Equipment Use,9.674923,4
5,LAURELES,2015-09-19,2015-09-21,Vehicle,90.41469,4
238,13 ,2013-04-29,2013-05-01,Campfire,10.66219,4
78,BEN,2020-07-15,2020-07-17,Powerline,48.12535,4
239,GRUB,2013-03-17,2013-03-19,Campfire,11.73746,4
242,MILITARY,2015-10-10,2015-10-12,Campfire,52.84043,4
86,GAREY,2020-11-29,2020-12-01,Equipment Use,12.15279,4
268,SUEY,2022-05-22,2022-05-24,Equipment Use,15.09703,4
48,FRENCHTOWN,2021-07-20,2021-07-22,Vehicle,54.10636,4
269,FAIRVIEW,2022-07-08,2022-07-10,Powerline,11.73994,4
256,BUCK FIRE,2015-07-28,2015-07-30,Equipment Use,15.85715,4
8,SLACKS,2023-07-15,2023-07-17,Vehicle,40.41796,4
70,TULLEY,2021-04-28,2021-04-30,Debris,62.66148,4
141,SYCAMORE,2020-06-23,2020-06-25,Arson,26.59245,4
104,GILBERT,2019-08-04,2019-08-06,Equipment Use,33.09216,4
123,TULLOCH,2019-09-23,2019-09-25,Vehicle,83.95777,4
108,COTTAGE,2019-08-15,2019-08-17,Equipment Use,112.2924,4
144,HOLLOW,2019-07-03,2019-07-05,Vehicle,282.2256,4
173,GARRISON,2022-07-03,2022-07-05,Powerline,147.4871,4
186,BORDER 19,2022-06-24,2022-06-26,Arson,16.96958,4
373,ELEPHANT,2017-07-29,2017-07-31,Lightning,139.4669,4
192,CASNER,2022-09-27,2022-09-29,Equipment Use,178.2691,4
45,STONE,2017-07-09,2017-07-11,Equipment Use,340.4365,4
101,CASTLE,2021-03-19,2021-03-21,Campfire,5.136026,4
46,HIGHLINE,2013-04-01,2013-04-03,Lightning,261.724,4
380,MURPHY,2017-08-24,2017-08-26,Equipment Use,9.045541,4
17,ELEPHANT 2,2017-07-20,2017-07-22,Arson,415.2116,4
16,ROADRUNNER,2017-07-30,2017-08-01,Arson,2284.596,4
80,GIBSON,2021-07-20,2021-07-22,Arson,29.98372,4
71,FRAME,2019-09-30,2019-10-02,Arson,15.02215,4
239,TEFT,2022-07-15,2022-07-17,Vehicle,25.53244,4
289,33,2020-05-22,2020-05-24,Equipment Use,33.6675,4
64,BELL,2022-07-17,2022-07-19,Equipment Use,42.91696,4
183,VICTOR,2023-07-25,2023-07-27,Campfire,57.49,4
317,CHICKEN,2021-07-18,2021-07-20,Equipment Use,117.692,4
127,RIVER,2015-06-22,2015-06-24,Lightning,164.7058,4
321,R-5 SPANISH,2017-08-29,2017-08-31,Lightning,166.8586,4
152,RUTH 2,2021-06-06,2021-06-08,Equipment Use,13.3051,4
338,MYER,2020-06-12,2020-06-14,Equipment Use,12.8949,4
55,TIGER,2013-08-18,2013-08-20,Lightning,16.32401,4
447,KLAMATH,2017-07-04,2017-07-06,Campfire,80.11019,4
335,R-6 TUNNISON,2020-07-28,2020-07-30,Lightning,175.148,4
520,SKEGGS,2017-09-11,2017-09-13,Lightning,36.33775,4
304,REFUGE,2019-05-07,2019-05-09,Equipment Use,3283.456,4
221,TORO,2013-11-08,2013-11-10,Equipment Use,51.07315,4
324,RAILROAD,2020-06-23,2020-06-25,Lightning,131.8772,4
15,1-4 BIZZ,2021-06-23,2021-06-25,Lightning,13.89517,4
317,R-9 FREDONYER,2017-08-23,2017-08-25,Lightning,22.03393,4
261,TOWSLEY,2017-07-13,2017-07-15,Playing with fire,35.99306,4
2,REFUGE,2021-03-27,2021-03-29,Escaped Prescribed Burn,873.3917,4
7,BUTANO,2021-01-19,2021-01-21,Lightning,169.8688,4
471,SILVER,2017-07-04,2017-07-06,Equipment Use,12.00793,4
493,COTTONWOOD,2020-07-27,2020-07-29,Vehicle,788.082,4
290,MUIR 2,2019-10-24,2019-10-26,Vehicle,55.84444,4
148,ROLLING,2013-06-16,2013-06-18,Vehicle,481.9571,4
246,HUNGRY,2021-07-31,2021-08-02,Vehicle,365.7711,4
490,TANK,2017-08-08,2017-08-10,Lightning,11.39594,4
105,36,2015-08-08,2015-08-10,Powerline,97.43904,4
182,LONG,2023-07-25,2023-07-27,Structure,27.6025,4
109,BECKS,2013-01-22,2013-01-24,Debris,318.5916,4
30,DONICA,2022-07-16,2022-07-18,Vehicle,129.1635,4
157,WARM,2015-08-16,2015-08-18,Arson,270.0217,4
160,REX,2017-07-12,2017-07-14,Equipment Use,11.73705,4
14,HIGHWAY,2022-07-29,2022-07-31,Arson,28.10259,4
201,KIRKER,2013-07-01,2013-07-03,Powerline,478.0438,4
170,BEALE,2017-08-20,2017-08-22,Powerline,867.0196,4
215,HORSE,2019-08-24,2019-08-26,Lightning,123.0513,4
181,MONTEZUMA,2017-08-26,2017-08-28,Vehicle,65.18426,4
311,HILL,2020-06-23,2020-06-25,Lightning,63.22726,4
150,CROCKETT,2013-08-09,2013-08-11,Lightning,6.887073,4
220,R3 RYE PATCH,2019-07-26,2019-07-28,Lightning,14.14846,4
148,FISH,2021-07-04,2021-07-06,Smoking,65.27412,4
142,WHITTEMORE,2013-08-21,2013-08-22,Lightning,51.76894,3
81,BAR,2020-04-25,2020-04-26,Debris,57.78563,3
171,ORANGE,2023-06-01,2023-06-02,Equipment Use,108.165,3
308,DELEVAN T28,2019-08-05,2019-08-06,Equipment Use,1.919023,3
180,JUNIPER,2023-07-18,2023-07-19,Vehicle,11.1383,3
8,WILLOW,2020-03-10,2020-03-11,Debris,33.97389,3
115,PASS,2020-08-04,2020-08-05,Vehicle,323.1761,3
2,JACKSON,2023-07-01,2023-07-02,Equipment Use,27.81446,3
146,RETECH,2013-11-22,2013-11-23,Debris,84.23232,3
149,ANDERSON,2013-07-04,2013-07-05,Lightning,10.26719,3
94,VIEW,2020-06-06,2020-06-07,Powerline,77.05924,3
4,HIGHWAY,2013-05-13,2013-05-14,Vehicle,49.12442,3
30,BEEGUM,2020-02-22,2020-02-23,Escaped Prescribed Burn,181.4404,3
252,R-1 Spencer Basin,2023-08-17,2023-08-18,Lightning,27.64029,3
31,4-8,2020-08-17,2020-08-18,Lightning,278.01,3
117,BITTER,2023-08-15,2023-08-16,Vehicle,695.1143,3
302,AGUA,2019-10-11,2019-10-12,Playing with fire,31.12859,3
173,STRIKE,2023-08-12,2023-08-13,Lightning,19.1282,3
176,PECK,2023-07-14,2023-07-15,Vehicle,14.3992,3
94,GRADE,2023-10-06,2023-10-07,Vehicle,95.66613,3
50,BADGER,2020-07-18,2020-07-19,Vehicle,557.3061,3
16,HOLCOMB,2013-03-30,2013-03-31,Campfire,0.9463348,3
33,RED,2020-04-23,2020-04-24,Debris,26.40666,3
23,TRAM,2013-08-06,2013-08-07,Equipment Use,59.22004,3
26,MILL,2013-06-28,2013-06-29,Arson,534.2628,3
7,MESSENGER,2013-05-03,2013-05-04,Campfire,4.500647,3
32,ELK,2020-08-16,2020-08-17,Lightning,730.4814,3
172,RODEO,2023-06-09,2023-06-10,Arson,20.1026,3
44,KARCHNER,2020-06-05,2020-06-06,Equipment Use,30.02494,3
64,BALLARD,2021-06-08,2021-06-09,Debris,37.1573,3
289,WILLOW 9,2022-11-16,2022-11-17,Structure,8.228877,3
56,ENNIS,2013-05-22,2013-05-23,Vehicle,11.43256,3
359,COUNTRY,2021-04-29,2021-04-30,Playing with fire,26.53975,3
356,BROILER,2021-07-07,2021-07-08,Equipment Use,69.5676,3
321,R-5 SNOWSTORM,2020-08-17,2020-08-18,Lightning,471.722,3
61,WOLF,2013-08-24,2013-08-25,Vehicle,40.36841,3
346,WILLIAMS,2020-08-07,2020-08-08,Equipment Use,7.809119,3
115,DOUBLE,2013-08-16,2013-08-17,Vehicle,64.27366,3
76,SHACKLEFORD,2022-07-30,2022-07-31,Lightning,30.94669,3
287,ANTELOPE,2020-02-17,2020-02-18,Debris,101.7666,3
52,PLEASANT,2022-10-23,2022-10-24,Vehicle,49.56956,3
40,EDGEWOOD,2022-06-21,2022-06-22,Powerline,20.54839,3
112,CANTWELL,2013-11-08,2013-11-09,Vehicle,132.2902,3
29,3-8 DIXON,2022-08-08,2022-08-09,Lightning,11.36938,3
4,BURROWS,2022-06-28,2022-06-29,Escaped Prescribed Burn,309.4793,3
349,NICHOLS,2020-07-09,2020-07-10,Smoking,8.119417,3
295,MOUNTAIN,2021-06-18,2021-06-19,Lightning,124.1572,3
16,4-3 PUMA,2021-06-24,2021-06-25,Lightning,132.4866,3
29,GULCH,2021-08-12,2021-08-13,Lightning,52.51308,3
33,HIDING,2021-08-01,2021-08-02,Equipment Use,41.50576,3
144,ESTRADA,2021-10-15,2021-10-16,Escaped Prescribed Burn,124.7229,3
138,BORDER 13,2021-07-15,2021-07-16,Powerline,23.32513,3
182,SARGENT,2021-05-30,2021-05-31,Debris,1117.899,3
44,WISE,2021-05-19,2021-05-20,Powerline,18.2641,3
106,MILE,2021-05-27,2021-05-28,Arson,507.8524,3
90,CREEK WEST,2021-06-09,2021-06-10,Arson,18.52191,3
81,EASTSIDE,2021-08-03,2021-08-04,Equipment Use,10.85849,3
66,CABALLO,2021-09-06,2021-09-07,Equipment Use,69.51533,3
203,PASO,2021-04-12,2021-04-13,Escaped Prescribed Burn,26.79597,3
289,ANTONIO,2021-08-03,2021-08-04,Equipment Use,49.89998,3
259,COLD,2021-01-19,2021-01-20,Debris,34.51343,3
96,LAKE,2013-05-17,2013-05-18,Smoking,659.6399,3
233,DOOLITTLE,2021-09-03,2021-09-04,Vehicle,13.62084,3
230,RIVER,2021-09-12,2021-09-13,Vehicle,70.8007,3
215,YANKEE,2021-06-15,2021-06-16,Vehicle,35.21027,3
83,MEAMBER,2022-07-31,2022-08-01,Lightning,62.63028,3
85,EMPIRE,2022-08-01,2022-08-02,Lightning,3.141882,3
166,BITTERWATER,2020-06-07,2020-06-08,Powerline,210.5436,3
185,SANDERSON,2020-12-13,2020-12-14,Campfire,1954.651,3
189,EQUESTRIAN,2020-06-08,2020-06-09,Powerline,83.61877,3
196,JOHNSON,2020-08-28,2020-08-29,Vehicle,291.9492,3
262,OAKWILDE,2022-10-01,2022-10-02,Vehicle,2.106468,3
165,STAGE,2020-06-21,2020-06-22,Arson,51.16013,3
87,COYOTE,2022-09-07,2022-09-08,Lightning,296.9517,3
125,MENTONE,2020-10-12,2020-10-13,Vehicle,47.27253,3
140,OKLAHOMA,2013-08-07,2013-08-08,Lightning,10.79402,3
138,CREEK,2013-07-27,2013-07-28,Lightning,10.52909,3
151,BROWN,2020-09-22,2020-09-23,Powerline,18.3533,3
270,HARBISON 2,2022-07-12,2022-07-13,Equipment Use,26.85744,3
164,VISTA,2020-06-21,2020-06-22,Powerline,27.80219,3
153,BRADLEY,2020-06-08,2020-06-09,Equipment Use,230.3548,3
156,CIRCLE,2020-10-07,2020-10-08,Playing with fire,32.20207,3
267,BULL,2022-05-24,2022-05-25,Equipment Use,50.92991,3
162,RICO,2020-06-22,2020-06-23,Powerline,338.1396,3
263,PYRAMID,2022-10-21,2022-10-22,Vehicle,6.758175,3
131,YELLOW,2013-05-01,2013-05-02,Powerline,83.76048,3
129,SULPHUR,2013-08-24,2013-08-25,Powerline,19.8916,3
127,R-1 PIT,2022-07-31,2022-08-01,Lightning,67.82058,3
122,KING,2022-05-25,2022-05-26,Arson,79.60818,3
117,AGUAJITO,2022-10-02,2022-10-03,Powerline,5.257333,3
270,EASTON,2020-07-20,2020-07-21,Arson,56.79852,3
96,MIRABELLE,2022-06-27,2022-06-28,Structure,18.67016,3
95,SHERIDAN,2022-06-24,2022-06-25,Vehicle,55.71469,3
150,BEAR,2022-06-01,2022-06-02,Vehicle,15.95058,3
159,BEAR,2022-04-17,2022-04-18,Vehicle,2.163002,3
128,SODA,2013-05-01,2013-05-02,Powerline,14.15715,3
187,JEWEL,2022-05-14,2022-05-15,Equipment Use,29.14392,3
126,SILVERADO,2013-04-30,2013-05-01,Debris,60.21228,3
123,MOUNT,2013-06-20,2013-06-21,Equipment Use,35.05123,3
65,ONE,2021-06-21,2021-06-22,Debris,37.05353,3
176,SANDIA,2022-09-04,2022-09-05,Vehicle,29.23103,3
243,BRIDGE,2020-07-27,2020-07-28,Lightning,14.58706,3
121,LAKEVILLE,2013-07-26,2013-07-27,Equipment Use,177.8443,3
182,BORDER 16,2022-06-21,2022-06-22,Arson,25.22921,3
34,GRADE ,2015-08-24,2015-08-25,Equipment Use,24.59181,3
149,MALECH,2019-06-09,2019-06-10,Equipment Use,207.7456,3
305,W-2 LIKELY,2017-08-22,2017-08-23,Lightning,10.32943,3
374,RANCH,2017-09-06,2017-09-07,Lightning,83.51285,3
307,ALPAUGH,2017-06-15,2017-06-16,Vehicle,20.33025,3
135,HIGH,2019-05-24,2019-05-25,Powerline,7.526093,3
24,HOPPER,2015-09-09,2015-09-10,Lightning,10.72429,3
159,SHINN,2015-08-11,2015-08-12,Campfire,11.24281,3
133,DUZEL,2019-09-07,2019-09-08,Lightning,6.904544,3
187,BURSON,2015-09-03,2015-09-04,Equipment Use,18.23938,3
185,YELLOW,2015-07-02,2015-07-03,Lightning,11.14368,3
120,OLIVE,2015-09-02,2015-09-03,Equipment Use,47.75825,3
267,COAST,2013-10-20,2013-10-21,Smoking,3.211156,3
299,CLEAR,2015-07-05,2015-07-06,Lightning,7.481536,3
272,CATHEDRAL,2013-06-29,2013-06-30,Lightning,0.07939778,3
460,CAPTAIN,2017-10-21,2017-10-22,Equipment Use,41.04634,3
31,GARAGE ,2015-06-09,2015-06-10,Powerline,27.71869,3
184,TWIN,2015-08-05,2015-08-06,Lightning,67.93945,3
351,MURPHY,2017-09-19,2017-09-20,Equipment Use,236.9534,3
182,MASON ,2015-07-09,2015-07-10,Lightning,43.27318,3
342,DRY VALLEY,2017-09-13,2017-09-14,Lightning,51.23803,3
479,RINCON,2017-08-03,2017-08-04,Lightning,9.663489,3
349,MONTEREY,2017-05-06,2017-05-07,Equipment Use,25.18853,3
25,FOUR BAY,2015-09-09,2015-09-10,Lightning,4.724183,3
128,MEADOWS,2019-07-16,2019-07-17,Vehicle,81.65115,3
168,VISTA,2017-10-14,2017-10-15,Equipment Use,7.34516,3
109,RAWSON,2019-10-26,2019-10-27,Vehicle,605.4897,3
107,RANCH,2019-07-05,2019-07-06,Equipment Use,32.78963,3
356,JAYNE,2017-04-20,2017-04-21,Equipment Use,4533.284,3
566,INDIAN CANYON,2017-08-02,2017-08-03,Lightning,0.07938903,3
26,WAYSIDE,2015-09-09,2015-09-10,Lightning,7.424892,3
102,5-9,2019-09-05,2019-09-06,Lightning,14.63054,3
577,FORD LAKE,2017-07-10,2017-07-11,Lightning,3.757229,3
332,MOTOR,2017-06-09,2017-06-10,Equipment Use,17.19416,3
556,WATKINS,2017-09-11,2017-09-12,Lightning,0.07938439,3
372,CHILCOOT,2017-08-06,2017-08-07,Lightning,1019.992,3
369,POTATO,2017-08-10,2017-08-11,Lightning,10.70095,3
319,CHERRY,2017-08-29,2017-08-30,Lightning,24.91195,3
280,DEERLICK,2015-07-02,2015-07-03,Lightning,0.1007949,3
178,SAN HEDRIN,2015-06-19,2015-06-20,Debris,22.48489,3
273,DARK HOLE,2013-07-03,2013-07-04,Lightning,0.07931547,3
126,WHEELER,2015-04-18,2015-04-19,Arson,4.680684,3
264,SIERRA,2017-08-27,2017-08-28,Equipment Use,36.46341,3
231,SHIRLEY,2013-08-18,2013-08-19,Lightning,378.6183,3
397,PIER,2017-08-29,2017-08-30,Arson,36619.43,3
248,306,2013-05-01,2013-05-02,Debris,208.3874,3
213,18,2019-07-31,2019-08-01,Campfire,16.13497,3
27,OLIVE,2019-06-19,2019-06-20,Powerline,16.01936,3
206,PINENUT,2019-07-23,2019-07-24,Lightning,12.44425,3
88,COPCO,2015-07-31,2015-08-01,Lightning,14.0008,3
92,MESA,2015-06-29,2015-06-30,Playing with fire,210.8346,3
232,TENANT,2013-08-18,2013-08-19,Lightning,411.8869,3
254,CAMARILLO,2013-05-27,2013-05-28,Vehicle,1.235317,3
49,BORDER 9,2019-08-15,2019-08-16,Arson,67.37229,3
236,GREEN,2013-09-11,2013-09-12,Lightning,61.28841,3
240,MYSTERY,2013-05-14,2013-05-15,Lightning,8.425359,3
161,RED,2013-09-06,2013-09-07,Lightning,12.95418,3
228,LOOK,2015-07-30,2015-07-31,Lightning,0.9284683,3
52,CHOLAME,2015-08-16,2015-08-17,Vehicle,12.05913,3
404,DAVIS,2017-09-12,2017-09-13,Lightning,30.59812,3
62,TRIANGLE,2015-06-18,2015-06-19,Vehicle,58.63923,3
430,RED,2017-08-02,2017-08-03,Lightning,450.84,3
254,MARTINEZ,2017-10-05,2017-10-06,Arson,0.05247684,3
90,AGER,2015-07-04,2015-07-05,Lightning,31.49438,3
282,HARDEN,2013-08-20,2013-08-21,Lightning,0.07927231,3
278,RAISIN,2013-08-01,2013-08-02,Campfire,0.07931699,3
18,TEHAMA,2017-10-30,2017-10-31,Vehicle,194.0017,3
246,BROWNS,2017-07-04,2017-07-05,Playing with fire,0.03477105,3
77,SPEARHEAD,2019-05-29,2019-05-30,Powerline,13.47896,3
237,PLACERITA,2017-06-25,2017-06-26,Arson,759.7584,3
64,HORSE,2019-10-18,2019-10-19,Equipment Use,13.74862,3
154,BORDER,2013-05-22,2013-05-23,Arson,61.55982,3
65,MUD,2019-10-18,2019-10-19,Powerline,137.2151,3
81,WILDERNESS,2022-03-07,2022-03-07,Debris,1.894144,1
110,ARMOUR,2017-07-27,2017-07-27,Vehicle,10.08267,1
109,WOODCHOPPER 2,2017-12-08,2017-12-08,Powerline,25.13168,1
113,CAT,2017-12-05,2017-12-05,Powerline,15.88332,1
111,VINEYARD,2017-04-30,2017-04-30,Powerline,12.27624,1
74,WALL,2022-11-07,2022-11-07,Equipment Use,13.76263,1
133,NIGUEL,2017-06-29,2017-06-29,Equipment Use,1.328025,1
114,HWY_1,2017-12-14,2017-12-14,Powerline,13.04565,1
92,BLOOMFIELD,2022-03-02,2022-03-02,Escaped Prescribed Burn,39.55224,1
70,COBBLE,2022-04-26,2022-04-26,Equipment Use,20.61224,1
69,POWER,2022-09-06,2022-09-06,Vehicle,133.7536,1
112,WESTERLY,2017-08-12,2017-08-12,Powerline,25.66816,1
116,MESA,2017-07-17,2017-07-17,Equipment Use,51.36316,1
89,SLATE 2,2022-07-21,2022-07-21,Railroad,63.70885,1
106,CEBRIAM,2017-06-25,2017-06-25,Powerline,269.1116,1
62,OLIVE,2017-05-02,2017-05-02,Vehicle,117.0671,1
162,FORT,2022-07-16,2022-07-16,Vehicle,1.504349,1
63,CRAM,2017-02-14,2017-02-14,Debris,16.0521,1
65,CANTERA,2017-06-04,2017-06-04,Debris,0.1616718,1
66,EDGEWOOD,2017-06-06,2017-06-06,Debris,2.126029,1
61,VILLA,2017-07-28,2017-07-28,Powerline,10.20885,1
101,RIOSA,2022-07-17,2022-07-17,Smoking,37.56129,1
188,BORDER 22,2022-07-08,2022-07-08,Arson,7.280743,1
51,CAMATTA,2017-08-02,2017-08-02,Lightning,70.57708,1
52,RANCH,2017-08-13,2017-08-13,Vehicle,12.45207,1
53,MARGARITA,2017-09-03,2017-09-03,Vehicle,69.71004,1
54,HUASNA,2017-09-20,2017-09-20,Equipment Use,244.789,1
179,FELIPE,2022-04-23,2022-04-23,Debris,1.16234,1
178,BORDER 10,2022-05-15,2022-05-15,Campfire,4.806643,1
175,REDWOOD,2022-06-27,2022-06-27,Vehicle,106.1611,1
59,LYNCH,2017-10-19,2017-10-19,Vehicle,71.18116,1
172,BIANCHI,2022-06-10,2022-06-10,Equipment Use,38.15456,1
171,AIRLINE,2022-09-01,2022-09-01,Vehicle,13.90262,1
68,KILLGORE,2017-06-10,2017-06-10,Arson,0.2615252,1
144,BROOME,2022-05-31,2022-05-31,Vehicle,1.092994,1
119,BETABEL ,2022-06-14,2022-06-14,Vehicle,47.00494,1
85,PLEASANT,2017-08-27,2017-08-27,Equipment Use,0.3043329,1
139, ,2017-08-27,2017-08-27,Playing with fire,0.1167619,1
88,MARBLE,2017-09-01,2017-09-01,Equipment Use,0.3712338,1
92,SHELL,2017-10-05,2017-10-05,Debris,4.643873,1
93,BARR,2017-10-29,2017-10-29,Vehicle,0.3732139,1
94,JADE,2017-10-31,2017-10-31,Debris,0.09527241,1
95,MODOC,2017-11-15,2017-11-15,Arson,0.2216782,1
97,GRACE,2017-04-03,2017-04-03,Arson,45.21847,1
98,CORNER,2017-08-17,2017-08-17,Vehicle,13.96419,1
104,AIR,2017-09-25,2017-09-25,Equipment Use,147.8375,1
105,BELL,2017-08-05,2017-08-05,Arson,34.68973,1
84,STATELINE,2017-08-19,2017-08-19,Equipment Use,0.4704108,1
83,HILL,2017-07-29,2017-07-29,Equipment Use,155.1988,1
69,OAKWOOD,2017-06-12,2017-06-12,Debris,3.594825,1
73,MACDOEL,2017-06-29,2017-06-29,Debris,9.625264,1
140,LOST HILLS,2022-07-05,2022-07-05,Equipment Use,2.507146,1
77,COMSTOCK,2017-07-02,2017-07-02,Arson,5.762318,1
130,R-3 VINCENT,2022-09-14,2022-09-14,Lightning,2.810175,1
79,SHULMEYER,2017-07-06,2017-07-06,Equipment Use,4.431605,1
80,HAWKINSVILLE,2017-07-08,2017-07-08,Equipment Use,5.537436,1
236,ENCINAL,2017-04-29,2017-04-29,Equipment Use,2.525276,1
327,OLD WOMAN 2,2021-06-20,2021-06-20,Lightning,25.38194,1
264,JAMACHA,2001-07-20,2001-07-20,Playing with fire,39.5129,1
62,BROWN,2013-08-15,2013-08-15,Equipment Use,14.90101,1
319,FLATS,2021-09-05,2021-09-05,Equipment Use,38.58012,1
332,R-1 RYE,2021-07-01,2021-07-01,Lightning,64.69015,1
240,GAVINA,2017-05-15,2017-05-15,Campfire,2.574129,1
242,BARN,2017-05-29,2017-05-29,Campfire,2.064039,1
63,BUSHNELL,2013-07-14,2013-07-14,Equipment Use,22.16579,1
64,COOSKIE,2013-07-12,2013-07-12,Campfire,36.49929,1
244,SOUTH,2017-06-13,2017-06-13,Campfire,9.507282,1
216,ESTATE,2017-09-23,2017-09-23,Equipment Use,42.80334,1
355,MANZANITA,2021-01-19,2021-01-19,Debris,22.3779,1
350,CALIENTE,2021-07-12,2021-07-12,Railroad,18.59738,1
347,SCALES,2021-06-27,2021-06-27,Vehicle,3.222384,1
268,SHORELINE,2013-08-30,2013-08-30,Powerline,2.539962,1
346,PARK,2021-06-12,2021-06-12,Vehicle,2.092052,1
345,MOUNTAIN,2021-09-25,2021-09-25,Vehicle,19.0184,1
344,MOUNTAIN,2021-07-23,2021-07-23,Arson,25.31992,1
208,FOOTHILL,2017-07-27,2017-07-27,Campfire,4.213081,1
245,WAGON,2017-06-22,2017-06-22,Equipment Use,0.1805364,1
267,RAMBLA,2017-12-18,2017-12-18,Equipment Use,0.1799399,1
266,SKYLINE,2017-11-13,2017-11-13,Equipment Use,0.07016324,1
249,JOHNSON,2017-06-11,2017-06-11,Arson,38.81298,1
273,HAWK,2017-07-07,2017-07-07,Equipment Use,2940.496,1
251,NEENACH,2017-06-30,2017-06-30,Equipment Use,18.74323,1
252,OLD,2017-07-18,2017-07-18,Equipment Use,1.638321,1
253,HASLEY,2017-07-09,2017-07-09,Playing with fire,1.342572,1
258,LEONA,2017-09-09,2017-09-09,Powerline,0.139297,1
357,PACIFICO,2021-01-17,2021-01-17,Structure,2.883715,1
36,OREGON,2022-06-13,2022-06-13,Arson,14.32328,1
35,PINECREST,2022-06-23,2022-06-23,Equipment Use,16.90405,1
34,BIGGS,2022-08-04,2022-08-04,Equipment Use,15.77412,1
31,EDEN,2022-08-15,2022-08-15,Vehicle,58.31763,1
21,MIDWAY,2022-06-21,2022-06-21,Vehicle,13.50571,1
157,CHINA,2017-07-05,2017-07-05,Powerline,13.89821,1
27,SCENIC,2022-06-23,2022-06-23,Vehicle,120.4983,1
24,FLYNN,2022-07-19,2022-07-19,Vehicle,173.7565,1
23,KIRKER,2022-06-24,2022-06-24,Vehicle,84.79446,1
61,NELSON,2022-10-05,2022-10-05,Equipment Use,60.11403,1
60,VALE,2022-10-08,2022-10-08,Equipment Use,27.99138,1
57,COAL,2022-08-07,2022-08-07,Arson,16.74895,1
55,GRANT,2022-07-14,2022-07-14,Arson,73.11472,1
54,LATROBE,2022-05-31,2022-05-31,Equipment Use,26.74845,1
49,FRANKLIN,2022-09-05,2022-09-05,Vehicle,50.12971,1
22,TESLA,2022-06-23,2022-06-23,Vehicle,551.7821,1
20,PASS,2022-05-18,2022-05-18,Vehicle,65.37904,1
360,MADERA 2,2021-04-01,2021-04-01,Equipment Use,14.21907,1
180,SUNSHINE COMPLEX,2017-09-18,2017-09-18,Vehicle,15.96021,1
380,CASJR STRINGER,2021-06-17,2021-06-17,Powerline,2.734319,1
379,RIVER,2021-06-14,2021-06-14,Campfire,57.37954,1
377,MILLAR,2021-10-01,2021-10-01,Powerline,0.4009637,1
198,CORONADO,2017-08-13,2017-08-13,Vehicle,123.1079,1
362,PEAK,2021-07-20,2021-07-20,Vehicle,1.283047,1
383,POINT,2021-08-20,2021-08-20,Equipment Use,22.15831,1
384,SUTTER,2021-09-27,2021-09-27,Equipment Use,141.5167,1
174,GARDEN,2017-10-10,2017-10-10,Vehicle,19.13759,1
18,WILLOW,2022-05-20,2022-05-20,Equipment Use,28.56241,1
17,DEER,2022-07-18,2022-07-18,Arson,14.51391,1
15,BRUNS,2022-05-24,2022-05-24,Equipment Use,12.17408,1
9,SANDRA,2022-06-30,2022-06-30,Equipment Use,34.40428,1
3,TOWER,2022-06-03,2022-06-03,Arson,28.68488,1
190,BORDER 26,2022-07-17,2022-07-17,Arson,4.541373,1
233,BRANSTETTER,2022-08-31,2022-08-31,Campfire,33.77932,1
46,WEST,2017-07-31,2017-07-31,Vehicle,11.34279,1
150,AIRPORT,2023-10-20,2023-10-20,Vehicle,0.14,1
149,SNELL,2023-06-16,2023-06-16,Arson,97.11945,1
148,RANGE,2023-09-16,2023-09-16,Debris,16.14059,1
147,MOSS,2023-09-13,2023-09-13,Equipment Use,1.899265,1
145,58 CARRIZO,2023-12-16,2023-12-16,Vehicle,13.34245,1
144,TOWNSITE,2023-09-10,2023-09-10,Vehicle,8.690822,1
143,BITTER,2023-08-31,2023-08-31,Vehicle,0.7515653,1
142,CREST,2023-08-27,2023-08-27,Debris,2.421318,1
141,PANZA,2023-12-16,2023-12-16,Vehicle,3.066564,1
140,WINEMAN,2023-08-26,2023-08-26,Arson,1.682815,1
139,TOPAZ,2023-08-18,2023-08-18,Powerline,5.66248,1
137,WILLOW,2023-08-16,2023-08-16,Vehicle,5.272589,1
27,SPUNKY,2015-08-29,2015-08-29,Equipment Use,5.217817,1
135,OAK,2023-07-25,2023-07-25,Debris,0.1144218,1
133,JARDINE,2023-07-16,2023-07-16,Smoking,2.151939,1
155,RUBY,2023-09-14,2023-09-14,Equipment Use,2.58,1
160,RANCH,2015-10-09,2015-10-09,Equipment Use,10.50375,1
177,BRIDGE,2023-07-07,2023-07-07,Vehicle,30.3938,1
175,CRANE,2023-06-27,2023-06-27,Equipment Use,23.8874,1
174,GEORGE,2023-06-08,2023-06-08,Vehicle,25.7406,1
170,VEGA,2023-08-30,2023-08-30,Arson,1.98,1
161,FIVE,2015-08-06,2015-08-06,Equipment Use,24.54405,1
156,DURA,2023-07-12,2023-07-12,Equipment Use,28.96,1
164,ROBIN,2023-08-10,2023-08-10,Arson,138.2095,1
163,PARK,2023-07-03,2023-07-03,Vehicle,0.06657419,1
161,MAIN,2023-04-06,2023-04-06,Powerline,54.54718,1
160,GREY,2023-07-29,2023-07-29,Equipment Use,11.02161,1
132,BOULDER,2023-06-28,2023-06-28,Powerline,70.79186,1
131,NEAL,2023-06-16,2023-06-16,Equipment Use,2.214254,1
97,SICARD,2023-05-30,2023-05-30,Powerline,13.73,1
18,WIND,2015-05-29,2015-05-29,Equipment Use,6.101388,1
19,FREEWAY,2015-06-23,2015-06-23,Equipment Use,11.55442,1
101,WHISKEY,2023-07-03,2023-07-03,Equipment Use,83.0,1
129,JARDINE,2023-06-03,2023-06-03,Equipment Use,1.171606,1
118,BEAR,2023-09-26,2023-09-26,Campfire,0.3076231,1
128,VALLEY,2023-11-20,2023-11-20,Equipment Use,9.52999,1
127,ALMOND,2023-11-13,2023-11-13,Equipment Use,31.01117,1
126,ROCK,2023-06-01,2023-06-01,Equipment Use,3.37118,1
125,BRIDGE,2023-11-12,2023-11-12,Campfire,1.519355,1
123,DIABLO,2023-10-30,2023-10-30,Equipment Use,25.73028,1
122,SHORES,2023-09-01,2023-09-01,Equipment Use,14.83849,1
120,ESTRELLA,2023-06-10,2023-06-10,Smoking,1.184759,1
119,HILL,2023-10-21,2023-10-21,Vehicle,6.247237,1
116,HAZEL,2023-08-29,2023-08-29,Structure,0.46,1
183,COLD ,2015-07-23,2015-07-23,Lightning,14.21169,1
85,FERN,2015-08-02,2015-08-02,Lightning,88.53635,1
86,MALLARD,2015-07-29,2015-07-29,Structure,65.95107,1
87,DORRIS,2015-07-21,2015-07-21,Lightning,28.19277,1
248,ARROW,2023-05-15,2023-05-15,Vehicle,121.1558,1
89,YORK,2015-07-04,2015-07-04,Lightning,398.4229,1
91,RIDGE,2015-06-19,2015-06-19,Powerline,9.07207,1
83,CHINA,2015-07-29,2015-07-29,Equipment Use,175.0157,1
93,MARIPOSA,2015-07-26,2015-07-26,Vehicle,9.073173,1
94,WHITE,2015-08-01,2015-08-01,Powerline,53.55653,1
95,GRADE,2015-08-16,2015-08-16,Vehicle,19.67408,1
96,TRIPLE FIRE,2015-07-21,2015-07-21,Lightning,427.9607,1
82,BROWN,2015-09-08,2015-09-08,Equipment Use,28.56581,1
98,BAKER,2015-05-24,2015-05-24,Debris,0.7465882,1
11,CLEGHORN,2013-08-17,2013-08-17,Equipment Use,98.36967,1
2,DEL,2013-06-09,2013-06-09,Equipment Use,17.78473,1
50,MCCOURTNEY,2015-09-21,2015-09-21,Equipment Use,30.55511,1
5,ISLAND,2013-07-09,2013-07-09,Equipment Use,11.9789,1
51,VISTA,2015-04-05,2015-04-05,Escaped Prescribed Burn,20.63441,1
46,FRANCIS,2015-08-04,2015-08-04,Powerline,28.872,1
10,TOWNSEND,2013-06-22,2013-06-22,Equipment Use,29.87113,1
45,LOCUST,2015-07-27,2015-07-27,Arson,644.1685,1
17,KEENBROOK,2013-05-15,2013-05-15,Railroad,11.03264,1
69,GAVILAN,2015-03-29,2015-03-29,Vehicle,16.00883,1
72,MUSTANG,2015-06-10,2015-06-10,Lightning,7.996591,1
260,QUAIL 2,2023-08-10,2023-08-10,Arson,300.792,1
73,SNOW,2015-06-05,2015-06-05,Equipment Use,24.79573,1
97,PONDEROSA,2015-02-23,2015-02-23,Debris,15.15671,1
130,PEAK,2015-08-14,2015-08-14,Vehicle,2.931382,1
29,FREEMAN,2013-06-29,2013-06-29,Vehicle,105.2913,1
30,PINNACLES,2013-07-03,2013-07-03,Vehicle,92.91267,1
131,SUNSET,2015-10-13,2015-10-13,Vehicle,0.5548272,1
31,SYCAMORE,2013-08-04,2013-08-04,Playing with fire,14.96562,1
32,TRES PINOS,2013-05-03,2013-05-03,Equipment Use,353.4941,1
136,STAFFORD,2015-06-11,2015-06-11,Equipment Use,0.8197879,1
138,RED,2015-02-09,2015-02-09,Vehicle,0.05534946,1
187,CORCORAN,2023-05-30,2023-05-30,Vehicle,2.545945,1
185,WHIPPLE,2023-06-20,2023-06-20,Campfire,26.82465,1
20,LYTLE,2013-05-13,2013-05-13,Equipment Use,76.87362,1
99,VALLEY,2015-06-05,2015-06-05,Lightning,7.054897,1
103,36,2015-07-18,2015-07-18,Vehicle,3.731267,1
107,TRUCKEE,2015-09-06,2015-09-06,Equipment Use,1.487334,1
115,STINE,2015-08-14,2015-08-14,Lightning,13.79393,1
117,GRIMY,2015-05-30,2015-05-30,Equipment Use,19.42308,1
121,MERIDIAN,2015-10-13,2015-10-13,Equipment Use,901.9863,1
292,MUREAU,2015-10-03,2015-10-03,Lightning,0.4854267,1
298,BRUCHARD,2015-10-07,2015-10-07,Escaped Prescribed Burn,2.154247,1
252,HUGHES,2022-08-06,2022-08-06,Vehicle,7.944128,1
243,WILSON,2022-04-28,2022-04-28,Debris,1.261111,1
242,ESTRELLA,2022-03-23,2022-03-23,Powerline,1.968684,1
241,MEADOW,2022-07-19,2022-07-19,Equipment Use,16.55005,1
264,CANYON,2022-06-17,2022-06-17,Arson,17.27645,1
265,WINDWOOD,2022-07-29,2022-07-29,Vehicle,6.372824,1
282,DUME,2015-04-17,2015-04-17,Vehicle,1.479508,1
288,SIXTY,2022-07-30,2022-07-30,Escaped Prescribed Burn,21.09291,1
287,CA-WSF-22000274 GRAYSON,2022-04-10,2022-04-10,Campfire,182.0349,1
276,SNOW,2015-10-27,2015-10-27,Campfire,0.1008077,1
274,AULIN,2013-07-18,2013-07-18,Campfire,0.07926745,1
36,LONE,2013-06-03,2013-06-03,Equipment Use,224.9926,1
284,NEWTON,2015-11-07,2015-11-07,Debris,0.09396015,1
275,ESTATES,2022-07-17,2022-07-17,Aircraft,0.7762036,1
273,ROBLAR,2022-06-27,2022-06-27,Equipment Use,63.26585,1
285,GRAND VIEW,2015-04-27,2015-04-27,Vehicle,0.09397247,1
286,WENDY,2015-07-04,2015-07-04,Playing with fire,0.09396258,1
287,TOPANGA CYN,2015-04-06,2015-04-06,Vehicle,0.1522151,1
240,PRICE,2022-01-01,2022-01-01,Campfire,0.06728618,1
37,ROCKY,2017-05-20,2017-05-20,Equipment Use,21.9278,1
32,TABLE,2017-09-19,2017-09-19,Powerline,38.80263,1
48,LA POSTA 2,2013-09-02,2013-09-02,Lightning,13.75034,1
36,POINT,2017-10-09,2017-10-09,Powerline,130.2357,1
38,SHANDON,2017-05-07,2017-05-07,Vehicle,12.07228,1
40,LUCY,2017-06-14,2017-06-14,Powerline,147.667,1
41,TOWER,2017-07-07,2017-07-07,Vehicle,63.51402,1
42,OLIVE,2017-07-24,2017-07-24,Vehicle,236.8678,1
196,ALPINE,2022-03-01,2022-03-01,Arson,18.43938,1
195,CAESAR,2022-09-05,2022-09-05,Vehicle,47.70462,1
43,CYPRESS,2017-07-24,2017-07-24,Powerline,21.28955,1
30,QUAIL,2017-07-12,2017-07-12,Equipment Use,59.38209,1
28,ORANGE,2017-06-21,2017-06-21,Equipment Use,64.52619,1
237,WINEMAN,2022-06-19,2022-06-19,Arson,56.78185,1
236,FLANAGAN,2022-03-04,2022-03-04,Debris,88.68606,1
7,BALDWIN,2017-06-16,2017-06-16,Equipment Use,2.296595,1
27,MILTON,2017-10-18,2017-10-18,Equipment Use,17.96167,1
20,CRABTREE,2017-06-21,2017-06-21,Vehicle,14.1566,1
22,GOLD,2017-07-05,2017-07-05,Vehicle,33.16441,1
23,HARNEY,2017-09-24,2017-09-24,Powerline,37.42143,1
8,BETABEL,2015-07-20,2015-07-20,Equipment Use,56.30732,1
7,DEER,2015-05-10,2015-05-10,Lightning,66.02117,1
220,GARDEN,2015-07-30,2015-07-30,Lightning,0.03171027,1
44,CHAMPAGNE,2023-06-30,2023-06-30,Powerline,107.8487,1
211,SPRING GARDEN,2015-02-06,2015-02-06,Debris,15.84018,1
2,MILL2,2015-07-12,2015-07-12,Equipment Use,53.99769,1
38,ELK,2023-06-13,2023-06-13,Powerline,5.666053,1
37,LITTLE,2023-06-08,2023-06-08,Debris,59.26785,1
1,IONE,2015-07-02,2015-07-02,Arson,357.5903,1
10,GRAPE ,2015-05-01,2015-05-01,Smoking,7.469237,1
14,WAYSIDE,2015-04-02,2015-04-02,Equipment Use,6.601349,1
13,TUNA,2015-03-13,2015-03-13,Campfire,1.204807,1
67,SEMI,2023-08-27,2023-08-27,Vehicle,4.015996,1
66,BLACKWELL,2023-08-19,2023-08-19,Lightning,34.64903,1
63,GENERAL,2023-08-13,2023-08-13,Lightning,16.05068,1
206,GREY,2015-07-03,2015-07-03,Lightning,19.44877,1
35,POINT,2023-06-04,2023-06-04,Equipment Use,4.915308,1
292,WOLFSEN,2022-07-08,2022-07-08,Vehicle,25.11741,1
1,KAISER,2023-06-02,2023-06-02,Debris,13.60238,1
0,WHITWORTH,2023-06-17,2023-06-17,Debris,5.729125,1
304,RIVER,2022-10-25,2022-10-25,Campfire,98.25912,1
303,TULARE,2022-07-25,2022-07-25,Vehicle,134.4698,1
6,PAICINES,2023-07-13,2023-07-13,Vehicle,13.59313,1
294,SANDY,2022-09-09,2022-09-09,Vehicle,27.54214,1
293,POINT,2022-07-27,2022-07-27,Vehicle,58.67502,1
23,MISTY,2023-10-14,2023-10-14,Equipment Use,11.7,1
31,LAVENDER ,2023-05-14,2023-05-14,Equipment Use,14.74279,1
27,HOSTLY,2023-05-01,2023-05-01,Powerline,83.71268,1
26,WALL,2023-11-12,2023-11-12,Arson,11.12262,1
25,PLYMOUTH,2023-11-02,2023-11-02,Debris,11.1,1
234,CASTLE,2015-06-23,2015-06-23,Campfire,14253.95,1
22,CANA,2023-09-16,2023-09-16,Powerline,19.28816,1
279,PICNIC,2013-08-08,2013-08-08,Campfire,0.07944155,1
260,DEVIL,2015-09-20,2015-09-20,Equipment Use,14.40403,1
14,VIRGINIA,2023-06-21,2023-06-21,Campfire,10.07201,1
12,OLIVE,2023-07-29,2023-07-29,Equipment Use,20.67,1
11,PINE,2023-06-15,2023-06-15,Equipment Use,11.91801,1
206,LYONS,2020-10-13,2020-10-13,Vehicle,25.58551,1
225,DEVILS GULCH,2020-08-16,2020-08-16,Lightning,16.94518,1
224,SPANISH,2020-05-24,2020-05-24,Equipment Use,17.29441,1
223,DUNFIELD,2020-03-13,2020-03-13,Debris,21.91274,1
222,LAKEVILLE,2020-06-05,2020-06-05,Equipment Use,159.6805,1
57,ELECTRA,2019-09-25,2019-09-25,Arson,10.23911,1
58,LIBERTY,2019-09-02,2019-09-02,Equipment Use,10.66764,1
216,MOUNTAIN,2020-06-17,2020-06-17,Powerline,28.20186,1
215,CACHE,2020-07-06,2020-07-06,Campfire,44.79775,1
213,KIRKLAND,2020-07-27,2020-07-27,Powerline,21.10397,1
211,STAGE,2020-09-23,2020-09-23,Powerline,26.56782,1
210,SIERRA,2020-05-24,2020-05-24,Vehicle,17.90481,1
209,URSULINE,2020-09-21,2020-09-21,Equipment Use,11.93184,1
208,CATHOLIC,2020-09-01,2020-09-01,Vehicle,22.23492,1
53,CARSON,2019-07-30,2019-07-30,Equipment Use,13.1878,1
130,SUMMIT,2013-04-24,2013-04-24,Powerline,2.200399,1
247,DAVIS 3,2020-09-09,2020-09-09,Arson,11.43486,1
17,CORCORAN,2019-09-24,2019-09-24,Smoking,2.897731,1
253,HARRIS,2020-05-11,2020-05-11,Equipment Use,10.61657,1
28,BACHELOR,2019-09-09,2019-09-09,Equipment Use,15.83755,1
32,CRESTWOOD,2019-11-02,2019-11-02,Vehicle,31.55482,1
207,SALT,2020-10-05,2020-10-05,Vehicle,86.66375,1
205,POPE,2020-10-23,2020-10-23,Vehicle,64.28315,1
78,PHELPS,2019-09-05,2019-09-05,Powerline,61.30566,1
79,DUDLEY,2019-05-30,2019-05-30,Equipment Use,13.47398,1
80,VINEYARD ,2019-06-02,2019-06-02,Debris,32.38626,1
82,HUNTER,2019-06-09,2019-06-09,Equipment Use,74.50411,1
83,ARDO,2019-06-12,2019-06-12,Powerline,42.759,1
84,HOLLISTER,2019-06-15,2019-06-15,Vehicle,24.50135,1
86,LONOAK,2019-06-25,2019-06-25,Powerline,2520.879,1
87,PARKFIELD,2019-06-30,2019-06-30,Powerline,13.85442,1
88,SARGENT,2019-07-09,2019-07-09,Powerline,171.9477,1
89,LUCAS,2019-07-21,2019-07-21,Vehicle,18.16434,1
90,LAKE,2019-07-29,2019-07-29,Vehicle,305.6829,1
91,JOLON,2019-09-01,2019-09-01,Powerline,61.59237,1
161,METZ,2020-05-24,2020-05-24,Equipment Use,33.09181,1
160,JULIUS,2020-05-17,2020-05-17,Powerline,21.76851,1
74,PALMER,2019-07-04,2019-07-04,Powerline,14.61489,1
73,PALM,2019-09-29,2019-09-29,Powerline,89.73408,1
72,OIL,2019-09-28,2019-09-28,Powerline,37.6693,1
62,DEVIL,2019-04-24,2019-04-24,Powerline,50.13959,1
202,HILL,2020-07-24,2020-07-24,Vehicle,139.1295,1
201,AIRLINE,2020-12-25,2020-12-25,Arson,62.40783,1
200,SAN DIMAS,2020-11-06,2020-11-06,Arson,128.1708,1
197,QUAIL,2020-10-09,2020-10-09,Debris,12.85847,1
60,VINTAGE,2019-07-14,2019-07-14,Equipment Use,2.438375,1
183,CASINO,2020-07-13,2020-07-13,Arson,91.579,1
66,REEF,2019-09-11,2019-09-11,Powerline,103.7607,1
67,SKY,2019-09-05,2019-09-05,Powerline,138.9932,1
186,SIERRA,2020-06-08,2020-06-08,Playing with fire,39.05026,1
69,BRYSON,2019-10-15,2019-10-15,Arson,13.84219,1
257,PICO,2021-07-06,2021-07-06,Equipment Use,7.302879,1
540,LATROBE,2017-07-26,2017-07-26,Debris,1268.11,1
518,BLUE,2017-08-10,2017-08-10,Powerline,12.3151,1
522,PINE,2017-05-16,2017-05-16,Vehicle,24.03971,1
523,LONEOAK,2017-05-17,2017-05-17,Powerline,16.81539,1
524,BITTERWATER,2017-05-22,2017-05-22,Powerline,20.62749,1
330,WOOD,2020-02-23,2020-02-23,Debris,54.35728,1
526,VALLEY,2017-07-04,2017-07-04,Vehicle,34.8994,1
527,PARKFIELD,2017-07-08,2017-07-08,Powerline,1821.772,1
528,ALVARADO,2017-07-16,2017-07-16,Powerline,9.783442,1
529,CANYON,2017-08-14,2017-08-14,Equipment Use,16.82664,1
532,BITTERWATER,2017-11-25,2017-11-25,Vehicle,48.32974,1
533,COUNTRY,2017-08-07,2017-08-07,Powerline,81.70621,1
534,UNION,2017-07-02,2017-07-02,Vehicle,32.43858,1
535,PINE,2017-09-11,2017-09-11,Lightning,59.3685,1
350,LAGUNA,2020-06-12,2020-06-12,Vehicle,7.162426,1
358,MOFFETT,2020-06-18,2020-06-18,Equipment Use,1.070461,1
357,NOYES 1-14,2020-07-28,2020-07-28,Lightning,8.12013,1
356,RED 3-1,2020-07-24,2020-07-24,Lightning,1.28821,1
355,SPRING,2020-04-03,2020-04-03,Debris,1.749333,1
354,MARTIN,2020-08-02,2020-08-02,Powerline,2.360432,1
352,ORR,2020-06-18,2020-06-18,Equipment Use,3.503062,1
351,GUYS,2020-02-27,2020-02-27,Debris,2.80249,1
507,HIGHWAY,2017-06-22,2017-06-22,Powerline,21.25227,1
211,COTTONWOOD,2013-08-15,2013-08-15,Equipment Use,49.51719,1
345,LIVE OAK,2020-08-22,2020-08-22,Vehicle,1.669692,1
344,BRUNO,2020-02-28,2020-02-28,Arson,6.789666,1
101,MARPLE,2013-09-08,2013-09-08,Smoking,6.544206,1
209,AGER,2013-09-10,2013-09-10,Equipment Use,7.327134,1
10,BAR,2019-11-13,2019-11-13,Escaped Prescribed Burn,51.6265,1
544,LARGO,2017-07-30,2017-07-30,Arson,237.9169,1
193,ROSA,2013-10-04,2013-10-04,Equipment Use,24.74532,1
280,TRAMWAY,2020-06-29,2020-06-29,Equipment Use,11.13794,1
187,CACTUS,2013-09-04,2013-09-04,Powerline,17.30028,1
273,PITMAN,2020-12-26,2020-12-26,Equipment Use,39.66626,1
272,BULL,2020-09-05,2020-09-05,Vehicle,14.08969,1
271,LAGO,2020-05-09,2020-05-09,Equipment Use,16.89021,1
268,ADOBE,2020-05-07,2020-05-07,Campfire,15.18358,1
603,HARKIN,2017-06-28,2017-06-28,Campfire,2.568609,1
604,JONES,2017-06-03,2017-06-03,Arson,42.07929,1
576,SENTINEL,2017-09-12,2017-09-12,Lightning,0.07944368,1
545,STONY,2017-06-24,2017-06-24,Powerline,10.9172,1
309,BASIC,2020-06-24,2020-06-24,Lightning,116.1777,1
548,POHONO,2017-10-09,2017-10-09,Campfire,0.07946421,1
104,SHOOTING,2013-08-27,2013-08-27,Equipment Use,10.215,1
198,VAN BUREN,2013-05-02,2013-05-02,Smoking,7.173444,1
108,AMIGAS,2013-07-04,2013-07-04,Playing with fire,10.29018,1
561,AVALANCH VEHICLE FIRE,2017-06-21,2017-06-21,Vehicle,0.07949797,1
562,A RANCH,2017-09-12,2017-09-12,Lightning,0.002815646,1
110,BENNETT,2013-05-01,2013-05-01,Powerline,0.1311737,1
111,BOHAN,2013-09-25,2013-09-25,Powerline,7.909993,1
197,THOMAS,2013-11-09,2013-11-09,Vehicle,27.81954,1
568,VERNON,2017-07-12,2017-07-12,Lightning,0.07913565,1
93,FRUDDEN,2019-09-03,2019-09-03,Equipment Use,11.78939,1
95,STAGE,2019-09-18,2019-09-18,Arson,13.01915,1
145,PRATT,2013-07-23,2013-07-23,Vehicle,41.20865,1
185,HOLLOW,2019-06-08,2019-06-08,Equipment Use,0.7589745,1
187,CRESTVIEW,2019-06-08,2019-06-08,Equipment Use,15.5361,1
188,EUREKA,2019-06-08,2019-06-08,Equipment Use,11.99847,1
189,HELIOS,2019-06-07,2019-06-07,Equipment Use,0.8129824,1
28,REDWOOD,2020-10-23,2020-10-23,Equipment Use,101.4003,1
27,BEAR,2020-02-15,2020-02-15,Debris,10.47374,1
190,BITTER,2019-06-10,2019-06-10,Vehicle,73.93117,1
191,MCMILLIAN,2019-06-12,2019-06-12,Equipment Use,1763.821,1
192,SADDLE BACK,2019-06-17,2019-06-17,Structure,4.286545,1
193,BUENA,2019-06-28,2019-06-28,Playing with fire,1.671938,1
194,O'DONOVAN,2019-06-25,2019-06-25,Vehicle,10.87737,1
195,TOPAZ,2019-06-23,2019-06-23,Equipment Use,47.8895,1
20,COAST,2020-06-29,2020-06-29,Arson,20.2083,1
197,GLADE,2019-07-09,2019-07-09,Equipment Use,5.21805,1
144,MCGALL,2013-10-12,2013-10-12,Equipment Use,13.9834,1
198,GILLIS,2019-07-08,2019-07-08,Equipment Use,977.1411,1
15,RIOSA,2020-06-15,2020-06-15,Powerline,13.69472,1
34,MINE,2020-12-24,2020-12-24,Debris,11.07413,1
184,COTTONWOOD,2019-04-18,2019-04-18,Vehicle,1.908545,1
169,BOULDER,2019-06-05,2019-06-05,Powerline,1110.843,1
163,HUNTER,2019-08-15,2019-08-15,Vehicle,428.0987,1
164,CONVERSE,2019-12-19,2019-12-19,Debris,12.63458,1
54,TOWNSEND,2020-05-17,2020-05-17,Debris,13.73043,1
52,JENNY 2-3,2020-07-27,2020-07-27,Lightning,14.63708,1
167,MOOSE,2019-08-12,2019-08-12,Equipment Use,195.8783,1
170,SPIRIT,2019-08-27,2019-08-27,Debris,15.82898,1
47,LOCUST,2020-12-31,2020-12-31,Debris,15.85951,1
173,BLUE DIAMOND,0219-05-29,0219-05-29,Aircraft,2.29694,1
177,BOMMER,2019-10-24,2019-10-24,Vehicle,1.322732,1
179,TRACY,2019-05-15,2019-05-15,Powerline,4.472729,1
14,PAVE PAWS,2020-08-02,2020-08-02,Powerline,532.7733,1
199,BELMONT,2019-05-29,2019-05-29,Lightning,832.636,1
96,KING,2019-10-10,2019-10-10,Powerline,8.221602,1
200,PLANT,2019-08-21,2019-08-21,Vehicle,22.36234,1
172,NICOLAUS WESTLAND,2013-06-04,2013-06-04,Equipment Use,58.55238,1
171,NELSON,2013-06-05,2013-06-05,Equipment Use,33.0784,1
169,MCDANIEL,2013-09-12,2013-09-12,Smoking,9.204685,1
174,SIERRA,2013-08-10,2013-08-10,Railroad,23.57369,1
209,DALE,2019-06-02,2019-06-02,Vehicle,14.69958,1
10,DYER,2020-07-06,2020-07-06,Playing with fire,194.6603,1
201,RANCH,2019-09-02,2019-09-02,Vehicle,4.678437,1
202,TRACY,2019-05-27,2019-05-27,Equipment Use,38.42611,1
203,THOMPSON,2019-07-24,2019-07-24,Campfire,89.01712,1
204,BELMONT,2019-09-26,2019-09-26,Equipment Use,5.911667,1
205,BELMONT,2019-10-31,2019-10-31,Equipment Use,0.3136398,1
307,SEARS,2019-10-17,2019-10-17,Vehicle,1.98405,1
305,REFUGE,2019-07-21,2019-07-21,Vehicle,158.8546,1
303,TRACK,2019-06-27,2019-06-27,Vehicle,104.9992,1
176,THOUSAND OAKS,2013-06-01,2013-06-01,Equipment Use,1.882901,1
158,DOUGLAS,2019-08-18,2019-08-18,Equipment Use,22.34313,1
157,LOMA,2019-10-06,2019-10-06,Equipment Use,0.9653762,1
156,FOOTHILLS,2019-11-25,2019-11-25,Arson,24.59045,1
131,CLAY FIRE,2020-07-29,2020-07-29,Smoking,740.1123,1
129,CRONAN FIRE,2020-06-09,2020-06-09,Equipment Use,28.27121,1
128,GRANT FIRE,2020-06-12,2020-06-12,Equipment Use,5062.198,1
126,INWOOD,2020-07-31,2020-07-31,Powerline,10.81982,1
113,BRANDT,2019-07-03,2019-07-03,Vehicle,23.174,1
117,RODDEN,2019-07-11,2019-07-11,Debris,32.69442,1
118,PLACER,2020-08-25,2020-08-25,Equipment Use,53.15897,1
119,PRESTON,2019-08-08,2019-08-08,Playing with fire,20.16607,1
116,III_2,2020-08-15,2020-08-15,Lightning,20.435,1
114,JUAN,2020-07-05,2020-07-05,Powerline,33.28214,1
113,CRESTA BLANCA,2020-06-10,2020-06-10,Vehicle,18.42477,1
133,DEN,2020-05-23,2020-05-23,Powerline,42.87516,1
134,FRONTIER,2020-06-23,2020-06-23,Arson,21.7087,1
146,COPPER FIRE,2020-09-30,2020-09-30,Smoking,46.58341,1
155,COPPERHEAD,2020-10-26,2020-10-26,Equipment Use,22.66812,1
97,CABRILLO,2019-10-24,2019-10-24,Equipment Use,61.75045,1
98,DEER,2019-09-03,2019-09-03,Debris,9.367375,1
100,PLAINS ,2019-10-10,2019-10-10,Vehicle,42.17504,1
150,CROSS,2020-10-07,2020-10-07,Equipment Use,24.49597,1
148,LIBERTY FIRE,2020-06-17,2020-06-17,Debris,88.69255,1
147,CAMERON FIRE,2020-10-18,2020-10-18,Vehicle,14.42604,1
145,MURPHY FIRE,2020-08-17,2020-08-17,Powerline,13.25112,1
135,GATOS,2020-04-26,2020-04-26,Equipment Use,31.95898,1
143,TODD,2020-07-26,2020-07-26,Equipment Use,13.09678,1
142,THERMAL,2020-08-30,2020-08-30,Powerline,11.4255,1
103,COW,2019-09-24,2019-09-24,Vehicle,15.38397,1
140,SUTTER,2020-05-24,2020-05-24,Powerline,26.95898,1
105,TRINITY,2019-06-25,2019-06-25,Equipment Use,129.0636,1
138,KINGS,2020-07-05,2020-07-05,Equipment Use,65.94609,1
106,LOWER,2019-08-12,2019-08-12,Lightning,46.40511,1
110,TOPAZ,2020-06-12,2020-06-12,Equipment Use,157.1149,1
109,CARRIZO,2020-08-12,2020-08-12,Vehicle,184.9174,1
108,II-2,2020-08-15,2020-08-15,Lightning,64.87589,1
80,FRANCISCAN,2020-08-15,2020-08-15,Equipment Use,15.77986,1
139,AUBREY,2019-09-06,2019-09-06,Lightning,5.438107,1
140,ETNA,2019-04-25,2019-04-25,Debris,3.236623,1
141,STUHR,2019-09-12,2019-09-12,Vehicle,190.1649,1
150,RANGE,2019-05-30,2019-05-30,Equipment Use,22.57155,1
82,LEOPARD,2020-05-31,2020-05-31,Arson,16.629,1
152,SCOTT,2019-06-24,2019-06-24,Equipment Use,80.34697,1
66,SODA,2020-06-17,2020-06-17,Lightning,421.4699,1
84,TWITCHELL,2020-06-06,2020-06-06,Lightning,28.68455,1
98,CLARK,2020-12-16,2020-12-16,Arson,18.82918,1
106,BERRY,2020-08-01,2020-08-01,Equipment Use,24.21436,1
105,RIATA,2020-06-16,2020-06-16,Equipment Use,15.23254,1
104,SODA,2020-07-03,2020-07-03,Equipment Use,152.5866,1
103,LAKE,2020-07-04,2020-07-04,Vehicle,567.0063,1
102,GAGE,2020-06-28,2020-06-28,Equipment Use,33.05524,1
126,JERRY,2019-06-21,2019-06-21,Vehicle,521.9408,1
100,SODA,2020-06-10,2020-06-10,Vehicle,1653.114,1
99,HUASNA,2020-05-13,2020-05-13,Debris,47.4296,1
93,KIRSCHEMANN,2020-05-28,2020-05-28,Equipment Use,28.75139,1
132,PATRICIA,2019-09-05,2019-09-05,Lightning,15.9213,1
89,SPRINGS,2020-08-09,2020-08-09,Playing with fire,10.29982,1
88,ROSA,2020-02-26,2020-02-26,Debris,13.27444,1
134,SCOTT,2019-06-23,2019-06-23,Debris,5.647906,1
366,AVENAL,2017-08-29,2017-08-29,Vehicle,19.41336,1
343,SPALLETTA,2017-07-12,2017-07-12,Equipment Use,28.70305,1
344,PINE,2017-06-27,2017-06-27,Powerline,30.57775,1
346,EASTMAM,2017-09-18,2017-09-18,Powerline,482.3408,1
352,JUNIPER,2017-08-23,2017-08-23,Vehicle,30.71256,1
357,HILLS,2017-08-27,2017-08-27,Vehicle,60.17172,1
122,GRAHAM,2021-05-27,2021-05-27,Equipment Use,14.35726,1
121,SMITH,2021-06-11,2021-06-11,Equipment Use,9.446896,1
359,FREEDOM,2017-07-04,2017-07-04,Equipment Use,56.85116,1
360,TIVY,2017-06-11,2017-06-11,Lightning,76.29654,1
364,COALINGA,2017-08-30,2017-08-30,Equipment Use,102.2866,1
365,CITY,2017-05-18,2017-05-18,Vehicle,23.45427,1
335,HILL,2017-09-06,2017-09-06,Equipment Use,9.913222,1
161,RYE,2021-02-02,2021-02-02,Equipment Use,1.171693,1
156,MALLARD,2021-06-11,2021-06-11,Equipment Use,4.217206,1
323,BLUE,2017-05-05,2017-05-05,Equipment Use,9.054397,1
325,CANYON,2017-05-14,2017-05-14,Vehicle,15.1246,1
146,AMERICAN,2021-08-27,2021-08-27,Arson,14.40411,1
145,CRYSTAL,2021-08-25,2021-08-25,Campfire,1.731484,1
143,OLD HIGHWAY 80  / LA POSTA RD,2021-09-24,2021-09-24,Lightning,1.378734,1
111,WOODMAN,2021-04-01,2021-04-01,Debris,24.85209,1
244,CLEMENTS,2013-07-15,2013-07-15,Equipment Use,50.12178,1
107,LINE,2021-03-28,2021-03-28,Debris,21.61033,1
83,NEWELL,2021-10-11,2021-10-11,Vehicle,137.1334,1
82,PLYE,2021-08-07,2021-08-07,Arson,6.29127,1
256,GOODENOUGH,2013-04-08,2013-04-08,Powerline,145.2335,1
79,GRANGE,2021-07-07,2021-07-07,Equipment Use,6.612106,1
78,DREAM,2021-06-23,2021-06-23,Arson,4.769748,1
77,ACACIA,2021-05-29,2021-05-29,Equipment Use,6.082049,1
75,WEST,2021-05-26,2021-05-26,Vehicle,2.58838,1
72,COUNTY,2021-05-08,2021-05-08,Powerline,2.854398,1
71,WILSON,2021-04-29,2021-04-29,Debris,1.552339,1
390,RIVERS,2017-10-14,2017-10-14,Debris,147.5612,1
69,MUNIZ,2021-04-20,2021-04-20,Debris,2.227886,1
67,SODA,2021-04-17,2021-04-17,Debris,1.20866,1
250,SALE,2013-06-03,2013-06-03,Playing with fire,100.1428,1
247,SHELTON,2013-05-30,2013-05-30,Equipment Use,236.6837,1
84,DIMOND,2021-07-30,2021-07-30,Arson,4.771153,1
85,STUBBS,2021-08-02,2021-08-02,Arson,1.37785,1
97,CREEK,2021-08-01,2021-08-01,Arson,3.695564,1
259,WHEELER,2013-11-14,2013-11-14,Equipment Use,22.4388,1
104,KIWI,2021-06-07,2021-06-07,Equipment Use,1.75886,1
103,MOUNTAIN,2021-08-22,2021-08-22,Arson,1.039344,1
102,CREEK,2021-08-29,2021-08-29,Arson,1.284499,1
258,HIDDEN,2013-06-06,2013-06-06,Arson,37.86338,1
99,I-80 LYNCH,2021-08-17,2021-08-17,Vehicle,1.08848,1
98,MIDDLE,2021-08-13,2021-08-13,Powerline,25.11647,1
96,COLEMAN,2021-07-18,2021-07-18,Arson,2.714847,1
87,OLD,2021-01-18,2021-01-18,Powerline,3.873497,1
94,LEESVILLE,2021-07-03,2021-07-03,Playing with fire,5.558945,1
93,OAK,2021-06-14,2021-06-14,Equipment Use,2.842491,1
92,MUSTANG,2021-06-13,2021-06-13,Arson,7.733727,1
91,SKY,2021-04-29,2021-04-29,Debris,58.34655,1
257,HAPPY CAMP,2013-12-10,2013-12-10,Powerline,44.73134,1
89,GREEN,2021-05-08,2021-05-08,Debris,8.655844,1
88,SPRING,2021-01-19,2021-01-19,Debris,1.017629,1
222,BOAT,2021-07-01,2021-07-01,Vehicle,1.496656,1
220,EDMONSON,2021-06-30,2021-06-30,Vehicle,9.158972,1
219,BEALE,2021-06-19,2021-06-19,Vehicle,8.94504,1
236,BEALE2,2021-10-12,2021-10-12,Powerline,55.49031,1
255,RIDGE,2021-08-06,2021-08-06,Equipment Use,5.647393,1
254,BONITA,2021-07-24,2021-07-24,Vehicle,1.013455,1
253,CECIL,2021-07-15,2021-07-15,Vehicle,6.260819,1
242,UNNAMED,2021-06-18,2021-06-18,Equipment Use,1.121165,1
213,WOLVES,2021-04-22,2021-04-22,Escaped Prescribed Burn,26.06954,1
180,AROMAS,2021-06-26,2021-06-26,Vehicle,3.190873,1
188,COYOTE,2021-01-21,2021-01-21,Debris,4.889593,1
187,TIFFANY,2021-01-13,2021-01-13,Debris,2.45159,1
186,ADOBE,2021-01-18,2021-01-18,Equipment Use,1.444209,1
185,PANOCHE,2021-06-23,2021-06-23,Vehicle,146.4311,1
184,JOLON,2021-07-25,2021-07-25,Equipment Use,28.44884,1
183,FERRIS,2021-02-21,2021-02-21,Debris,13.79761,1
190,ANTELOPE,2021-05-04,2021-05-04,Vehicle,10.67426,1
178,MIDDLE,2021-11-11,2021-11-11,Powerline,17.06123,1
175,DALTON,2021-09-24,2021-09-24,Vehicle,2.21358,1
174,GOLDEN,2021-08-07,2021-08-07,Vehicle,19.88849,1
172,SYCAMORE,2021-08-02,2021-08-02,Vehicle,3.27472,1
191,VISTA,2021-04-27,2021-04-27,Debris,5.135205,1
211,GRAPEVINE,2021-04-20,2021-04-20,Vehicle,5.185684,1
202,BUZZARD,2021-05-11,2021-05-11,Equipment Use,70.24671,1
207,SABODAN,2021-06-01,2021-06-01,Equipment Use,1.751998,1
205,FREEWAY,2021-04-17,2021-04-17,Vehicle,3.822008,1
204,GRANITE INC,2021-03-01,2021-03-01,Powerline,2.381455,1
200,FRANKLIN,2021-09-10,2021-09-10,Debris,40.32301,1
198,TOBIN,2021-07-31,2021-07-31,Vehicle,64.70691,1
197,GROVE,2021-07-28,2021-07-28,Vehicle,24.01903,1
194,INDEPENDENCE,2021-05-24,2021-05-24,Equipment Use,1.923519,1
193,TWITCHELL,2021-05-10,2021-05-10,Vehicle,8.925045,1
59,PINE,2021-06-23,2021-06-23,Equipment Use,50.93539,1
406,COUNTRY,2020-09-17,2020-09-17,Playing with fire,1.016899,1
426,CANYON,2020-12-13,2020-12-13,Powerline,7.26888,1
425,NO NAME,2020-09-26,2020-09-26,Vehicle,3.013402,1
423,TOPANGA,2020-09-08,2020-09-08,Vehicle,6.732281,1
421,CALGROVE,2020-06-30,2020-06-30,Equipment Use,4.228073,1
418,HASLEY,2020-06-11,2020-06-11,Equipment Use,6.671049,1
416,MESA,2020-07-13,2020-07-13,Powerline,1.250532,1
415,AIRPORT,2020-05-21,2020-05-21,Vehicle,3.001326,1
414,TOPANGA,2020-07-22,2020-07-22,Powerline,2.614254,1
100,MAGIC,2013-05-28,2013-05-28,Equipment Use,145.1069,1
410,POND,2020-07-26,2020-07-26,Playing with fire,7.086052,1
409,SMARTSVILLE,2020-07-09,2020-07-09,Equipment Use,8.089746,1
408,DAVIS,2020-11-05,2020-11-05,Powerline,1.119542,1
427,BANNING,2020-12-20,2020-12-20,Powerline,1.529065,1
428,DUNNIGAN,2020-06-17,2020-06-17,Powerline,6.125275,1
440,EAGLE,2020-08-27,2020-08-27,Arson,1.482663,1
448,REDWOOD,2020-08-15,2020-08-15,Equipment Use,2.178815,1
447,ARROW,2020-08-08,2020-08-08,Equipment Use,6.730837,1
446,CREEK,2020-06-20,2020-06-20,Equipment Use,1.247528,1
444,SPRING,2020-09-14,2020-09-14,Powerline,1.290407,1
443,LYTTON,2020-10-03,2020-10-03,Arson,1.931224,1
442,17-7,2020-08-17,2020-08-17,Lightning,1.842313,1
430,LAWLEY,2020-07-08,2020-07-08,Equipment Use,2.023604,1
438,LUCERNE,2020-09-20,2020-09-20,Arson,4.12193,1
437,OAT,2020-05-28,2020-05-28,Vehicle,5.638311,1
436,MOBILE,2020-07-26,2020-07-26,Equipment Use,1.119406,1
431,HUBCAP,2020-10-10,2020-10-10,Equipment Use,2.017771,1
405,ENERGY,2020-08-29,2020-08-29,Powerline,6.926877,1
58,SETTLERS,2021-05-19,2021-05-19,Equipment Use,45.35123,1
404,CORNELL,2020-08-18,2020-08-18,Equipment Use,1.810446,1
381,SHERRY,2020-06-07,2020-06-07,Equipment Use,1.009096,1
379,LINNE,2020-05-29,2020-05-29,Powerline,6.545331,1
378,FARM,2020-06-21,2020-06-21,Equipment Use,2.241039,1
377,DAIRY,2020-06-23,2020-06-23,Equipment Use,2.58218,1
376,CAMATTA,2020-06-13,2020-06-13,Powerline,2.139037,1
374,HUASNA,2020-05-05,2020-05-05,Debris,1.82044,1
373,RANCHO,2020-08-02,2020-08-02,Powerline,1.532845,1
372,MOCKINGBIRD,2020-06-12,2020-06-12,Arson,8.885991,1
371,DONALD,2020-06-18,2020-06-18,Arson,1.379659,1
382,CAMATTA,2020-07-08,2020-07-08,Equipment Use,7.910181,1
383,VENICE,2020-07-11,2020-07-11,Equipment Use,3.359791,1
384,MACK,2020-07-11,2020-07-11,Vehicle,1.202354,1
395,TOPAZ,2020-07-03,2020-07-03,Powerline,6.894768,1
403,BRIDLE,2020-08-16,2020-08-16,Lightning,2.057733,1
402,IV_1,2020-08-15,2020-08-15,Lightning,3.049276,1
401,SPRING,2020-08-12,2020-08-12,Vehicle,3.958437,1
400,HILLS,2020-08-11,2020-08-11,Vehicle,1.175158,1
398,MEADOW,2020-07-22,2020-07-22,Playing with fire,5.033767,1
397,DAVIS,2020-07-19,2020-07-19,Vehicle,3.257213,1
396,GREEN,2020-07-12,2020-07-12,Vehicle,6.077057,1
385,WEBSTER,2020-07-06,2020-07-06,Playing with fire,4.872211,1
393,TORO,2020-06-09,2020-06-09,Powerline,2.016255,1
391,RANCHO,2020-05-31,2020-05-31,Debris,2.268174,1
390,PRICE,2020-05-31,2020-05-31,Vehicle,1.057545,1
389,RESERVOIR,2020-11-02,2020-11-02,Playing with fire,8.031864,1
388,MUSTARD,2020-07-10,2020-07-10,Powerline,1.806828,1
387,CREEK,2020-05-28,2020-05-28,Vehicle,2.014056,1
386,SHED,2020-08-05,2020-08-05,Vehicle,6.066731,1
449,CHABLIS,2020-11-22,2020-11-22,Playing with fire,1.33193,1
212,ENGLISH,2013-05-26,2013-05-26,Debris,0.4501346,1
451,SALMON,2020-09-10,2020-09-10,Equipment Use,5.429207,1
27,KIRKER,2021-07-04,2021-07-04,Vehicle,83.55169,1
24,PASEO,2021-06-25,2021-06-25,Equipment Use,37.56758,1
22,RANCH,2021-05-05,2021-05-05,Debris,1.678553,1
21,MEAMBER,2021-05-30,2021-05-30,Debris,2.300643,1
20,MARY,2021-04-22,2021-04-22,Escaped Prescribed Burn,4.059574,1
19,HOVEY,2021-05-05,2021-05-05,Debris,4.767107,1
18,BROWNELL,2021-04-13,2021-04-13,Debris,4.151186,1
455,HORSE,2017-08-24,2017-08-24,Lightning,0.1560788,1
459,JARDINE,2017-06-16,2017-06-16,Debris,20.19442,1
470,TOWER,2017-04-30,2017-04-30,Arson,93.15666,1
220,CREEK,2013-09-24,2013-09-24,Powerline,94.40611,1
54,GOOSE,2021-06-13,2021-06-13,Equipment Use,65.68092,1
53,BELL,2021-05-20,2021-05-20,Equipment Use,18.61205,1
45,GLEN,2021-08-11,2021-08-11,Vehicle,184.0656,1
31,CANNON,2021-07-14,2021-07-14,Arson,43.3417,1
422,SQUIRREL,2017-09-27,2017-08-29,Arson,113.0544,1
41,HUTTO,2021-05-31,2021-05-31,Equipment Use,11.46257,1
433,POZO ,2017-10-09,2017-10-09,Equipment Use,64.36557,1
438,DEEP,2017-09-07,2017-09-07,Lightning,101.367,1
228,CANE,2013-07-23,2013-07-23,Lightning,19.64708,1
462,PLEASANTS,2020-05-27,2020-05-27,Powerline,8.70067,1
98,MADISON,2013-05-27,2013-05-27,Equipment Use,5.662212,1
498,BLUE2,2017-07-26,2017-07-26,Lightning,33.3521,1
466,ISLAND,2020-08-09,2020-08-09,Campfire,1.435053,1
465,PIERCE,2020-09-27,2020-09-27,Equipment Use,5.636059,1
464,TWIN,2020-11-23,2020-11-23,Debris,1.042918,1
461,NEWELL,2020-06-29,2020-06-29,Arson,2.560388,1
214,LICHENS,2013-06-16,2013-06-16,Debris,2.147175,1
459,MILL,2020-05-05,2020-05-05,Powerline,1.699512,1
458,13-1,2020-08-16,2020-08-16,Lightning,1.20419,1
457,FOX,2020-07-27,2020-07-27,Campfire,1.696867,1
454,DUNNIGAN,2020-07-10,2020-07-10,Equipment Use,1.851237,1
453,DIGGER/QUAIL,2020-07-08,2020-07-08,Equipment Use,5.713114,1
489,CHALK,2017-08-07,2017-08-07,Lightning,115.3048,1
1,MEISS,2021-04-05,2021-04-05,Debris,21.86377,1
480,VALLEY,2017-06-27,2017-06-27,Lightning,78.2062,1
0,CALVERT,2021-03-01,2021-03-01,Escaped Prescribed Burn,257.8323,1
492,TULE,2020-10-02,2020-10-02,Equipment Use,43.19823,1
491,SANDY,2020-09-08,2020-09-08,Vehicle,22.68961,1
490,BITTER,2020-11-01,2020-11-01,Vehicle,1.392398,1
487,TRIPP,2020-07-09,2020-07-09,Equipment Use,59.73152,1
92,CASTRO,2013-07-08,2013-07-08,Equipment Use,0.608927,1
217,TROUT,2013-07-31,2013-07-31,Lightning,44.57877,1
216,PIONEER,2013-07-30,2013-07-30,Equipment Use,0.1090613,1
480,PEAK,2020-08-11,2020-08-11,Vehicle,26.72971,1
215,PERCH,2013-07-11,2013-07-11,Equipment Use,1.844568,1
