Year,Fire Name,Alarm Date,Containment Date,Duration (Days),Cause,Acres,Area,Perimeter
2023,WHITWORTH,2023-06-17,2023-06-17,0.0,Debris,5.729125,41407.83984375,1247.16603398886
2023,KAISER,2023-06-02,2023-06-02,0.0,Debris,13.60238,93455.87890625,1285.51454971661
2023,JACKSON,2023-07-01,2023-07-02,1.0,Equipment Use,27.81446,183028.5,2697.58742917456
2023,CARBON,2023-07-11,2023-07-11,0.0,Miscellaneous,58.76023,388221.953125,2548.73877855158
2023,LIBERTY,2023-07-11,2023-07-12,1.0,Unknown / Unidentified,70.979,466456.0078125,5106.93652582734
2023,CLAY,2023-06-18,2023-06-18,0.0,Unknown / Unidentified,28.63791,188516.984375,1941.50983446427
2023,PAICINES,2023-07-13,2023-07-13,0.0,Vehicle,13.59313,85835.91796875,1776.4387595018
2023,VINEYARD,2023-07-09,2023-07-10,1.0,Unknown / Unidentified,391.3749,2412533.5546875,10733.8123075036
2023,SLACKS,2023-07-15,2023-07-17,2.0,Vehicle,40.41796,249660.2734375,2407.16695678565
2023,IDRIA,2023-07-19,2023-07-19,0.0,Unknown / Unidentified,296.6445,1860464.30078125,10225.7742396832
2023,WONDER,2023-07-24,2023-07-28,4.0,Railroad,161.8137,1141858.58984375,7184.88555633728
2023,PINE,2023-06-15,2023-06-15,0.0,Equipment Use,11.91801,83320.984375,1388.85090723164
2023,OLIVE,2023-07-29,2023-07-29,0.0,Equipment Use,20.67,143460.0078125,2544.54186805971
2023,TURKEY,2023-07-26,2023-07-31,5.0,Arson,52.17383,354598.3046875,3866.55622041301
2023,VIRGINIA,2023-06-21,2023-06-21,0.0,Campfire,10.07201,68524.96875,1209.30553410994
2023,RABBIT,2023-07-14,2023-07-23,9.0,Vehicle,8354.776,49193097.9453125,47639.7437077098
2023,HIGHLAND,2023-07-14,2023-07-23,9.0,Unknown / Unidentified,104.0207,612635.0234375,3915.57257152357
2023,RECHE,2023-07-14,2023-07-23,9.0,Arson,435.684,2570257.99609375,8565.27516599609
2023,GAVILAN,2023-07-15,2023-07-23,8.0,Unknown / Unidentified,334.5828,1966205.47265625,7959.66657521688
2023,RAMONA,2023-05-22,2023-05-26,4.0,Equipment Use,337.9316,1986003.47265625,7664.10111785175
2023,CEMETERY,2023-08-09,2023-08-09,0.0,Unknown / Unidentified,74.10231,502589.3828125,3982.26722140786
2023,1-10,2023-08-15,2023-08-18,3.0,Lightning,56.87772,392924.71875,3555.76506096679
2023,CANA,2023-09-16,2023-09-16,0.0,Powerline,19.28816,132527.5546875,1574.848975552
2023,MISTY,2023-10-14,2023-10-14,0.0,Equipment Use,11.7,77082.015625,1326.14840721991
2023,HIGHLAND,2023-10-30,2023-11-08,9.0,Miscellaneous,2487,14121208.0507813,47327.1125758144
2023,PLYMOUTH,2023-11-02,2023-11-02,0.0,Debris,11.1,71774.98046875,1248.54278186756
2023,WALL,2023-11-12,2023-11-12,0.0,Arson,11.12262,75606.7890625,1183.889292658
2023,HOSTLY,2023-05-01,2023-05-01,0.0,Powerline,83.71268,512475.94921875,3523.40996548146
2023,ADOBE,2023-05-03,2023-05-03,0.0,Unknown / Unidentified,5.948729,36450.41796875,1312.57107632531
2023,LAZY,2023-05-10,2023-05-10,0.0,Unknown / Unidentified,3.267727,19948.7890625,742.667896509371
2023,BITTER,2023-05-12,2023-05-12,0.0,Unknown / Unidentified,225.6406,1383222.34765625,5326.45543821856
2023,LAVENDER ,2023-05-14,2023-05-14,0.0,Equipment Use,14.74279,90465.5625,1800.28339730919
2023,POND,2023-05-18,2023-05-18,0.0,Unknown / Unidentified,6.763345,44627.17578125,1060.99837142796
2023,ELK,2023-05-21,2023-05-21,0.0,Unknown / Unidentified,9.687215,58624.11328125,1374.36226100426
2023,TOLL,2023-05-22,2023-05-22,0.0,Unknown / Unidentified,6.860587,41750.76171875,1105.91052052054
2023,POINT,2023-06-04,2023-06-04,0.0,Equipment Use,4.915308,29805.7109375,907.303007096636
2023,PENTLAND,2023-06-05,2023-06-06,1.0,Unknown / Unidentified,83.47556,504927.51171875,4146.01597875623
2023,LITTLE,2023-06-08,2023-06-08,0.0,Debris,59.26785,363380.9921875,3161.21385528543
2023,ELK,2023-06-13,2023-06-13,0.0,Powerline,5.666053,34513.80078125,1180.02780027584
2023,TANK,2023-06-20,2023-06-21,1.0,Unknown / Unidentified,5.777378,35535.09375,1446.9448978274
2023,FAMOSO,2023-06-23,2023-06-23,0.0,Unknown / Unidentified,6.419109,39402.58203125,773.845044652949
2023,LAST,2023-06-24,2023-06-24,0.0,Unknown / Unidentified,3.334712,20361.14453125,646.584897570341
2023,POST,2023-06-27,2023-06-27,0.0,Unknown / Unidentified,5.966745,36596.77734375,1362.92193236612
2023,WATER,2023-06-27,2023-06-27,0.0,Unknown / Unidentified,7.961721,48856.96875,1201.87791796314
2023,CHAMPAGNE,2023-06-30,2023-06-30,0.0,Powerline,107.8487,651052.49609375,4648.68537232396
2023,TRUCK,2023-06-30,2023-07-01,1.0,Unknown / Unidentified,17.15697,103697.05078125,2221.2211032266
2023,ROUND,2023-07-03,2023-07-03,0.0,Unknown / Unidentified,536.0197,3290774.2578125,11616.3652403161
2023,CANYON,2023-07-02,2023-07-03,1.0,Unknown / Unidentified,9.05986,54912.9453125,1875.04816244704
2023,SOUTH 2,2023-07-03,2023-07-03,0.0,Unknown / Unidentified,9.613276,67641.21484375,1438.10278837926
2023,TREE,2023-07-04,2023-07-04,0.0,Unknown / Unidentified,6.170191,37428.29296875,1100.11406446195
2023,BAKER,2023-07-11,2023-07-11,0.0,Unknown / Unidentified,3.72376,22675.671875,1174.85848737343
2023,MID,2023-07-13,2023-07-13,0.0,Unknown / Unidentified,4.990486,30309.01171875,777.184071121593
2023,DISTRICT,2023-07-07,2023-07-12,5.0,Unknown / Unidentified,1043.665,6292144.94140625,12913.9059085782
2023,BODFISH,2023-07-19,2023-07-20,1.0,Unknown / Unidentified,52.75753,321188.984375,2453.60466606071
2023,SCODIE,2023-07-28,2023-07-31,3.0,Unknown / Unidentified,20.61374,126800.3203125,4049.18938777411
2023,BEALE,2023-07-31,2023-08-01,1.0,Unknown / Unidentified,60.6251,368792.39453125,3734.17974082288
2023,HABERKERN,2023-07-31,2023-08-01,1.0,Unknown / Unidentified,34.74714,209238.98828125,3222.64980333255
2023,COMANCHE,2023-08-01,2023-08-01,0.0,Unknown / Unidentified,4.387525,26755.98828125,786.570330819241
2023,EAST,2023-08-01,2023-08-01,0.0,Unknown / Unidentified,1291.166,7899533.1953125,15390.5216597692
2023,EDMONSTON,2023-08-03,2023-08-04,1.0,Unknown / Unidentified,14.59014,88044.421875,1789.61277467236
2023,ALMOND,2023-08-06,2023-08-07,1.0,Unknown / Unidentified,5228.871,32043957.1210938,45656.0660909036
2023,BOULEVARD,2023-08-04,2023-08-07,3.0,Unknown / Unidentified,89.46474,542043.421875,8956.07928963521
2023,BRITE,2023-08-09,2023-08-09,0.0,Unknown / Unidentified,3.816716,23131.67578125,712.314840154778
2023,GENERAL,2023-08-13,2023-08-13,0.0,Lightning,16.05068,97481.0390625,1702.3947196682
2023,TROTTER,2023-08-14,2023-08-17,3.0,Unknown / Unidentified,52.54716,318702.40234375,4868.13291235762
2023,GROVE,2023-08-14,2023-08-14,0.0,Unknown / Unidentified,4.713907,28567.82421875,1609.3463258167
2023,BLACKWELL,2023-08-19,2023-08-19,0.0,Lightning,34.64903,212358.31640625,2262.75029492936
2023,SEMI,2023-08-27,2023-08-27,0.0,Vehicle,4.015996,24437.2109375,825.463446811665
2023,DEN,2023-08-28,2023-08-28,0.0,Unknown / Unidentified,33.32077,205300.015625,2251.13933798717
2023,ROLLING,2023-09-09,2023-09-09,0.0,Unknown / Unidentified,7.908133,48110.3515625,1631.9377204392
2023,TULE,2023-09-09,2023-09-10,1.0,Unknown / Unidentified,7.309518,44897.9921875,924.004655341922
2023,CALIENTE ,2023-09-16,2023-09-17,1.0,Unknown / Unidentified,55.02539,334837.2265625,3260.97691659367
2023,FLAT,2023-09-21,2023-09-21,0.0,Unknown / Unidentified,10.37647,63111.26171875,1553.04377703671
2023,TOWER ,2023-09-22,2023-09-22,0.0,Unknown / Unidentified,5.175606,31535.8984375,1666.75188837585
2023,POSO ,2023-09-22,2023-09-22,0.0,Unknown / Unidentified,5.002238,30675.01171875,1041.26604286787
2023,BLUE BARN ,2023-09-26,2023-09-27,1.0,Unknown / Unidentified,7.971368,48879.41015625,1049.61124597768
2023,CORNER,2023-09-27,2023-09-27,0.0,Unknown / Unidentified,6.430629,39461.25390625,987.043563638193
2023,ROCK,2023-09-27,2023-09-27,0.0,Unknown / Unidentified,13.71712,82917.8359375,1781.1103614216
2023,SKY,2023-10-06,2023-10-06,0.0,Unknown / Unidentified,4.440306,27030.42578125,1277.93106273961
2023,LIERLY,2023-10-07,2023-10-07,0.0,Unknown / Unidentified,3.030688,18364.57421875,881.18766333832
2023,ANNETTE,2023-10-18,2023-10-18,0.0,Unknown / Unidentified,5.226628,32146.07421875,860.348696807882
2023,CREEK,2023-10-26,2023-10-26,0.0,Unknown / Unidentified,6.315729,38482.625,850.97167833716
2023,SHERWOOD,2023-10-28,2023-10-28,0.0,Unknown / Unidentified,8.496378,52123.60546875,1176.99143915499
2023,CROCKER,2023-10-29,2023-10-29,0.0,Unknown / Unidentified,8.202892,49831.3046875,1154.94838622602
2023,BRONZE,2023-10-29,2023-10-29,0.0,Unknown / Unidentified,5.487661,33676.4765625,978.395090240878
2023,KERN,2023-11-02,2023-11-02,0.0,Unknown / Unidentified,16.76435,102302.58984375,1533.5443995333
2023,LINE,2023-11-08,2023-11-08,0.0,Unknown / Unidentified,86.2767,527799.0625,3885.53783423904
2023,FIELD,2023-11-10,2023-11-10,0.0,Unknown / Unidentified,15.04139,92238.10546875,1413.35123886369
2023,FANO,2023-05-11,2023-05-11,0.0,Unknown / Unidentified,3.00047,46223.17578125,1389.53120265833
2023,FANO 2,2023-11-21,2023-11-21,0.0,Unknown / Unidentified,3.433622,21001.1953125,568.788494578366
2023,FRONT,2023-10-07,2023-10-07,0.0,Unknown / Unidentified,7.258909,44394.96875,1535.67978415336
2023,HOLLOW,2023-10-18,2023-10-18,0.0,Unknown / Unidentified,13.32836,81629.73046875,1303.98165470329
2023,PLANT,2023-08-19,2023-08-31,12.0,Powerline,5761.521,34771286.984375,52880.1507570325
2023,SUN,2023-11-09,2023-11-13,4.0,Equipment Use,211.192,1263209.25390625,6407.74367740057
2023,GRADE,2023-10-06,2023-10-07,1.0,Vehicle,95.66613,572195.2265625,5628.22411344363
2023,SCOTT,2023-06-15,2023-06-15,0.0,Unknown / Unidentified,94.27705,729429.28515625,4916.56253133477
2023,PEOIRA,2023-06-23,2023-06-23,0.0,Unknown / Unidentified,58.00984,392011.09375,2779.40065569763
2023,SICARD,2023-05-30,2023-05-30,0.0,Powerline,13.73,91543.4140625,1820.06844997656
2023,TULE 2,2023-12-03,2023-12-03,0.0,Unknown / Unidentified,3.12156,18763.0078125,975.070567845394
2023,RANCHO,2023-12-04,2023-12-04,0.0,Unknown / Unidentified,2.2649,13228,666.591320641136
2023,PINE,2023-12-15,2023-12-16,1.0,Unknown / Unidentified,169.973,1041987.03125,5519.3161410333
2023,WHISKEY,2023-07-03,2023-07-03,0.0,Equipment Use,83,528590.0625,3723.28800078224
2023,WILLIAMS,2023-08-13,2023-08-16,3.0,Miscellaneous,4.5,27820.04296875,740.678816912956
2023,TRAIL,2023-07-26,2023-07-27,1.0,Unknown / Unidentified,1.655345,9795.05078125,785.699282226667
2023,VILLANOVA,2023-07-05,2023-07-06,1.0,Unknown / Unidentified,13.01236,77596.91015625,1574.08464907446
2023,SOUTH,2023-12-09,2023-12-12,3.0,Unknown / Unidentified,2715.4,16143487.7421875,46856.1700438683
2023,ROCK,2023-08-09,2023-08-10,1.0,Unknown / Unidentified,531.0221,3125684.390625,9266.77327412283
2023,BONNY,2023-07-26,2023-08-07,12.0,Unknown / Unidentified,2323.106,13545480.4726563,30310.0484777186
2023,WILLIAMS,2023-10-06,2023-10-09,3.0,Miscellaneous,53.9,334473.51171875,4810.72489922024
2023,TANWOODS,2023-07-16,2023-07-16,0.0,Unknown / Unidentified,9.532271,63489.2890625,1306.55259728356
2023,FOOTHILLS,2023-08-05,2023-08-05,0.0,Unknown / Unidentified,25,166830.6015625,2057.58620182663
2023,BREWER,2023-07-11,2023-07-11,0.0,Unknown / Unidentified,11.63,72340.890625,1438.59412432952
2023,ERIC,2023-06-09,2023-06-09,0.0,Unknown / Unidentified,44,297833.75,3808.76400735729
2023,SPENCEVILLE,2023-07-26,2023-07-31,5.0,Equipment Use,10.8,71087.25,1270.33273404977
2023,DOOLITTLE,2023-07-31,2023-07-31,0.0,Unknown / Unidentified,16.6,16168.75390625,721.610566392573
2023,GANN,2023-07-02,2023-07-02,0.0,Unknown / Unidentified,106,689467.51953125,5341.28042082055
2023,HAZEL,2023-08-29,2023-08-29,0.0,Structure,0.46,3168.8984375,219.283288108808
2023,BITTER,2023-08-15,2023-08-16,1.0,Vehicle,695.1143,4249745.02734375,11155.5890220942
2023,BEAR,2023-09-26,2023-09-26,0.0,Campfire,0.3076231,1873.50390625,190.523100788468
2023,HILL,2023-10-21,2023-10-21,0.0,Vehicle,6.247237,38117.00390625,853.701855187138
2023,ESTRELLA,2023-06-10,2023-06-10,0.0,Smoking,1.184759,7278.50390625,386.276613674756
2023,GREEN,2023-10-06,2023-10-09,3.0,Powerline,247.2606,1514331.9921875,6555.8168957239
2023,SHORES,2023-09-01,2023-09-01,0.0,Equipment Use,14.83849,91436.52734375,1464.35897895176
2023,DIABLO,2023-10-30,2023-10-30,0.0,Equipment Use,25.73028,156659.0078125,2154.1185563484
2023,SUMMIT,2023-11-10,2023-11-11,1.0,Unknown / Unidentified,6.738468,40989.48046875,1206.44721854531
2023,BRIDGE,2023-11-12,2023-11-12,0.0,Campfire,1.519355,9182.49609375,512.688216096683
2023,ROCK,2023-06-01,2023-06-01,0.0,Equipment Use,3.37118,20769.66015625,606.999561211191
2023,ALMOND,2023-11-13,2023-11-13,0.0,Equipment Use,31.01117,189929.98828125,1938.03933584048
2023,VALLEY,2023-11-20,2023-11-20,0.0,Equipment Use,9.52999,58357.01953125,2106.67321306964
2023,JARDINE,2023-06-03,2023-06-03,0.0,Equipment Use,1.171606,7202.01171875,343.132091643185
2023,GREEN,2023-11-10,2023-11-10,0.0,Unknown / Unidentified,4.502316,27563.9921875,771.227189132719
2023,NEAL,2023-06-16,2023-06-16,0.0,Equipment Use,2.214254,13574.5,469.62829786856
2023,BOULDER,2023-06-28,2023-06-28,0.0,Powerline,70.79186,431352.00390625,3756.05651986448
2023,JARDINE,2023-07-16,2023-07-16,0.0,Smoking,2.151939,13226.49609375,629.646022269677
2023,FRANKLIN,2023-12-16,2023-12-16,0.0,Unknown / Unidentified,1.008626,6185.5,321.137146668691
2023,OAK,2023-07-25,2023-07-25,0.0,Debris,0.1144218,703,158.40083660076
2023,SHELL,2023-07-30,2023-08-03,4.0,Vehicle,114.7964,701703.50390625,4835.69047899195
2023,WILLOW,2023-08-16,2023-08-16,0.0,Vehicle,5.272589,32346.00390625,802.641273290647
2023,CATTLE,2023-08-16,2023-08-16,0.0,Miscellaneous,0.8171355,4988,328.36028649412
2023,TOPAZ,2023-08-18,2023-08-18,0.0,Powerline,5.66248,34542,744.285463131898
2023,WINEMAN,2023-08-26,2023-08-26,0.0,Arson,1.682815,10172,386.111235647662
2023,PANZA,2023-12-16,2023-12-16,0.0,Vehicle,3.066564,18742.50390625,907.434434884294
2023,CREST,2023-08-27,2023-08-27,0.0,Debris,2.421318,14898.50390625,648.96867144567
2023,BITTER,2023-08-31,2023-08-31,0.0,Vehicle,0.7515653,4612,318.676944026895
2023,TOWNSITE,2023-09-10,2023-09-10,0.0,Vehicle,8.690822,52689.99609375,985.480693147847
2023,58 CARRIZO,2023-12-16,2023-12-16,0.0,Vehicle,13.34245,81375.9921875,1892.44662651592
2023,GENESEO,2023-09-10,2023-09-10,0.0,Unknown / Unidentified,1.702128,10438.49609375,456.577777189102
2023,MOSS,2023-09-13,2023-09-13,0.0,Equipment Use,1.899265,11630,545.595831444982
2023,RANGE,2023-09-16,2023-09-16,0.0,Debris,16.14059,98402.0234375,1327.04461386716
2023,SNELL,2023-06-16,2023-06-16,0.0,Arson,97.11945,646290.57421875,4809.99465826304
2023,AIRPORT,2023-10-20,2023-10-20,0.0,Vehicle,0.14,1003.76171875,123.130150369486
2023,WILDCAT 2,2023-06-20,2023-06-21,1.0,Unknown / Unidentified,12.2,70128.078125,1661.04043872603
2023,COYOTE,2023-08-17,2023-08-19,2.0,Unknown / Unidentified,466.5,2670139.78515625,8337.21972888518
2023,COUSER 2,2023-07-18,2023-07-18,0.0,Unknown / Unidentified,3.5,20184.62890625,649.536383504187
2023,BLACKWOOD,2023-06-20,2023-06-21,1.0,Unknown / Unidentified,37.4,214332.078125,3972.24847104523
2023,RUBY,2023-09-14,2023-09-14,0.0,Equipment Use,2.58,19125,804.219012835874
2023,DURA,2023-07-12,2023-07-12,0.0,Equipment Use,28.96,202759.47265625,2702.15051105932
2023,BORDER 14,2023-06-21,2023-06-22,1.0,Unknown / Unidentified,61.07,346823.5234375,3925.77136783633
2023,BORDER 30,2023-10-07,2023-10-07,0.0,Unknown / Unidentified,10.51,59312.51171875,1135.85868933477
2023,BORDER 13,2023-06-20,2023-06-20,0.0,Unknown / Unidentified,17.95,1123003.90234375,7290.32580898211
2023,GREY,2023-07-29,2023-07-29,0.0,Equipment Use,11.02161,71534.49609375,1156.6235552905
2023,MAIN,2023-04-06,2023-04-06,0.0,Powerline,54.54718,350211.78515625,2757.57893534511
2023,PECWAN,2023-08-08,2023-08-08,0.0,Unknown / Unidentified,12.89246,92530.3984375,1441.22720434884
2023,PARK,2023-07-03,2023-07-03,0.0,Vehicle,0.06657419,414.765625,76.7878100644667
2023,ROBIN,2023-08-10,2023-08-10,0.0,Arson,138.2095,867423.91796875,6351.43918016014
2023,JOHNSON,2023-05-20,2023-05-21,1.0,Unknown / Unidentified,37.28043,217341.49609375,2617.17291736548
2023,ALMOND,2023-08-02,2023-08-03,1.0,Unknown / Unidentified,14.43536,575218.65625,5876.39431740366
2023,HOMESTEAD,2023-08-23,2023-08-24,1.0,Unknown / Unidentified,8.132599,47442.8671875,1386.47984668566
2023,BROADWAY,2023-08-06,2023-08-08,2.0,Unknown / Unidentified,1.601149,9430.55859375,498.032123691391
2023,66,2023-05-15,2023-05-17,2.0,Unknown / Unidentified,127,731642.03515625,5497.280080166
2023,VEGA,2023-08-30,2023-08-30,0.0,Arson,1.98,12562.90234375,905.068292808705
2023,ORANGE,2023-06-01,2023-06-02,1.0,Equipment Use,108.165,677867.484375,5071.8883754557
2023,RODEO,2023-06-09,2023-06-10,1.0,Arson,20.1026,124507.4765625,1543.88631915266
2023,STRIKE,2023-08-12,2023-08-13,1.0,Lightning,19.1282,120709.50390625,1950.54802825913
2023,GEORGE,2023-06-08,2023-06-08,0.0,Vehicle,25.7406,162906.51953125,2143.02682494769
2023,CRANE,2023-06-27,2023-06-27,0.0,Equipment Use,23.8874,147926.99609375,2307.82862964882
2023,PECK,2023-07-14,2023-07-15,1.0,Vehicle,14.3992,90620.97265625,1396.62422271891
2023,BRIDGE,2023-07-07,2023-07-07,0.0,Vehicle,30.3938,192113.9765625,1855.00598532389
2023,PISTOL,2023-05-30,2023-05-30,0.0,Miscellaneous,127.146,806019.46875,4915.52610949242
2023,WINCHELL,2023-07-23,2023-07-23,0.0,Unknown / Unidentified,16.7198,106055.9609375,1484.09619913576
2023,JUNIPER,2023-07-18,2023-07-19,1.0,Vehicle,11.1383,66810,1221.56231171251
2023,POWER,2023-09-07,2023-09-07,0.0,Miscellaneous,60.4371,377722.9765625,2728.96709125385
2023,LONG,2023-07-25,2023-07-27,2.0,Structure,27.6025,171684.02734375,2019.18265395744
2023,VICTOR,2023-07-25,2023-07-27,2.0,Campfire,57.49,343984.6484375,3500.44681430332
2023,SAGE,2023-11-23,2023-11-27,4.0,Unknown / Unidentified,39.687,227598.1171875,3033.23839082546
2023,WHIPPLE,2023-06-20,2023-06-20,0.0,Campfire,26.82465,172802.55859375,3060.63225261943
2023,RIVER,2023-07-04,2023-07-04,0.0,Miscellaneous,3.312726,22628.234375,819.961509546538
2023,CORCORAN,2023-05-30,2023-05-30,0.0,Vehicle,2.545945,15670.00390625,2808.00099407135
2023,NOB,2023-04-26,2023-05-11,15.0,Unknown / Unidentified,226.9751,1348920.48046875,5930.42818836032
2023,RINCONADA,2023-08-11,2023-08-13,2.0,Unknown / Unidentified,96.37685,583837.12890625,4259.82355543257
2023,GIFFORD,2023-05-19,2023-05-20,1.0,Unknown / Unidentified,48.99358,296880.8359375,2127.61087413387
2023,CARAWAY,2023-08-28,2023-08-31,3.0,Lightning,11.8399,84188.1640625,1504.035864404
2023,BONE,2023-06-16,2023-07-18,32.0,Unknown / Unidentified,1180.618,7716500.45703125,20201.0479820502
2023,TECUYA,2023-08-02,2023-08-20,18.0,Unknown / Unidentified,76.19935,458969.375,5270.88527219459
2023,VISTA,2023-07-10,2023-07-11,1.0,Unknown / Unidentified,25.90652,155243.765625,1782.72358961969
2023,PEAK,2023-09-11,2023-11-16,66.0,Unknown / Unidentified,836.8499,5496972.05859375,16129.7951331611
2023,RABBIT,2023-09-30,2023-10-30,30.0,Unknown / Unidentified,2857.988,18038140.1992188,34420.2469633329
2023,SPRING,2023-08-26,2023-08-26,0.0,Unknown / Unidentified,12.34517,88649.9609375,1544.82548986724
2023,RIM,2023-09-19,2023-09-23,4.0,Unknown / Unidentified,20.04021,146670.1484375,2260.13845410547
2023,SULPHER,2023-08-15,2023-12-31,138.0,Unknown / Unidentified,31.21948,218677.4453125,2238.91909568431
2023,QUARRY,2023-09-09,2023-11-08,60.0,Unknown / Unidentified,8645.426,56558852.2226563,73681.7582569979
2023,DRY,2023-07-12,2023-07-21,9.0,Unknown / Unidentified,16.75898,100156.140625,1554.75127540151
2023,COTTON,2023-07-11,2023-07-14,3.0,Miscellaneous,23.56014,149300.57421875,2063.39348645057
2023,DEEP,2023-08-15,2023-10-03,49.0,Unknown / Unidentified,4198.194,29782851.640625,55373.5992942208
2023,YORK,2023-07-28,2023-08-20,23.0,Unknown / Unidentified,93077.87,566824238.953125,264117.491457845
2023,LOST,2023-08-15,2023-09-11,27.0,Lightning,739.8182,5311222.49609375,17079.0374242712
2023,BRIDGE RIDGE,2023-08-25,2023-10-19,55.0,Lightning,16.54212,118120.8828125,1585.72054754258
2023,DEVIL,2023-08-15,2023-10-19,65.0,Lightning,12.40059,88464.69140625,1468.33548018449
2023,PIKA,2023-06-29,2023-08-15,47.0,Lightning,841,5451324.8984375,16477.8443716639
2023,REDWOOD,2023-08-15,2023-12-14,121.0,Lightning,2248.449,14117352.7851563,18191.6801292845
2023,SYCAMORE,2023-10-16,2023-10-20,4.0,Equipment Use,23.93,150164.6484375,1628.45483373525
2023,PANOCHE,2023-06-03,2023-06-03,0.0,Miscellaneous,67.26041,424802.3203125,3601.69560048826
2023,BORDER 34,2023-10-29,2023-10-30,1.0,Unknown / Unidentified,23.66831,135338.1171875,2228.00092751809
2023,BORDER 42,2023-12-22,2023-12-22,0.0,Unknown / Unidentified,38.60516,220667.328125,3493.32359952827
2023,VALLEY,2023-06-17,2023-06-23,6.0,Lightning,28.64047,174526.15625,4156.4985940205
2023,GEOLOGY,2023-06-10,2023-06-18,8.0,Vehicle,1033.308,6086124.55078125,15544.8390359539
2023,WOLF CREEK,2023-09-13,2023-09-20,7.0,Unknown / Unidentified,32.59397,216134.73046875,4029.09343014341
2023,HILL,2023-10-25,2023-10-25,0.0,Unknown / Unidentified,52.93411,360449.86328125,4196.46451890096
2023,JANES,2023-05-22,2023-05-23,1.0,Unknown / Unidentified,8.502274,62117.34375,1985.06995489545
2023,JESS,2023-05-24,2023-05-26,2.0,Unknown / Unidentified,56.06239,401150.5234375,5383.56543388737
2023,MULE,2023-07-02,2023-07-03,1.0,Unknown / Unidentified,5.702603,40440.6796875,1171.61566397352
2023,L-1 BRANCH FISH,2023-08-15,2023-08-16,1.0,Unknown / Unidentified,8.922971,62661.8828125,1019.67179685544
2023,STINE,2023-07-03,2023-07-03,0.0,Unknown / Unidentified,8.326042,48661.33203125,1129.03202684381
2023,MONTE,2023-06-06,2023-06-07,1.0,Unknown / Unidentified,5.489922,39466.578125,1768.08851140458
2023,SLIDE 1,2023-08-15,2023-08-23,8.0,Lightning,472.7209,3269595.19140625,12733.7185685254
2023,HIGHWAY,2023-08-16,2023-08-17,1.0,Unknown / Unidentified,44.80482,303525.9453125,3664.24111422775
2023,ROAD,2023-09-15,2023-09-15,0.0,Unknown / Unidentified,12.56114,76082.484375,3080.89287808271
2023,CREEK,2023-08-26,,,Unknown / Unidentified,8.368764,59981.734375,1227.26251548234
2023,PILOT,2023-08-15,2024-01-09,147.0,Unknown / Unidentified,76.7887,539647.9140625,3204.00611784048
2023,LANE,2023-07-04,2023-07-04,0.0,Unknown / Unidentified,23.00138,140823.328125,2772.24003082215
2023,AVENALES,2023-10-12,2023-10-14,2.0,Unknown / Unidentified,259.8927,1579435.296875,8222.41846759924
2023,AGUA,2023-07-25,2023-08-08,14.0,Unknown / Unidentified,426.2046,2541744.765625,8617.84886226543
2023,KING,2023-10-14,2023-10-16,2.0,Miscellaneous,118.5461,757854.10546875,5737.53366638727
2023,WILDCAT,2023-06-17,2023-06-27,10.0,Lightning,46.6567,295928.0234375,3660.86652070671
2023,COWTRACK,2023-07-20,2023-07-20,0.0,Unknown / Unidentified,322.9609,2101383.6796875,6473.23534352879
2023,IMVITE,2023-04-17,2023-04-22,5.0,Vehicle,62.93432,394267.3203125,6353.72908639242
2023,STODDARD,2023-05-24,2023-05-27,3.0,Unknown / Unidentified,81.68464,490680.34765625,6520.46549351246
2023,GOLF,2023-05-26,2023-05-26,0.0,Unknown / Unidentified,15.10045,91857.28515625,1790.43480412345
2023,HORN,2023-05-28,2023-05-28,0.0,Unknown / Unidentified,14.80223,89621.67578125,2073.53921669213
2023,KERTO,2023-05-28,2023-05-28,0.0,Unknown / Unidentified,13.71699,83084.6796875,1718.06972524633
2023,MINERAL,2023-06-04,2023-06-04,0.0,Unknown / Unidentified,10.07988,60945.984375,1400.0261586346
2023,GRADE,2023-06-24,2023-06-25,1.0,Miscellaneous,228.4782,1381892.4296875,12754.6730565726
2023,KNOLL,2023-09-10,2023-09-10,0.0,Unknown / Unidentified,34.17575,224238.46484375,2694.35195186312
2023,MAJORS,2023-09-25,2023-09-25,0.0,Unknown / Unidentified,12.74907,77988.3203125,1521.0735375008
2023,MEADOW,2023-09-26,2023-09-27,1.0,Unknown / Unidentified,22.08992,129652.171875,1774.83132783658
2023,BORDER 38,2023-12-05,2023-12-05,0.0,Unknown / Unidentified,12.77125,72986.67578125,2030.13322387512
2023,MIDWAY,2023-11-12,2023-11-14,2.0,Unknown / Unidentified,63.70088,386476.66796875,4368.27565724749
2023,NONAME,2023-08-05,2023-08-08,3.0,Unknown / Unidentified,1113.898,6862632.82421875,17746.0270813276
2023,GRANITE,2023-07-14,2023-07-23,9.0,Campfire,178.1577,1093542.12890625,6911.54494425484
2023,ARROW,2023-05-15,2023-05-15,0.0,Vehicle,121.1558,737669.10546875,3572.01409834709
2023,Winterhaven Drive,2023-07-18,2023-07-21,3.0,Unknown / Unidentified,62.32319,357554.9921875,2540.43238541355
2023,Winterhaven,2023-03-11,2023-03-12,1.0,Unknown / Unidentified,15.25318,87511.7265625,1408.50473883927
2023,Laguna,2023-04-20,2023-04-22,2.0,Unknown / Unidentified,19.89741,114327.46484375,2617.93953495502
2023,R-1 Spencer Basin,2023-08-17,2023-08-18,1.0,Lightning,27.64029,192656.57421875,2375.26465718523
2023,BREEZE,2023-07-31,2023-08-04,4.0,Unknown / Unidentified,22.55552,131573.48828125,1749.77071460087
2023,TRAM,2023-10-27,2023-10-28,1.0,Unknown / Unidentified,90.48016,532339.4375,5119.0451004245
2023,BUNNIE,2023-08-09,2023-08-11,2.0,Unknown / Unidentified,183.9228,1060934.36328125,6973.0342525498
2023,ASH,2023-08-16,2023-08-18,2.0,Lightning,14.55784,106294.48828125,1706.83685767779
2023,RANCH,2023-08-15,2023-08-28,13.0,Lightning,792.9697,5681507.4296875,16992.5913282629
2023,LONG,2023-08-15,2023-08-28,13.0,Lightning,29.74612,212868.7421875,2876.96181775053
2023,PILOT,2023-08-15,2023-09-02,18.0,Lightning,1055.172,7430767.44921875,19672.8457196276
2023,QUAIL 2,2023-08-10,2023-08-10,0.0,Arson,300.792,1889136.36328125,8767.67954565026
2023,KELLY,2023-08-15,2023-11-14,91.0,Unknown / Unidentified,89326.05,653153709.929688,310391.944868089
2023,3-9,2023-08-16,2023-11-02,78.0,Unknown / Unidentified,2836.39,19947931.8515625,68191.929473039
2023,TOWNSEND,2023-08-15,2023-08-23,8.0,Lightning,81.23029,590216.5859375,4621.79502237563
2023,SCOTT,2023-08-15,2023-09-04,20.0,Lightning,1935.952,14050384.4179688,23549.836633093
2023,LAKE,2023-08-15,2023-09-07,23.0,Lightning,200.2064,1448786.51171875,8863.5386708356
2023,DEN,2023-08-18,2023-08-24,6.0,Lightning,294.8512,2152075.21484375,6968.73287823437
2023,HANCOCK,2023-08-21,2023-09-25,35.0,Lightning,1728.136,12457944.0898438,18526.7159659813
2023,PEARCH,2023-08-17,2023-10-25,69.0,Lightning,12152.45,87295981.7109375,191343.961962366
2023,LET ER-BUCK,2023-08-17,2023-09-28,42.0,Lightning,95.91678,692201.19140625,7400.7851056973
2023,IRON,2023-08-19,2023-09-02,14.0,Lightning,20.01698,144629.19921875,1822.03935238628
2023,PRESCOTT,2023-08-15,2023-11-14,91.0,Unknown / Unidentified,599.3448,4357972.8203125,9443.72086280639
2023,ELLIOT,2023-08-15,2023-10-23,69.0,Lightning,13875.25,100555093.625,92115.6786302958
2023,TITUS,2023-08-15,2023-08-31,16.0,Lightning,71.79534,519821.1875,10073.967258063
2023,UFISH,2023-08-16,2023-09-28,43.0,Lightning,7850.58,57036758.5390625,56259.2960477678
2023,MARLOW,2023-08-15,2023-10-03,49.0,Lightning,1997.206,14446716.515625,40356.3638376565
2023,HURDY GURDY,2023-08-15,2023-11-14,91.0,Unknown / Unidentified,2677.779,19514022.40625,36615.3211235813
2023,CORRAL,2023-08-15,2023-11-14,91.0,Unknown / Unidentified,1090.281,7980142.2265625,16299.1948251358
2023,DIAMOND,2023-08-15,2023-11-14,91.0,Unknown / Unidentified,550.0559,4026102.2265625,16071.3653112586
2023,ISLAND,2023-08-15,2023-11-14,91.0,Unknown / Unidentified,378.4197,2754376.875,14197.4692313369
2023,LONE PINE,2023-08-15,2023-09-15,31.0,Lightning,1684.73,11987004.5546875,19642.4491016105
2023,MOSQUITO,2023-08-15,2023-10-25,71.0,Lightning,34188.45,246667727.851563,615710.558280471
2023,HEAD,2023-08-15,2023-09-07,23.0,Lightning,6953.805,50631460.9257813,90233.5098522921
2022,AIRPORT,2022-02-16,2022-02-26,10.0,Unknown / Unidentified,4140.06,26508134.5898438,85420.8352154112
2022,DENIZ,2022-05-24,2022-05-24,0.0,Unknown / Unidentified,29.84678,202389.0859375,2631.42075276876
2022,RANCHO,2022-06-13,2022-06-19,6.0,Unknown / Unidentified,589.8671,4071594.2890625,13299.5220109713
2022,TOWER,2022-06-03,2022-06-03,0.0,Arson,28.68488,185603.00390625,2034.75455547644
2022,BURROWS,2022-06-28,2022-06-29,1.0,Escaped Prescribed Burn,309.4793,2120494.12890625,7454.12526632518
2022,NELSON,2022-07-18,2022-07-18,0.0,Unknown / Unidentified,5.888545,40099.00390625,1114.94567529576
2022,NINETY-NINE,2022-06-22,2022-06-22,0.0,Unknown / Unidentified,65.67123,445400.76171875,4658.83452429227
2022,NELSON,2022-06-30,2022-06-30,0.0,Unknown / Unidentified,371.4677,2530611.765625,11361.9184017643
2022,PARK,2022-07-09,2022-07-09,0.0,Unknown / Unidentified,56.33854,382113.2890625,3266.07795994264
2022,SANDRA,2022-06-30,2022-06-30,0.0,Equipment Use,34.40428,234031.78515625,2578.06187406832
2022,JAN-DAR,2022-07-04,2022-07-04,0.0,Unknown / Unidentified,30.50697,207210.38671875,2297.12396955581
2022,RAIL,2022-05-08,2022-05-08,0.0,Miscellaneous,9.837949,66774.43359375,1418.31479870745
2022,CANFIELD,2022-06-23,2022-06-23,0.0,Unknown / Unidentified,9.554518,65135.02734375,1850.4484846813
2022,CANYON,2022-06-13,2022-06-13,0.0,Miscellaneous,16.40938,105358.90625,2236.60294530803
2022,HIGHWAY,2022-07-29,2022-07-31,2.0,Arson,28.10259,167094.93359375,3772.20916184072
2022,BRUNS,2022-05-24,2022-05-24,0.0,Equipment Use,12.17408,79041.0859375,1564.27781392097
2022,CANYON,2022-06-23,2022-06-23,0.0,Miscellaneous,50.373,325599,2557.14082101876
2022,DEER,2022-07-18,2022-07-18,0.0,Arson,14.51391,94507.5234375,1774.28265616205
2022,WILLOW,2022-05-20,2022-05-20,0.0,Equipment Use,28.56241,186536.04296875,2205.78783056346
2022,HIGHLAND,2022-05-23,2022-05-23,0.0,Miscellaneous,91.53281,593837.0390625,3718.12484557159
2022,PASS,2022-05-18,2022-05-18,0.0,Vehicle,65.37904,423776.01953125,3956.83332698863
2022,MIDWAY,2022-06-21,2022-06-21,0.0,Vehicle,13.50571,87549.99609375,1587.23025419049
2022,TESLA,2022-06-23,2022-06-23,0.0,Vehicle,551.7821,3567673.48046875,9866.88744520358
2022,KIRKER,2022-06-24,2022-06-24,0.0,Vehicle,84.79446,553173.5078125,5517.33140719251
2022,FLYNN,2022-07-19,2022-07-19,0.0,Vehicle,173.7565,1125771.41015625,5923.65008110136
2022,PASS,2022-07-29,2022-07-29,0.0,Unknown / Unidentified,38.44807,249253.96875,3222.69536240286
2022,FLYNN,2022-05-15,2022-05-15,0.0,Unknown / Unidentified,131.9128,854787.015625,7418.30490708047
2022,SCENIC,2022-06-23,2022-06-23,0.0,Vehicle,120.4983,787655.02734375,5501.80102355976
2022,CAMINO,2022-08-03,2022-08-03,0.0,Unknown / Unidentified,19.18303,124655.86328125,2921.78617193272
2022,3-8 DIXON,2022-08-08,2022-08-09,1.0,Lightning,11.36938,80933.24609375,2120.06531736143
2022,DONICA,2022-07-16,2022-07-18,2.0,Vehicle,129.1635,927202.07421875,8290.92466852768
2022,EDEN,2022-08-15,2022-08-15,0.0,Vehicle,58.31763,377637.9453125,4374.40493035568
2022,HURLETON,2022-08-09,2022-08-09,0.0,Unknown / Unidentified,6.635188,45155.359375,888.259253098585
2022,HESPERIA,2022-06-06,2022-06-09,3.0,Equipment Use,96.88597,576094.74609375,3879.87219734496
2022,BIGGS,2022-08-04,2022-08-04,0.0,Equipment Use,15.77412,107102.11328125,1596.77063393657
2022,PINECREST,2022-06-23,2022-06-23,0.0,Equipment Use,16.90405,114914.61328125,1387.75593320723
2022,OREGON,2022-06-13,2022-06-13,0.0,Arson,14.32328,97706.05078125,1653.99933976122
2022,FORK,2022-09-07,2022-09-13,6.0,Vehicle,818.4309,5231771.578125,19405.3032588764
2022,OAK,2022-07-22,2022-08-10,19.0,Unknown / Unidentified,18957.5,122238621.21875,119368.183111979
2022,ROMERO,2022-06-23,2022-06-24,1.0,Unknown / Unidentified,344.1595,2192217.84375,10630.910589009
2022,EDGEWOOD,2022-06-21,2022-06-22,1.0,Powerline,20.54839,132200.9921875,2399.99839115653
2022,AGUA,2022-07-18,2022-07-23,5.0,Vehicle,396.7744,2554645.453125,15351.4862492227
2022,CANYON,2022-09-04,2022-09-05,1.0,Unknown / Unidentified,17.09855,118595.98046875,1704.67996733998
2022,MCCOVEY,2022-08-29,2022-09-04,6.0,Unknown / Unidentified,28.42003,204958.15625,2548.34874043165
2022,RANCH,2022-08-29,2022-09-04,6.0,Unknown / Unidentified,26.31805,189830.93359375,2197.9424261488
2022,FORWARD,2022-09-09,2022-09-22,13.0,Vehicle,159.9855,1118952.5234375,6372.6832896771
2022,RAINBOW,2022-07-16,2022-07-23,7.0,Arson,66.32885,458162.72265625,4725.08316149068
2022,PIGEON,2022-09-26,2022-09-26,0.0,Miscellaneous,14.82357,94697.49609375,1702.78943665342
2022,BARRY,2022-09-06,2022-09-06,0.0,Miscellaneous,40.30602,263157.0546875,2493.86424396481
2022,FRANKLIN,2022-09-05,2022-09-05,0.0,Vehicle,50.12971,327300.6328125,4258.30312310426
2022,EVITA,2022-05-18,2022-05-18,0.0,Unknown / Unidentified,17.2802,117280.0078125,1511.59899176146
2022,NELSON,2022-09-10,2022-09-10,0.0,Unknown / Unidentified,33.07443,225256.796875,2644.58777021358
2022,PLEASANT,2022-10-23,2022-10-24,1.0,Vehicle,49.56956,318312.8359375,2329.83284292641
2022,NELDA,2022-06-06,2022-06-06,0.0,Unknown / Unidentified,28.99773,190812.3828125,2156.19923019553
2022,LATROBE,2022-05-31,2022-05-31,0.0,Equipment Use,26.74845,177734.03125,1948.66529906878
2022,GRANT,2022-07-14,2022-07-14,0.0,Arson,73.11472,484595.4921875,3724.18169504483
2022,ELECTRA,2022-07-04,2022-07-28,24.0,Unknown / Unidentified,4466.222,29423771.015625,46575.6940056728
2022,COAL,2022-08-07,2022-08-07,0.0,Arson,16.74895,110123.5234375,1747.65286131599
2022,SPLAWN,2022-10-19,2022-10-19,0.0,Unknown / Unidentified,7.118451,50963.953125,1493.93231244436
2022,SYLVANDALE,2022-10-20,2022-10-20,0.0,Unknown / Unidentified,21.17796,146996.171875,2062.32492718301
2022,VALE,2022-10-08,2022-10-08,0.0,Equipment Use,27.99138,190517.19140625,1766.29123922162
2022,NELSON,2022-10-05,2022-10-05,0.0,Equipment Use,60.11403,409988.5234375,2653.02710648333
2022,NOME,2022-07-05,2022-07-05,0.0,Miscellaneous,16.68011,114579.2890625,2118.48917415202
2022,OWENS,2022-05-20,2022-05-20,0.0,Miscellaneous,34.01559,227421.6796875,2672.05010346809
2022,BELL,2022-07-17,2022-07-19,2.0,Equipment Use,42.91696,295281.66796875,2944.75450839382
2022,WALKER,2022-09-01,2022-09-16,15.0,Vehicle,123.3361,836150.68359375,6584.83691485137
2022,MARMOT,2022-08-02,2022-08-08,6.0,Unknown / Unidentified,126.6029,791809.60546875,4416.46416157426
2022,HOUSE,2022-05-11,2022-05-15,4.0,Equipment Use,159.2148,1011659.8125,6335.68078635544
2022,LOPER,2022-05-15,2022-05-16,1.0,Unknown / Unidentified,36.92672,234613.734375,3184.06503216536
2022,POWER,2022-09-06,2022-09-06,0.0,Vehicle,133.7536,853166.16796875,3885.72185944604
2022,COBBLE,2022-04-26,2022-04-26,0.0,Equipment Use,20.61224,130226.64453125,1485.34097105496
2022,PEBBLE,2022-07-31,2022-08-03,3.0,Structure,54.41259,342989.64453125,3417.40105333091
2022,HOPE,2022-06-07,2022-06-09,2.0,Equipment Use,13.11081,82843.3046875,1834.85160301562
2022,TABLE,2022-07-01,2022-07-04,3.0,Unknown / Unidentified,51.97977,330505.68359375,4906.94287338767
2022,WALL,2022-11-07,2022-11-07,0.0,Equipment Use,13.76263,93533.23828125,1345.80384146814
2022,SCARFACE,2022-06-10,2022-06-12,2.0,Unknown / Unidentified,5.558662,40220.82421875,920.610755599839
2022,SHACKLEFORD,2022-07-30,2022-07-31,1.0,Lightning,30.94669,223937.03515625,2285.86875705963
2022,97,2022-09-27,2022-09-29,2.0,Unknown / Unidentified,30.08391,217193.13671875,3259.88098364302
2022,SLOUGH,2022-07-21,2022-07-21,0.0,Unknown / Unidentified,24.96124,180436.15625,2136.4152831077
2022,MOUNTAIN,2022-09-02,2022-10-02,30.0,Unknown / Unidentified,13440.71,96936212.1992188,172408.593727104
2022,MILL,2022-09-02,2022-09-11,9.0,Unknown / Unidentified,3939.382,28423375.5351563,85721.1757998258
2022,WILDERNESS,2022-03-07,2022-03-07,0.0,Debris,1.894144,13736.8203125,735.294527110989
2022,WHITLOW,2022-03-25,2022-03-26,1.0,Unknown / Unidentified,9.162147,65715.125,1461.0374407524
2022,MEAMBER,2022-07-31,2022-08-01,1.0,Lightning,62.63028,454616.75,4135.15269373211
2022,EVERGREEN,2022-03-12,2022-03-12,0.0,Unknown / Unidentified,12.58272,90709.8046875,1712.72081967399
2022,EMPIRE,2022-08-01,2022-08-02,1.0,Lightning,3.141882,22970.37109375,1020.9574523232
2022,RIDGE,2022-06-25,2022-07-08,13.0,Unknown / Unidentified,10.26019,73656.26953125,2147.68581560622
2022,COYOTE,2022-09-07,2022-09-08,1.0,Lightning,296.9517,2166330.890625,7277.6216104655
2022,GULCH,2022-03-12,2022-03-14,2.0,Unknown / Unidentified,113.4316,828753.05859375,5989.00652560721
2022,SLATE 2,2022-07-21,2022-07-21,0.0,Railroad,63.70885,415112.9765625,3527.71819870502
2022,WOODS,2022-09-01,2022-09-03,2.0,Unknown / Unidentified,22.1701,144602.87109375,2503.23819232817
2022,HOLLISTER,2022-03-12,2022-03-17,5.0,Arson,123.7686,739058.91015625,6803.87840924281
2022,BLOOMFIELD,2022-03-02,2022-03-02,0.0,Escaped Prescribed Burn,39.55224,268347.48828125,2844.62178281133
2022,BRANDIE,2022-06-11,2022-06-19,8.0,Equipment Use,71.87849,486724.83203125,3673.67467758328
2022,NISEMAN,2022-06-18,2022-06-21,3.0,Equipment Use,17.06631,114730.81640625,1556.53694736128
2022,SHERIDAN,2022-06-24,2022-06-25,1.0,Vehicle,55.71469,373586.8046875,4665.13168411247
2022,MIRABELLE,2022-06-27,2022-06-28,1.0,Structure,18.67016,124351.70703125,1571.06323946521
2022,RICES,2022-06-28,2022-07-13,15.0,Structure,920.9178,6236026.67578125,15716.3821482273
2022,BUTTERFIELD,2022-07-07,2022-07-13,6.0,Unknown / Unidentified,12.36755,83773.92578125,1395.4577515607
2022,BAYBERRY,2022-07-08,2022-07-18,10.0,Arson,30.11021,203762.59375,1938.86570705069
2022,PORTER,2022-07-09,2022-07-12,3.0,Equipment Use,166.603,1118576.890625,6024.87010336502
2022,RIOSA,2022-07-17,2022-07-17,0.0,Smoking,37.56129,251954.578125,2741.03040212412
2022,APPLE,2022-07-27,2022-08-02,6.0,Powerline,41.09785,278075.35546875,2694.36149939163
2022,SPENCEVILLE,2022-07-27,2022-07-31,4.0,Miscellaneous,21.81922,146961.2734375,1658.17795820691
2022,BEAR,2022-07-28,2022-07-30,2.0,Equipment Use,9.674923,65133.41796875,1078.81625774451
2022,OAK,2022-08-15,2022-09-15,31.0,Vehicle,24.02003,161420.15625,2745.58731319096
2022,OWL,2022-08-20,2022-08-31,11.0,Vehicle,49.95041,337873.4921875,2685.55288176285
2022,STILL,2022-08-27,2022-09-03,7.0,Equipment Use,43.21048,290414.66015625,2743.5569956408
2022,AIRPORT,2022-07-30,2022-07-30,0.0,Unknown / Unidentified,38.26443,256147.12890625,2141.95725589314
2022,WINDING,2022-07-18,2022-07-29,11.0,Powerline,81.7844,553723.7578125,5069.47611234109
2022,HILL,2022-09-06,2022-09-15,9.0,Debris,13.28599,89465.70703125,1485.88603763192
2022,DUTCH,2022-09-13,2022-09-19,6.0,Unknown / Unidentified,26.78517,180704.625,3557.205389024
2022,NADER,2022-09-17,2022-09-19,2.0,Vehicle,16.17019,108377.0859375,2655.5524013516
2022,GARDEN BAR,2022-09-17,2022-09-19,2.0,Arson,28.27837,189716.8046875,2141.87573120487
2022,RUN,2022-10-29,2022-11-02,4.0,Equipment Use,11.89783,80003.921875,1165.61204287325
2022,PROVENZA,2022-11-13,2022-11-16,3.0,Debris,7.863962,52880.96484375,1597.36779782314
2022,COLORADO,2022-01-21,2022-02-02,12.0,Debris,687.4208,4300944.3671875,19831.8990106189
2022,AGUAJITO,2022-10-02,2022-10-03,1.0,Powerline,5.257333,33052.73046875,828.981500906089
2022,ANZAR,2022-07-21,2022-07-27,6.0,Powerline,101.0951,640836.1171875,13104.5659304596
2022,BETABEL ,2022-06-14,2022-06-14,0.0,Vehicle,47.00494,298057.35546875,3441.46735038986
2022,COASTAL,2022-05-05,2022-05-17,12.0,Powerline,202.0908,1179813.8671875,9001.51523443702
2022,EMERALD,2022-02-10,2022-02-19,9.0,Unknown / Unidentified,154.6207,903499.58203125,6738.43566695963
2022,KING,2022-05-25,2022-05-26,1.0,Arson,79.60818,495721.83203125,6666.30070978484
2022,ALPAUGH 2,2022-05-12,2022-05-13,1.0,Unknown / Unidentified,30.102,185926.8125,1953.9691220736
2022,DUNE,2022-06-16,2022-06-18,2.0,Arson,11.36639,80480.14453125,1470.53544306213
2022,ROBERT,2022-07-09,2022-07-09,0.0,Unknown / Unidentified,2.653836,15561.51953125,681.397154695023
2022,MORGAN,2022-07-12,2022-07-12,0.0,Unknown / Unidentified,22.02058,154059.0390625,3028.67993802793
2022,R-1 PIT,2022-07-31,2022-08-01,1.0,Lightning,67.82058,473943.6015625,3100.41413296535
2022,MESA,2022-07-30,2022-07-31,1.0,Unknown / Unidentified,222.0774,1361562.578125,7592.53527512085
2022,VIEWLAND,2022-07-22,2022-07-22,0.0,Unknown / Unidentified,10.53279,73518.67578125,1251.12685851537
2022,R-3 VINCENT,2022-09-14,2022-09-14,0.0,Lightning,2.810175,19788.16796875,811.310560710268
2022,CHIMNEY,2022-10-09,2022-10-10,1.0,Unknown / Unidentified,3.574984,22043.13671875,1157.03017285083
2022,WATER,2022-05-26,2022-05-26,0.0,Unknown / Unidentified,4.557865,27499.9921875,987.822030510559
2022,LERDO,2022-06-12,2022-06-12,0.0,Unknown / Unidentified,1.217743,7453,541.507137918016
2022,JUMPER,2022-05-28,2022-05-28,0.0,Unknown / Unidentified,5.989886,36669.01953125,1028.42021963685
2022,HART,2022-06-24,2022-06-24,0.0,Unknown / Unidentified,1.566871,9528.48828125,570.642502899295
2022,RIVER,2022-06-17,2022-06-17,0.0,Unknown / Unidentified,8.022064,49004.49609375,1305.62793990895
2022,PURPLE,2022-08-04,2022-08-04,0.0,Unknown / Unidentified,4.185538,25437.5,801.314662227847
2022,PLANT,2022-06-11,2022-06-14,3.0,Unknown / Unidentified,484.856,2923932.0625,11022.4043935977
2022,GRAPE,2022-06-10,2022-06-11,1.0,Unknown / Unidentified,19.35185,116664.02734375,1993.3701044805
2022,LOST HILLS,2022-07-05,2022-07-05,0.0,Equipment Use,2.507146,15405.9921875,617.289128087487
2022,THUNDER,2022-06-22,2022-07-03,11.0,Lightning,2465.185,14874572.515625,30232.7100574229
2022,RANCH,2022-09-04,2022-09-05,1.0,Unknown / Unidentified,62.03226,374423.98828125,3613.00540721773
2022,JACK,2022-06-23,2022-06-25,2.0,Lightning,21.38803,131757.51171875,1703.88289293644
2022,BROOME,2022-05-31,2022-05-31,0.0,Vehicle,1.092994,6639.5,550.710294926292
2022,SCRAPER,2022-09-15,2022-09-15,0.0,Unknown / Unidentified,6.637007,40419.0078125,1034.74969792877
2022,GENERAL,2022-06-25,2022-06-26,1.0,Unknown / Unidentified,1.991478,12130.515625,680.233886111279
2022,CUMMINGS,2022-09-21,2022-09-21,0.0,Unknown / Unidentified,1.312247,7978.98828125,527.335828605154
2022,EDISON,2022-09-25,2022-09-25,0.0,Unknown / Unidentified,13.66138,83204.01953125,1234.88533008292
2022,TULE,2022-07-06,2022-07-06,0.0,Unknown / Unidentified,21.6859,133192.98828125,1691.65436406223
2022,BEAR,2022-06-01,2022-06-02,1.0,Vehicle,15.95058,97034.984375,1353.27797184079
2022,CENTER,2022-04-26,2022-04-26,0.0,Unknown / Unidentified,13.84711,84470.515625,1260.79953836105
2022,OAKS,2022-06-29,2022-06-29,0.0,Unknown / Unidentified,5.585199,33977.97265625,1084.90829538709
2022,COMANCHE,2022-04-27,2022-04-27,0.0,Unknown / Unidentified,50.66179,307306.0078125,3433.74788748391
2022,BEALE,2022-06-30,2022-07-01,1.0,Unknown / Unidentified,7.937709,48292.5078125,1779.42071613745
2022,RANGE,2022-06-03,2022-06-03,0.0,Unknown / Unidentified,93.07888,565339.0234375,2945.45483883319
2022,VINE,2022-07-15,2022-07-15,0.0,Unknown / Unidentified,1.986299,11984.00390625,676.48656200413
2022,RAIL,2022-08-14,2022-08-17,3.0,Unknown / Unidentified,216.2137,1316079.08984375,7150.05376976143
2022,UPLAND,2022-06-06,2022-06-06,0.0,Unknown / Unidentified,1.288484,7875.01171875,429.114090652718
2022,BEAR,2022-04-17,2022-04-18,1.0,Vehicle,2.163002,13145.9921875,527.461802115149
2022,KING,2022-08-17,2022-08-17,0.0,Unknown / Unidentified,1.569355,9534,488.24829101047
2022,ROW,2022-07-05,2022-07-05,0.0,Unknown / Unidentified,7.051614,42568.5,920.421076978625
2022,FORT,2022-07-16,2022-07-16,0.0,Vehicle,1.504349,9074.01171875,913.846750252224
2022,SYCAMORE,2022-07-22,2022-07-22,0.0,Unknown / Unidentified,25.54512,155157.94140625,2166.46526245852
2022,ROBERTS,2022-04-12,2022-04-12,0.0,Unknown / Unidentified,1.882066,11492.51171875,481.546773858418
2022,PASS,2022-07-28,2022-07-28,0.0,Unknown / Unidentified,5.047825,31070.5078125,880.856032255424
2022,SAND,2022-06-08,2022-06-09,1.0,Unknown / Unidentified,2.995723,18155.00390625,992.606988903806
2022,FREEWAY,2022-05-19,2022-05-19,0.0,Unknown / Unidentified,3.372502,20482.48046875,1018.59635594464
2022,CURVE,2022-08-03,2022-08-03,0.0,Unknown / Unidentified,7.132461,42955.50390625,1085.23739541248
2022,KERTO,2022-06-10,2022-06-11,1.0,Unknown / Unidentified,31.69387,191845.5,2258.58936698373
2022,EDMONSTON,2022-05-19,2022-05-24,5.0,Unknown / Unidentified,682.0379,4115353.5546875,17318.5944377661
2022,AIRLINE,2022-09-01,2022-09-01,0.0,Vehicle,13.90262,87705.4453125,1637.02802517771
2022,BIANCHI,2022-06-10,2022-06-10,0.0,Equipment Use,38.15456,238912.140625,2354.74834775245
2022,GARRISON,2022-07-03,2022-07-05,2.0,Powerline,147.4871,909506.6796875,7024.20512376242
2022,ALTA,2022-08-25,2022-08-25,0.0,Unknown / Unidentified,11.93287,75294.484375,1350.63132893546
2022,REDWOOD,2022-06-27,2022-06-27,0.0,Vehicle,106.1611,696131.4765625,6834.61900999471
2022,SANDIA,2022-09-04,2022-09-05,1.0,Vehicle,29.23103,170310.28125,2267.3264102055
2022,HAUSER,2022-09-17,2022-09-18,1.0,Unknown / Unidentified,25.70823,147205.88671875,2607.34385463255
2022,BORDER 10,2022-05-15,2022-05-15,0.0,Campfire,4.806643,27462.24609375,1474.03798118897
2022,FELIPE,2022-04-23,2022-04-23,0.0,Debris,1.16234,6734.51171875,475.37891346362
2022,BORDER 13,2022-06-13,2022-06-17,4.0,Arson,568.2128,3247700.3984375,12881.0763077378
2022,BARRETT 4,2022-06-12,2022-06-16,4.0,Arson,49.2244,281441.6640625,4428.45636029805
2022,BORDER 16,2022-06-21,2022-06-22,1.0,Arson,25.22921,144154.828125,3275.60341860309
2022,BORDER 15,2022-06-20,2022-06-21,1.0,Unknown / Unidentified,28.94558,165392.68359375,2603.14748480311
2022,BORDER 18,2022-06-24,2022-06-24,0.0,Unknown / Unidentified,2.849159,16279.89453125,506.472002061796
2022,MESA 4,2022-05-07,2022-05-07,0.0,Miscellaneous,4.030843,23044.79296875,646.898699348235
2022,BORDER 19,2022-06-24,2022-06-26,2.0,Arson,16.96958,97005.765625,1737.71424769336
2022,JEWEL,2022-05-14,2022-05-15,1.0,Equipment Use,29.14392,166683.296875,1567.18914524435
2022,BORDER 22,2022-07-08,2022-07-08,0.0,Arson,7.280743,41599.21875,910.063508134072
2022,BORDER 27,2022-07-17,2022-07-18,1.0,Unknown / Unidentified,98.14726,561288.5234375,5446.46718821948
2022,BORDER 26,2022-07-17,2022-07-17,0.0,Arson,4.541373,25957.8359375,630.589312172271
2022,BORDER 21,2022-07-03,2022-07-03,0.0,Unknown / Unidentified,8.020247,45829.234375,1325.69853040465
2022,CASNER,2022-09-27,2022-09-29,2.0,Equipment Use,178.2691,1030379.66015625,5348.0797555212
2022,BORDER 31,2022-08-19,2022-08-20,1.0,Unknown / Unidentified,14.64988,83814.53125,1972.87184671667
2022,BORDER 32,2022-08-31,2022-09-05,5.0,Unknown / Unidentified,4456.34,25487012.3867188,47412.1951916043
2022,CAESAR,2022-09-05,2022-09-05,0.0,Vehicle,47.70462,275637.65625,3112.51459813348
2022,ALPINE,2022-03-01,2022-03-01,0.0,Arson,18.43938,121889.828125,1543.84471952045
2022,JIM,2022-03-02,2022-03-27,25.0,Unknown / Unidentified,552.538,3239249.24609375,9079.28066547885
2022,BARNEY,2022-03-11,2022-04-14,34.0,Miscellaneous,31.46449,222635.18359375,2544.92211518185
2022,GOLDEN,2022-05-20,2022-05-31,11.0,Miscellaneous,19.4423,132051.171875,3044.2500591894
2022,BOUQUET,2022-05-30,2022-06-05,6.0,Unknown / Unidentified,48.40139,289601.88671875,3688.36881724839
2022,GRAHAM,2022-06-10,2022-06-17,7.0,Unknown / Unidentified,177.4989,1227295.2265625,10425.4043692424
2022,SHEEP,2022-06-12,2022-06-19,7.0,Unknown / Unidentified,865.1371,5151012.94921875,15607.5096815576
2022,WAGON TRAIN,2022-05-22,2022-05-26,4.0,Miscellaneous,10.86248,64487.75,1724.50028500664
2022,SIERRA,2022-06-15,2022-06-16,1.0,Unknown / Unidentified,10.23126,61185.80859375,2138.47842377465
2022,CASUSE ,2022-07-03,2022-07-04,1.0,Unknown / Unidentified,29.26842,213615.55078125,2567.56456156403
2022,MCKINNEY,2022-07-29,2022-11-11,105.0,Unknown / Unidentified,60102.26,438181343.507813,227045.438395449
2022,YETI,2022-07-30,2022-09-03,35.0,Unknown / Unidentified,7886.011,57542116.0078125,50192.0137125042
2022,KELSEY,2022-07-31,2022-08-24,24.0,Unknown / Unidentified,84.64411,613775.14453125,6689.77218010559
2022,MCGINTY,2022-08-04,2022-08-07,3.0,Lightning,48.1479,351251.48046875,2750.55966283076
2022,AMMON,2022-08-05,2022-09-06,32.0,Unknown / Unidentified,11464.9,81126625.4179688,64551.6567668991
2022,CAMPBELL,2022-08-05,2022-09-09,35.0,Unknown / Unidentified,30132.85,213957954.304688,118434.522970768
2022,WISHON,2022-08-15,2022-08-29,14.0,Unknown / Unidentified,317.8171,1977380.82421875,8514.47292483156
2022,BRONCO,2022-08-17,2022-08-22,5.0,Miscellaneous,89.57446,531916.18359375,3281.96494666824
2022,EAST,2022-08-25,2022-09-11,17.0,Unknown / Unidentified,147.6624,876444.6484375,5256.76370804369
2022,GULCH,2022-08-29,2022-09-11,13.0,Unknown / Unidentified,113.4179,672409.1328125,6612.41810657681
2022,VALLEY,2022-08-22,2022-09-10,19.0,Unknown / Unidentified,188.4808,1084171.2109375,7241.36529321779
2022,PLUM,2022-08-11,2022-08-22,11.0,Miscellaneous,12.28059,83405.36328125,3387.9325583904
2022,RADFORD ,2022-09-05,2022-11-09,65.0,Miscellaneous,1079.279,6402730.73828125,21766.9964271617
2022,MOSQUITO,2022-09-07,2022-10-22,45.0,Miscellaneous,76771.45,515461760.589844,273643.950755875
2022,BARNES,2022-09-07,2022-11-01,55.0,Lightning,5840.575,42656929.6679688,64728.5560528281
2022,BIG BAR,2022-10-12,2022-10-23,11.0,Unknown / Unidentified,11.87628,85110.08203125,1256.73268485189
2022,NAVAJO,2022-05-08,2022-05-18,10.0,Miscellaneous,31.54411,192452.015625,2313.23018601416
2022,PAYMASTER,2022-03-08,2022-03-11,3.0,Miscellaneous,15.13918,101535.41015625,2051.83948679762
2022,GEORGE,2022-08-11,2022-08-24,13.0,Unknown / Unidentified,13.57013,98586.47265625,1411.99564781505
2022,WILLOW,2022-08-04,2022-08-07,3.0,Lightning,35.42039,258266.18359375,2371.88002151587
2022,CACTUS ,2022-04-30,2022-05-08,8.0,Miscellaneous,26.48567,157403.82421875,3050.36526489031
2022,CHERRY,2022-06-13,2022-06-14,1.0,Unknown / Unidentified,14.31055,85623.08984375,1853.3293598586
2022,MANZANITA,2022-09-23,2022-09-30,7.0,Miscellaneous,26.86633,159238.71875,2297.42128144616
2022,SMOKEY,2022-08-04,2022-08-09,5.0,Unknown / Unidentified,33.67451,246744.8671875,2102.00106620263
2022,ELIZA,2022-09-09,2022-09-16,7.0,Unknown / Unidentified,19.21475,139965.5,2655.26348641279
2022,CASTILE,2022-05-10,2022-05-11,1.0,Miscellaneous,9.858478,57912.73046875,984.837124005183
2022,POWER,2022-10-23,2022-10-26,3.0,Powerline,21.0131,138458.44140625,2004.5852457232
2022,BRANSTETTER,2022-08-31,2022-08-31,0.0,Campfire,33.77932,236878.12109375,2275.39158562303
2022,PETER,2022-07-14,2022-07-20,6.0,Structure,303.67,2124521.296875,10686.4402314811
2022,HOBBY,2022-10-06,2022-10-06,0.0,Unknown / Unidentified,12.32455,86329.5078125,1422.4337992941
2022,FLANAGAN,2022-03-04,2022-03-04,0.0,Debris,88.68606,624491.6015625,3514.1562313306
2022,WINEMAN,2022-06-19,2022-06-19,0.0,Arson,56.78185,343231.58203125,3863.33375409006
2022,CAMINO,2022-06-28,2022-07-04,6.0,Miscellaneous,386.9821,2347357.546875,12143.276958352
2022,TEFT,2022-07-15,2022-07-17,2.0,Vehicle,25.53244,154433.94140625,3046.94206548245
2022,PRICE,2022-01-01,2022-01-01,0.0,Campfire,0.06728618,408.3359375,80.8627515888373
2022,MEADOW,2022-07-19,2022-07-19,0.0,Equipment Use,16.55005,111257.640625,2095.72368104482
2022,ESTRELLA,2022-03-23,2022-03-23,0.0,Powerline,1.968684,12101.2421875,534.185980023827
2022,WILSON,2022-04-28,2022-04-28,0.0,Debris,1.261111,7700.94140625,500.546723504276
2022,BENITO,2022-09-14,2022-09-15,1.0,Unknown / Unidentified,89.9549,570010.44140625,3390.52282329522
2022,EAGLE,2022-06-06,2022-06-06,0.0,Unknown / Unidentified,49.81456,306423.265625,2713.00592428413
2022,LOPEZ,2022-06-06,2022-06-10,4.0,Miscellaneous,16.42301,99875.1328125,2598.68563160767
2022,TOPAZ,2022-06-10,2022-06-10,0.0,Miscellaneous,3.162654,19293.359375,595.120315485072
2022,MARIA,2022-06-21,2022-06-21,0.0,Miscellaneous,1.397867,8447.97265625,468.498888306004
2022,CANYON,2022-04-06,2022-04-06,0.0,Miscellaneous,2.593182,15407.35546875,645.217796364835
2022,BARREL,2022-06-29,2022-06-30,1.0,Miscellaneous,7.608925,45513.296875,1584.63298497674
2022,CUT OFF,2022-07-10,2022-07-10,0.0,Unknown / Unidentified,2.501228,14755.64453125,901.81659764373
2022,HUGHES,2022-08-06,2022-08-06,0.0,Vehicle,7.944128,47749.11328125,1204.86300003396
2022,SYCAMORE,2022-02-10,2022-02-11,1.0,Unknown / Unidentified,3.735543,22052.17578125,1130.49981314723
2022,SAM,2022-08-10,2022-08-11,1.0,Unknown / Unidentified,125.3294,753342.03515625,6504.56126241821
2022,QUAIL,2022-08-17,2022-08-18,1.0,Unknown / Unidentified,60.45229,360946.04296875,4126.2223006563
2022,RIDGE,2022-08-18,2022-08-19,1.0,Unknown / Unidentified,4.834825,28648.2421875,978.568954557221
2022,TIERRA,2022-08-17,2022-08-17,0.0,Unknown / Unidentified,2.101613,12569.51171875,718.012932041454
2022,ROUTE,2022-08-31,2022-09-07,7.0,Unknown / Unidentified,5227.923,31259236.4570313,32350.6960298258
2022,MUNZ,2022-09-13,2022-09-14,1.0,Unknown / Unidentified,1.847821,11081.2265625,461.619076099197
2022,CHESEBORO,2022-09-07,2022-09-08,1.0,Unknown / Unidentified,1.093091,6529.66015625,350.443293916413
2022,LOBO,2022-09-24,2022-09-25,1.0,Unknown / Unidentified,10.79503,63953.0078125,1397.11626360272
2022,OAKWILDE,2022-10-01,2022-10-02,1.0,Vehicle,2.106468,12509.70703125,621.934847321627
2022,PYRAMID,2022-10-21,2022-10-22,1.0,Vehicle,6.758175,40658.81640625,946.095224887192
2022,CANYON,2022-06-17,2022-06-17,0.0,Arson,17.27645,104430.32421875,1692.94305155742
2022,WINDWOOD,2022-07-29,2022-07-29,0.0,Vehicle,6.372824,39090.9296875,1166.86809574122
2022,ROSA,2022-09-06,2022-09-06,0.0,Miscellaneous,16.23023,99537.95703125,1724.07338664972
2022,BULL,2022-05-24,2022-05-25,1.0,Equipment Use,50.92991,307818.24609375,2364.37483948829
2022,SUEY,2022-05-22,2022-05-24,2.0,Equipment Use,15.09703,91316.41796875,1537.39289774296
2022,FAIRVIEW,2022-07-08,2022-07-10,2.0,Powerline,11.73994,75324.45703125,1483.4894677381
2022,HARBISON 2,2022-07-12,2022-07-13,1.0,Equipment Use,26.85744,154247.984375,2151.5229099189
2022,WATT,2022-10-15,2022-10-21,6.0,Powerline,42.42685,282640.80859375,2502.24992540372
2022,OLD,2022-05-31,2022-06-03,3.0,Unknown / Unidentified,375.9125,2479537.953125,9589.11507875574
2022,ROBLAR,2022-06-27,2022-06-27,0.0,Equipment Use,63.26585,416540.93359375,2972.31854291146
2022,FAIRVIEW,2022-09-06,2022-09-30,24.0,Unknown / Unidentified,28097.87,164597174.542969,150836.612228821
2022,ESTATES,2022-07-17,2022-07-17,0.0,Aircraft,0.7762036,5163.34375,291.061197519163
2022,SNOW,2022-06-17,2022-07-02,15.0,Campfire,24.0517,156038.6953125,4109.08073506149
2022,ELK TRAIL,2022-05-26,2022-05-31,5.0,Arson,414.1108,2448922.37890625,13620.1671373628
2022,WASHBURN,2022-07-07,2022-09-30,85.0,Arson,4886.124,31490865.8828125,50856.3016670919
2022,RED,2022-08-04,2022-11-06,94.0,Lightning,8432.419,54552181.0117188,125075.917279378
2022,RODGERS,2022-08-08,2022-11-06,90.0,Lightning,2839.684,18516447.2578125,68655.6861481746
2022,AVALANCHE,2022-07-18,2022-11-10,115.0,Lightning,28.92503,182801.78515625,1769.03953330865
2022,SUMMIT,2022-08-03,2022-10-19,77.0,Lightning,1394.44,8711427.30859375,19421.3534160103
2022,ASPEN,2022-09-04,2022-09-30,26.0,Arson,25.89259,168280.921875,2220.34768578986
2022,ALL AMERICAN,2022-07-05,2022-07-09,4.0,Unknown / Unidentified,25.00471,143667.234375,5321.61110022304
2022,LONESTAR,2022-07-13,2022-07-13,0.0,Unknown / Unidentified,18.62858,106465.87109375,1370.49551169863
2022,BECKWITH,2022-06-27,2022-07-02,5.0,Unknown / Unidentified,274.1842,1775047.1171875,9225.81095173146
2022,CA-WSF-22000274 GRAYSON,2022-04-10,2022-04-10,0.0,Campfire,182.0349,1174468.08984375,7407.26305840323
2022,SIXTY,2022-07-30,2022-07-30,0.0,Escaped Prescribed Burn,21.09291,143312.8515625,2580.42885994331
2022,WILLOW 9,2022-11-16,2022-11-17,1.0,Structure,8.228877,47217.6171875,1167.50221572922
2022,WILLOW 8,2022-10-20,2022-10-20,0.0,Unknown / Unidentified,1.318015,7560.44140625,532.615906243617
2022,FURY,2022-09-08,2022-09-08,0.0,Unknown / Unidentified,1.715104,9838.046875,573.35982855852
2022,WOLFSEN,2022-07-08,2022-07-08,0.0,Vehicle,25.11741,160568.88671875,2880.66658878488
2022,POINT,2022-07-27,2022-07-27,0.0,Vehicle,58.67502,384496.4296875,3468.32858444699
2022,SANDY,2022-09-09,2022-09-09,0.0,Vehicle,27.54214,175909.30859375,4353.80985101064
2022,FIVE,2022-03-23,2022-03-23,0.0,Unknown / Unidentified,0.6094487,3484.375,288.321904204348
2022,HOWARD 2,2022-10-08,2022-10-10,2.0,Miscellaneous,74.61489,446285.13671875,3865.43863760535
2022,LYNN,2022-11-17,2022-11-17,0.0,Unknown / Unidentified,5.761822,34135.40625,955.768274115015
2022,ANA,2022-08-25,2022-08-25,0.0,Unknown / Unidentified,1.841502,10971.171875,475.320945563942
2022,CHAMBERS,2022-03-16,2022-03-17,1.0,Unknown / Unidentified,1.547286,9217.69140625,537.691346785829
2022,MOON,2022-08-14,2022-08-14,0.0,Unknown / Unidentified,1.424808,8444.23828125,452.799309274793
2022,TEXAS,2022-09-09,2022-09-10,1.0,Unknown / Unidentified,12.91249,89850.2578125,2061.55087958257
2022,ALEX,2022-07-31,2022-08-03,3.0,Unknown / Unidentified,150.4035,1100802.3671875,6500.41462508344
2022,TULARE,2022-07-25,2022-07-25,0.0,Vehicle,134.4698,929037.63671875,5645.7384679906
2022,RIVER,2022-10-25,2022-10-25,0.0,Campfire,98.25912,634321.265625,6145.23827956111
2022,LOST LAKE,2022-05-26,2022-06-05,10.0,Unknown / Unidentified,5856.573,34585556.4335938,41912.4240991908
2021,CALVERT,2021-03-01,2021-03-01,0.0,Escaped Prescribed Burn,257.8323,1638694.50390625,10145.6694378656
2021,MEISS,2021-04-05,2021-04-05,0.0,Debris,21.86377,159533.55859375,2282.70245243055
2021,REFUGE,2021-03-27,2021-03-29,2.0,Escaped Prescribed Burn,873.3917,6392786.796875,12370.0851729225
2021,BONNY COMPLEX,2021-01-19,2021-01-22,3.0,Miscellaneous,20.30736,129374.5859375,2331.54648284773
2021,FREEDOM,2021-01-19,2021-01-22,3.0,Powerline,33.25922,211295.828125,4130.55440998935
2021,PANTHER RIDGE,2021-01-19,2021-01-22,3.0,Powerline,19.72582,126036.86328125,2212.69514597106
2021,CHINA,2021-01-19,2021-01-21,2.0,Miscellaneous,21.93688,140121.828125,2424.06993897226
2021,BUTANO,2021-01-19,2021-01-21,2.0,Lightning,169.8688,1086456.98046875,5329.48883138192
2021,BLOOM,2021-01-19,2021-01-21,2.0,Miscellaneous,8.611075,54969.96484375,1321.45404079025
2021,GUNNISON,2021-05-08,2021-05-12,4.0,Equipment Use,548.9937,3775210.875,10415.3817753177
2021,FARMINGTON,2021-06-09,2021-06-11,2.0,Unknown / Unidentified,248.6175,1481024.2421875,9309.88025273752
2021,TURNOUT,2021-04-18,2021-04-25,7.0,Escaped Prescribed Burn,191.6513,1287947.625,11247.1127669004
2021,KIRK,2021-06-21,2021-06-22,1.0,Miscellaneous,23.05541,155760.015625,2163.52317024439
2021,TOMKI,2021-05-21,2021-05-24,3.0,Unknown / Unidentified,18.17299,123207.02734375,2539.83368808179
2021,ROUND,2021-06-08,2021-06-08,0.0,Unknown / Unidentified,1.699813,11905.72265625,611.304570087919
2021,1-4 BIZZ,2021-06-23,2021-06-25,2.0,Lightning,13.89517,97056.5390625,1569.62766427365
2021,4-3 PUMA,2021-06-24,2021-06-25,1.0,Lightning,132.4866,958271.46484375,6023.27570533782
2021,BESWICK,2021-06-28,2021-07-03,5.0,Unknown / Unidentified,118.0034,862439.53515625,7735.89314747984
2021,BROWNELL,2021-04-13,2021-04-13,0.0,Debris,4.151186,30385.9765625,1084.37911362191
2021,HOVEY,2021-05-05,2021-05-05,0.0,Debris,4.767107,34677.00390625,909.090361278243
2021,MARY,2021-04-22,2021-04-22,0.0,Escaped Prescribed Burn,4.059574,29278.5078125,994.964289023491
2021,MEAMBER,2021-05-30,2021-05-30,0.0,Debris,2.300643,16686,586.98360723836
2021,RANCH,2021-05-05,2021-05-05,0.0,Debris,1.678553,12076.01171875,594.355545335507
2021,STUHR,2021-06-05,2021-06-05,0.0,Miscellaneous,21.63566,138728.31640625,1600.12990133228
2021,PASEO,2021-06-25,2021-06-25,0.0,Equipment Use,37.56758,239502.04296875,3190.0512244466
2021,DIABLO,2021-07-11,2021-07-11,0.0,Unknown / Unidentified,127.659,828774.70703125,5690.56147149824
2021,PIERCY,2021-06-14,2021-06-14,0.0,Unknown / Unidentified,39.47499,252569.80078125,2560.51203476803
2021,KIRKER,2021-07-04,2021-07-04,0.0,Vehicle,83.55169,545069.58203125,4400.70592723132
2021,HARRIS,2021-07-06,2021-07-06,0.0,Unknown / Unidentified,16.39773,113554.92578125,1504.0781384675
2021,GULCH,2021-08-12,2021-08-13,1.0,Lightning,52.51308,377430.83984375,2460.31659999491
2021,ABERDEEN,2021-10-05,2021-10-08,3.0,Unknown / Unidentified,45.5523,289918.10546875,3357.53002905749
2021,CANNON,2021-07-14,2021-07-14,0.0,Arson,43.3417,301282.1875,2611.59010908605
2021,FORK,2021-07-17,2021-07-17,0.0,Miscellaneous,40.82636,281808.6875,3066.32921544234
2021,HIDING,2021-08-01,2021-08-02,1.0,Equipment Use,41.50576,290559.95703125,3147.13163947765
2021,CREEKSIDE,2021-07-12,2021-07-13,1.0,Miscellaneous,23.22825,162162.26953125,2484.7853362389
2021,MAXWELL,2021-10-05,2021-10-10,5.0,Arson,76.48464,538284.56640625,4057.04197218816
2021,COW,2021-06-20,2021-06-26,6.0,Equipment Use,761.1113,5340043.98828125,12304.1919128263
2021,ROCK,2021-06-15,2021-06-19,4.0,Equipment Use,107.1646,753830.9921875,4574.98440353208
2021,FAWN,2021-09-22,2021-09-29,7.0,Arson,8576.493,60482385.6523438,62296.7297385723
2021,BEALE,2021-06-13,2021-06-19,6.0,Powerline,201.303,1356606.36328125,7798.92422115634
2021,FIDDYMENT,2021-05-23,2021-05-23,0.0,Unknown / Unidentified,55.11501,368047.94921875,4411.86091615545
2021,HUTTO,2021-05-31,2021-05-31,0.0,Equipment Use,11.46257,77278.06640625,1489.5628142431
2021,LOMA,2021-08-08,2021-08-10,2.0,Equipment Use,12.10306,81916.9765625,1553.26251106946
2021,SPENCEVILLE,2021-05-31,2021-06-04,4.0,Unknown / Unidentified,21.81921,146961.2265625,1658.17746268687
2021,WISE,2021-05-19,2021-05-20,1.0,Powerline,18.2641,122304.390625,1544.1133844338
2021,GLEN,2021-08-11,2021-08-11,0.0,Vehicle,184.0656,1249403.33203125,6300.9410448101
2021,RIVER,2021-08-04,2021-08-13,9.0,Unknown / Unidentified,2618.794,17629432.4570313,30707.8141138647
2021,INTANKO,2021-06-08,2021-06-16,8.0,Unknown / Unidentified,938.9399,6318144.01953125,16870.9325031946
2021,FRENCHTOWN,2021-07-20,2021-07-22,2.0,Vehicle,54.10636,367060.6640625,3358.42318524242
2021,QUAIL,2021-05-12,2021-05-12,0.0,Miscellaneous,25.35059,171304.91796875,2361.26221961719
2021,SPRING,2021-06-12,2021-06-16,4.0,Equipment Use,18.20975,123101.984375,1789.66076896327
2021,WATT,2021-06-21,2021-06-23,2.0,Unknown / Unidentified,39.57343,263568.0546875,2825.32154609099
2021,SALMON,2021-05-01,2021-05-01,0.0,Unknown / Unidentified,31.73762,211634.4921875,2540.16888748237
2021,BELL,2021-05-20,2021-05-20,0.0,Equipment Use,18.61205,123299.015625,1628.98584384899
2021,GOOSE,2021-06-13,2021-06-13,0.0,Equipment Use,65.68092,432205.46484375,3444.84879245863
2021,BLACKSTONE,2021-06-21,2021-06-21,0.0,Miscellaneous,34.85899,231589.9921875,2143.97914215705
2021,STEINS,2021-06-26,2021-06-26,0.0,Miscellaneous,13.73235,91277.0078125,3142.99743847687
2021,LAWRENCE,2021-09-05,2021-09-05,0.0,Unknown / Unidentified,45.94286,304279.4921875,2553.26510581207
2021,SETTLERS,2021-05-19,2021-05-19,0.0,Equipment Use,45.35123,300596.44140625,3378.57539756287
2021,PINE,2021-06-23,2021-06-23,0.0,Equipment Use,50.93539,356470.75390625,3139.79178940638
2021,HOUSE,2021-08-04,2021-08-09,5.0,Smoking,59.11795,415496.1796875,3304.57106936492
2021,SOUTH,2021-08-25,2021-09-02,8.0,Unknown / Unidentified,810.9695,4808983.95703125,16562.1984727653
2021,ALABAMA,2021-06-18,2021-06-21,3.0,Lightning,566.5927,3566649.2109375,12433.6833166811
2021,HOPKINS,2021-09-12,2021-09-19,7.0,Arson,253.9064,1714855.90234375,7163.09027273403
2021,BALLARD,2021-06-08,2021-06-09,1.0,Debris,37.1573,222814.39453125,4835.32681787755
2021,ONE,2021-06-21,2021-06-22,1.0,Debris,37.05353,221572.7890625,3102.80310347931
2021,CABALLO,2021-09-06,2021-09-07,1.0,Equipment Use,69.51533,416871.44140625,7245.44082193802
2021,SODA,2021-04-17,2021-04-17,0.0,Debris,1.20866,8055.453125,389.780737510151
2021,CERRITO,2021-04-18,2021-04-18,0.0,Miscellaneous,1.056455,7094.75,391.354087458596
2021,MUNIZ,2021-04-20,2021-04-20,0.0,Debris,2.227886,14745.203125,521.159267366658
2021,TULLEY,2021-04-28,2021-04-30,2.0,Debris,62.66148,416141.93359375,2981.4759968897
2021,WILSON,2021-04-29,2021-04-29,0.0,Debris,1.552339,10328.9921875,462.634048430491
2021,COUNTY,2021-05-08,2021-05-08,0.0,Powerline,2.854398,19001.359375,638.558290400238
2021,LOPEZ,2021-05-08,2021-05-11,3.0,Equipment Use,55.25064,361697.53515625,3198.162964173
2021,MOODY,2021-05-16,2021-05-17,1.0,Miscellaneous,20.24225,134086.890625,1689.14647117225
2021,WEST,2021-05-26,2021-05-26,0.0,Vehicle,2.58838,17132.08203125,540.475070484937
2021,GROVE,2021-05-26,2021-05-26,0.0,Unknown / Unidentified,8.765407,57675.9453125,1159.54858140673
2021,ACACIA,2021-05-29,2021-05-29,0.0,Equipment Use,6.082049,40184.5859375,1055.99491629512
2021,DREAM,2021-06-23,2021-06-23,0.0,Arson,4.769748,31392.328125,769.152461693201
2021,GRANGE,2021-07-07,2021-07-07,0.0,Equipment Use,6.612106,43608.453125,1151.74732724435
2021,GIBSON,2021-07-20,2021-07-22,2.0,Arson,29.98372,197580.67578125,2232.54540755351
2021,EASTSIDE,2021-08-03,2021-08-04,1.0,Equipment Use,10.85849,72149.05859375,1196.39581891299
2021,PLYE,2021-08-07,2021-08-07,0.0,Arson,6.29127,42376.3046875,926.671253389571
2021,NEWELL,2021-10-11,2021-10-11,0.0,Vehicle,137.1334,899414.30859375,5250.50164105218
2021,DIMOND,2021-07-30,2021-07-30,0.0,Arson,4.771153,31877.6875,1058.48602867033
2021,STUBBS,2021-08-02,2021-08-02,0.0,Arson,1.37785,9251.7890625,417.925631688694
2021,SCOTTS,2021-04-28,2021-04-28,0.0,Miscellaneous,8.720953,58736.3984375,1454.22631790989
2021,OLD,2021-01-18,2021-01-18,0.0,Powerline,3.873497,25848.5390625,756.577794001759
2021,SPRING,2021-01-19,2021-01-19,0.0,Debris,1.017629,6736.79296875,334.090964204878
2021,GREEN,2021-05-08,2021-05-08,0.0,Debris,8.655844,58145.94140625,1538.64494774089
2021,CREEK WEST,2021-06-09,2021-06-10,1.0,Arson,18.52191,123894.0703125,1364.23527499639
2021,SKY,2021-04-29,2021-04-29,0.0,Debris,58.34655,390167.83203125,2873.10910290913
2021,MUSTANG,2021-06-13,2021-06-13,0.0,Arson,7.733727,51569.26953125,880.133007591212
2021,OAK,2021-06-14,2021-06-14,0.0,Equipment Use,2.842491,18991.3828125,555.329177277388
2021,LEESVILLE,2021-07-03,2021-07-03,0.0,Playing with fire,5.558945,37438.7109375,787.935722957492
2021,SPRING,2021-07-09,2021-07-09,0.0,Miscellaneous,1.90975,12644.34375,467.641158883041
2021,COLEMAN,2021-07-18,2021-07-18,0.0,Arson,2.714847,17912.99609375,595.998096270343
2021,CREEK,2021-08-01,2021-08-01,0.0,Arson,3.695564,24640.68359375,937.817601900293
2021,MIDDLE,2021-08-13,2021-08-13,0.0,Powerline,25.11647,165056.80078125,1627.57632004558
2021,I-80 LYNCH,2021-08-17,2021-08-17,0.0,Vehicle,1.08848,7141.3203125,528.153326474255
2021,CLOVER,2021-08-26,2021-08-26,0.0,Unknown / Unidentified,6.763107,45186.42578125,818.171835047927
2021,CASTLE,2021-03-19,2021-03-21,2.0,Campfire,5.136026,31292.46875,1465.36935441859
2021,CREEK,2021-08-29,2021-08-29,0.0,Arson,1.284499,8543.5234375,362.969167001321
2021,MOUNTAIN,2021-08-22,2021-08-22,0.0,Arson,1.039344,6912.84375,466.035335049479
2021,KIWI,2021-06-07,2021-06-07,0.0,Equipment Use,1.75886,11575.7265625,489.909988820809
2021,CAMPO,2021-04-29,2021-05-04,5.0,Debris,159.9778,1050184.47265625,7467.23554404778
2021,MILE,2021-05-27,2021-05-28,1.0,Arson,507.8524,3304328.93359375,10016.0029514291
2021,LINE,2021-03-28,2021-03-28,0.0,Debris,21.61033,140340.48046875,1938.25384861516
2021,AIROLA,2021-08-25,2021-08-26,1.0,Unknown / Unidentified,644.3386,4213097.046875,12402.3720562302
2021,WASHINGTON,2021-08-26,2021-08-31,5.0,Unknown / Unidentified,135.7753,885531.51953125,5669.03023333255
2021,LITTLE,2021-07-03,2021-07-04,1.0,Miscellaneous,15.33097,107866.765625,1828.98430057905
2021,WOODMAN,2021-04-01,2021-04-01,0.0,Debris,24.85209,175050.3046875,2716.04835943698
2021,HART,2021-08-31,2021-09-04,4.0,Lightning,6.53971,39732.1640625,1483.51330510604
2021,COLD,2021-08-13,2021-10-03,51.0,Lightning,6.576556,42874.734375,3256.49704347236
2021,FORK,2021-07-01,2021-07-12,11.0,Lightning,8.557461,55406.86328125,1718.09850268221
2021,KING,2021-06-29,2021-07-06,7.0,Lightning,11.13475,72126.58203125,1011.51551294722
2021,PORCUPINE,2021-07-02,2021-08-04,33.0,Lightning,11.19756,72742.02734375,1902.72272281316
2021,SENTINEL,2021-07-29,2021-10-25,88.0,Lightning,12.4895,78887.5703125,1434.66902525067
2021,HOOVER,2021-07-19,2021-07-24,5.0,Lightning,58.59269,378834.640625,5137.09532478903
2021,LOST,2021-07-10,2021-07-18,8.0,Lightning,100.7824,639338.8125,7246.82169105311
2021,COUNTY LINE,2021-07-01,2021-08-15,45.0,Lightning,224.9265,1462300.12109375,6674.04139330863
2021,SMITH,2021-06-11,2021-06-11,0.0,Equipment Use,9.446896,65249.25,1322.69947946153
2021,GRAHAM,2021-05-27,2021-05-27,0.0,Equipment Use,14.35726,100359.43359375,1803.09116915186
2021,POND,2021-08-30,2021-09-04,5.0,Lightning,490.7352,2985202.83984375,8340.72670436589
2021,LUKENS,2021-07-01,2021-08-19,49.0,Lightning,918.1719,5970996.61328125,25798.6922711374
2021,TILTILL,2021-07-31,2021-08-15,15.0,Lightning,2348.53,15328712.3789063,29291.627133074
2021,MOJAVE,2021-06-17,2021-06-25,8.0,Lightning,2490.498,15188693.28125,34761.8517719458
2021,KNP Complex,2021-09-10,2021-12-16,97.0,Lightning,88257.13,554850423.507813,490677.28228528
2021,OVERLAND,2021-06-19,2021-06-24,5.0,Campfire,559.1455,3216346.6015625,9142.84899144016
2021,SOUTHERN,2021-05-02,2022-05-06,369.0,Equipment Use,5365.902,30944913.9375,55683.4880261368
2021,BORDER,2021-01-10,2021-01-21,11.0,Miscellaneous,1.850452,10579.1171875,504.822650768738
2021,BORDER 2,2021-01-13,2021-01-21,8.0,Debris,18.64428,106607.16796875,1924.43632122754
2021,BORDER 9,2021-05-28,2021-05-31,3.0,Miscellaneous,15.36915,87824.921875,1571.35698505607
2021,SIERRA,2021-06-09,2021-06-11,2.0,Unknown / Unidentified,968.2691,5627170.53125,17180.7201765225
2021,CLEVENGER,2021-06-20,2021-06-21,1.0,Unknown / Unidentified,53.04443,306656.10546875,2440.77498804468
2021,MESA 3,2021-06-23,2021-06-27,4.0,Unknown / Unidentified,277.8741,1615720.0859375,7219.43007507077
2021,MARRON 4,2021-07-11,2021-07-15,4.0,Vehicle,37.3201,213430.40234375,2583.48572814321
2021,YSABEL 2,2021-07-03,2021-07-06,3.0,Unknown / Unidentified,428.2403,2478876.26171875,6427.6598955918
2021,BORDER 13,2021-07-15,2021-07-16,1.0,Powerline,23.32513,133303.47265625,1963.8163536179
2021,QUEEN,2021-08-01,2021-08-09,8.0,Equipment Use,32.81554,189603.671875,2718.153420004
2021,BAMBI,2021-08-11,2021-08-18,7.0,Campfire,7.521858,43252.2265625,1202.47717329712
2021,MARRON 6,2021-08-30,2021-09-04,5.0,Debris,28.44671,162554.1015625,2330.37054766247
2021,ARUBA,2021-09-05,2021-09-09,4.0,Unknown / Unidentified,54.22581,315547.140625,3331.18574698146
2021,OLD HIGHWAY 80  / LA POSTA RD,2021-09-24,2021-09-24,0.0,Lightning,1.378734,7924.0234375,357.627548985297
2021,ESTRADA,2021-10-15,2021-10-16,1.0,Escaped Prescribed Burn,124.7229,793089.27734375,5057.73811179502
2021,CRYSTAL,2021-08-25,2021-08-25,0.0,Campfire,1.731484,10812.875,441.421630182332
2021,AMERICAN,2021-08-27,2021-08-27,0.0,Arson,14.40411,90826.265625,1617.25800825909
2021,BAKER,2021-05-27,2021-05-30,3.0,Arson,24.94695,157418.390625,1811.26753170681
2021,FISH,2021-07-04,2021-07-06,2.0,Smoking,65.27412,412917.7734375,4967.81397003715
2021,GOLD,2021-06-09,2021-06-10,1.0,Unknown / Unidentified,60.24131,383285.328125,3759.14964227514
2021,MARLAR,2021-08-15,2021-08-18,3.0,Vehicle,29.3616,185466.81640625,2898.59437877655
2021,OWENS,2021-06-06,2021-06-08,2.0,Miscellaneous,17.97407,114103,1763.18193789704
2021,RUTH 2,2021-06-06,2021-06-08,2.0,Equipment Use,13.3051,83972.9140625,1702.75225018554
2021,SLOPE,2021-05-31,2021-06-03,3.0,Powerline,23.99675,151983.8203125,2092.67261669996
2021,TIVY,2021-09-07,2022-09-07,365.0,Equipment Use,25.03143,158204.33203125,2381.46088638041
2021,WATTS,2021-05-05,2021-05-05,0.0,Miscellaneous,11.88744,75282.08984375,1546.41663986206
2021,MALLARD,2021-06-11,2021-06-11,0.0,Equipment Use,4.217206,29556.3125,788.774159410896
2021,TOWSLEY,2021-01-19,2021-01-22,3.0,Unknown / Unidentified,183.8866,1094378.0703125,7867.4514331809
2021,KELLOGG,2021-01-19,2021-01-19,0.0,Unknown / Unidentified,12.2616,72488.9609375,1239.72451905119
2021,NEWTON,2021-01-08,2021-01-08,0.0,Unknown / Unidentified,2.265879,13399.23828125,443.870646367217
2021,SPRINGS,2021-01-19,2021-01-19,0.0,Unknown / Unidentified,2.711827,16191.2109375,602.769807076875
2021,RYE,2021-02-02,2021-02-02,0.0,Equipment Use,1.171693,6991.0078125,381.443667019439
2021,KNOLLS,2021-02-28,2021-02-28,0.0,Unknown / Unidentified,5.079092,30009.5234375,1699.60172736577
2021,TURNBULL,2021-04-18,2021-04-18,0.0,Unknown / Unidentified,1.467101,8657.671875,419.574015017645
2021,NORTH,2021-04-28,2021-04-30,2.0,Unknown / Unidentified,552.1964,3295783.60546875,12210.6425154492
2021,VIRGENES,2021-04-29,2021-04-29,0.0,Unknown / Unidentified,6.461127,38272.453125,841.440750299626
2021,PINE,2021-05-12,2021-05-14,2.0,Unknown / Unidentified,441.2523,2631239.4921875,21430.1348462545
2021,PALISADES,2021-05-15,2021-05-21,6.0,Unknown / Unidentified,1202.648,7115175.3671875,19990.114323399
2021,LIMA,2021-07-06,2021-07-06,0.0,Unknown / Unidentified,61.52447,368931.28125,3723.94078217574
2021,DULCE,2021-07-04,2021-07-04,0.0,Unknown / Unidentified,12.19143,72843.36328125,1372.73361260489
2021,TUMBLEWEED,2021-07-04,2021-07-08,4.0,Unknown / Unidentified,856.8701,5150536.13671875,17039.1214432664
2021,FLORES,2021-07-19,2021-07-19,0.0,Unknown / Unidentified,6.922003,40922.27734375,1173.61544978681
2021,SYCAMORE,2021-08-02,2021-08-02,0.0,Vehicle,3.27472,19692.67578125,615.439122138747
2021,VASQUEZ,2021-08-06,2021-08-06,0.0,Unknown / Unidentified,1.501651,8964.01171875,594.401024090168
2021,GOLDEN,2021-08-07,2021-08-07,0.0,Vehicle,19.88849,118472.01171875,3090.81560394961
2021,DALTON,2021-09-24,2021-09-24,0.0,Vehicle,2.21358,13117.1484375,665.076004830206
2021,TONNER,2021-09-30,2021-09-30,0.0,Unknown / Unidentified,1.969455,11616.12109375,442.469459640313
2021,TUNA,2021-07-09,2021-07-09,0.0,Unknown / Unidentified,4.544237,26855.39453125,893.374158362318
2021,MIDDLE,2021-11-11,2021-11-11,0.0,Powerline,17.06123,99265.796875,1238.32352484562
2021,REGIONAL,2021-06-05,2021-06-05,0.0,Miscellaneous,2.635708,16564.72265625,676.553604537879
2021,AROMAS,2021-06-26,2021-06-26,0.0,Vehicle,3.190873,20208.734375,591.461799506236
2021,PINNACLES,2021-07-28,2021-07-30,2.0,Miscellaneous,170.7329,1070524.30859375,7063.94467010881
2021,SARGENT,2021-05-30,2021-05-31,1.0,Debris,1117.899,6927974.18359375,12596.6879755458
2021,FERRIS,2021-02-21,2021-02-21,0.0,Debris,13.79761,85414.65625,1590.7837224257
2021,JOLON,2021-07-25,2021-07-25,0.0,Equipment Use,28.44884,177152.69140625,4084.40347006664
2021,PANOCHE,2021-06-23,2021-06-23,0.0,Vehicle,146.4311,921913.8046875,5324.38788675486
2021,ADOBE,2021-01-18,2021-01-18,0.0,Equipment Use,1.444209,8835.58984375,410.66196928125
2021,TIFFANY,2021-01-13,2021-01-13,0.0,Debris,2.45159,14885.60546875,637.879420842883
2021,COYOTE,2021-01-21,2021-01-21,0.0,Debris,4.889593,29889.125,924.468280623843
2021,TRAIL,2021-04-10,2021-04-10,0.0,Unknown / Unidentified,8.890034,54083.41796875,1846.23265017331
2021,ANTELOPE,2021-05-04,2021-05-04,0.0,Vehicle,10.67426,65701.80859375,2707.34082739216
2021,VISTA,2021-04-27,2021-04-27,0.0,Debris,5.135205,31311.63671875,711.194635865395
2021,IRON,2021-05-06,2021-05-06,0.0,Miscellaneous,1.248572,7645.88671875,327.234329463033
2021,TWITCHELL,2021-05-10,2021-05-10,0.0,Vehicle,8.925045,53981.66796875,2025.30530440822
2021,INDEPENDENCE,2021-05-24,2021-05-24,0.0,Equipment Use,1.923519,11833.21875,434.85278618603
2021,TOWER,2021-06-05,2021-06-05,0.0,Unknown / Unidentified,16.29048,99274.609375,1468.53670514052
2021,CRESTON,2021-06-18,2021-06-18,0.0,Unknown / Unidentified,11.01676,67544.01953125,1942.01927265658
2021,GROVE,2021-07-28,2021-07-28,0.0,Vehicle,24.01903,147569.90234375,2125.58906915634
2021,TOBIN,2021-07-31,2021-07-31,0.0,Vehicle,64.70691,397522.89453125,3789.78455899181
2021,HIGUERA,2021-10-10,2021-10-10,0.0,Unknown / Unidentified,1.038185,6310.46484375,500.861576086283
2021,FRANKLIN,2021-09-10,2021-09-10,0.0,Debris,40.32301,247334.73046875,2804.36586520814
2021,SUCCESS 2,2021-06-18,2021-06-21,3.0,Lightning,423.5609,2626246.7109375,8313.9494959142
2021,BUZZARD,2021-05-11,2021-05-11,0.0,Equipment Use,70.24671,441414.75390625,3900.18339698117
2021,PASO,2021-04-12,2021-04-13,1.0,Escaped Prescribed Burn,26.79597,154438.8671875,1833.83437015865
2021,GRANITE INC,2021-03-01,2021-03-01,0.0,Powerline,2.381455,14589.4609375,711.661713465692
2021,FREEWAY,2021-04-17,2021-04-17,0.0,Vehicle,3.822008,23087.5,906.824142624756
2021,MESA,2021-08-12,2021-08-12,0.0,Unknown / Unidentified,5.923486,35656.578125,963.534079255966
2021,SABODAN,2021-06-01,2021-06-01,0.0,Equipment Use,1.751998,10596.625,626.684784352534
2021,LAND,2021-06-03,2021-06-03,0.0,Unknown / Unidentified,3.060403,18649.18359375,861.603529960097
2021,CRANE,2021-06-18,2021-06-20,2.0,Unknown / Unidentified,46.83553,281977.2734375,3756.31872324104
2021,ROOST,2021-07-17,2021-07-17,0.0,Unknown / Unidentified,12.09895,73388.55078125,1211.34716788421
2021,GRAPEVINE,2021-04-20,2021-04-20,0.0,Vehicle,5.185684,31299.734375,1241.40264961118
2021,CANYON,2021-06-26,2021-06-27,1.0,Unknown / Unidentified,216.5297,1323217.20703125,5812.18902551895
2021,WOLVES,2021-04-22,2021-04-22,0.0,Escaped Prescribed Burn,26.06954,157404.17578125,1527.87009633814
2021,RIDGE,2021-08-28,2021-08-29,1.0,Unknown / Unidentified,8.997741,54170.6875,1332.45859191837
2021,YANKEE,2021-06-15,2021-06-16,1.0,Vehicle,35.21027,216288.03125,5889.27963648211
2021,SHELL,2021-06-27,2021-07-02,5.0,Unknown / Unidentified,1828.035,11024040.7148438,18696.0667112483
2021,MANOR,2021-09-06,2021-09-06,0.0,Unknown / Unidentified,1.198664,7317.83203125,327.385448016786
2021,DOYLE,2021-06-28,2021-06-28,0.0,Unknown / Unidentified,1.020253,6273.125,352.991199316979
2021,BEALE,2021-06-19,2021-06-19,0.0,Vehicle,8.94504,54448.69921875,1454.87276738514
2021,EDMONSON,2021-06-30,2021-06-30,0.0,Vehicle,9.158972,55302.03515625,997.179405838253
2021,LAVAL,2021-05-23,2021-05-23,0.0,Unknown / Unidentified,2.929613,17706.69921875,710.995737396987
2021,BOAT,2021-07-01,2021-07-01,0.0,Vehicle,1.496656,9008.015625,807.78356103229
2021,MOUNTAIN,2021-05-26,2021-05-26,0.0,Unknown / Unidentified,15.71013,95985.24609375,2354.51712339627
2021,HILL NORTH DIVISION,2021-06-21,2021-06-21,0.0,Unknown / Unidentified,6.112738,37065.98828125,1097.09926055265
2021,OAK,2021-06-30,2021-07-03,3.0,Unknown / Unidentified,29.9392,181033.96484375,1597.19611361107
2021,AROSA,2021-07-08,2021-07-08,0.0,Unknown / Unidentified,6.567343,39798.08203125,1171.85796572354
2021,BENNETT,2021-08-25,2021-09-03,9.0,Unknown / Unidentified,50.27335,339428.5234375,3973.49451610896
2021,KIBBIE,2021-09-06,2021-09-12,6.0,Unknown / Unidentified,9.580426,64664.52734375,1105.68157716198
2021,DANTONI,2021-09-11,2021-09-12,1.0,Unknown / Unidentified,24.35467,164267.91796875,1850.80460930434
2021,RIVER,2021-09-12,2021-09-13,1.0,Vehicle,70.8007,475787.01171875,4770.7575659259
2021,MYRNA,2021-08-12,2021-08-12,0.0,Unknown / Unidentified,15.82752,106460.4609375,1192.10287293433
2021,BROADWAY,2021-05-08,2021-05-08,0.0,Unknown / Unidentified,60.39558,405824.34765625,3771.29337732693
2021,DOOLITTLE,2021-09-03,2021-09-04,1.0,Vehicle,13.62084,91843.7421875,1421.60903915088
2021,BRIDGE,2021-09-05,2021-09-16,11.0,Unknown / Unidentified,415.955,2784959.28515625,9337.05670134356
2021,STAR BEND,2021-10-05,2021-10-05,0.0,Unknown / Unidentified,41.59887,279239.47265625,3446.29776293325
2021,BEALE2,2021-10-12,2021-10-12,0.0,Powerline,55.49031,373419.06640625,6790.0781047485
2021,VIRGINIA,2021-03-05,2021-03-06,1.0,Unknown / Unidentified,4.259815,25313.703125,615.986733993259
2021,WESTWOOD,2021-04-04,2021-04-04,0.0,Unknown / Unidentified,22.98317,136646.30078125,1773.00797559522
2021,RANCH,2021-04-15,2021-04-15,0.0,Unknown / Unidentified,1.800984,10723.0234375,373.758427167464
2021,SULPHUR,2021-04-17,2021-04-17,0.0,Unknown / Unidentified,4.328094,25764.0234375,586.888652872314
2021,LAURIE,2021-04-25,2021-04-25,0.0,Unknown / Unidentified,3.041959,18099.140625,860.799009611013
2021,UNNAMED,2021-06-18,2021-06-18,0.0,Equipment Use,1.121165,6691.34375,485.140909508714
2021,CASITAS,2021-06-14,2021-06-15,1.0,Unknown / Unidentified,188.1755,1122120.18359375,5112.76636687088
2021,COYOTE,2021-04-30,2021-05-01,1.0,Unknown / Unidentified,15.35531,91153.19140625,1334.56958845274
2021,PECK,2021-06-24,2021-06-24,0.0,Unknown / Unidentified,2.240738,13332.38671875,468.820139144738
2021,HUNGRY,2021-07-31,2021-08-02,2.0,Vehicle,365.7711,2199828.42578125,8384.85212769028
2021,VICTORIA,2021-12-11,2021-12-12,1.0,Unknown / Unidentified,31.69551,188125.07421875,2486.34772477132
2021,ROCK,2021-08-24,2021-08-27,3.0,Arson,318.4139,1857293.484375,9089.9739382892
2021,CREEK,2021-05-04,2021-05-04,0.0,Unknown / Unidentified,31.87381,186166.9609375,2265.05014434317
2021,KATHRYN,2021-06-15,2021-06-15,0.0,Unknown / Unidentified,18.46991,108179.484375,1782.15857432468
2021,NIGUEL,2021-10-03,2021-10-03,0.0,Unknown / Unidentified,21.61345,127395.8515625,1807.95909905772
2021,LAGUNA,2021-06-16,2021-06-16,0.0,Unknown / Unidentified,10.62967,62165.1015625,2761.00506315349
2021,CECIL,2021-07-15,2021-07-15,0.0,Vehicle,6.260819,36566.9140625,971.190459690897
2021,BONITA,2021-07-24,2021-07-24,0.0,Vehicle,1.013455,5927.4375,449.283641274316
2021,RIDGE,2021-08-06,2021-08-06,0.0,Equipment Use,5.647393,33082.9375,879.335347829174
2021,WINDY RIDGE,2021-05-26,2021-05-26,0.0,Unknown / Unidentified,1.663294,9771.52734375,593.679164675585
2021,PICO,2021-07-06,2021-07-06,0.0,Equipment Use,7.302879,42588.39453125,1087.05733300673
2021,BONITA,2021-01-15,2021-03-10,54.0,Unknown / Unidentified,681.1813,3993626.05859375,21209.4125348169
2021,COLD,2021-01-19,2021-01-20,1.0,Debris,34.51343,229683.80859375,2968.48708519717
2021,SPRINGS,2021-04-05,2021-04-12,7.0,Unknown / Unidentified,62.07942,369774.421875,5370.61891385437
2021,ABERNATHY,2021-01-19,2021-01-26,7.0,Powerline,373.5444,2429981.7421875,9041.85524577712
2021,ONION,2021-04-08,2021-04-12,4.0,Unknown / Unidentified,85.5384,540524.3515625,4859.84627352745
2021,FLAT,2021-02-24,2021-02-25,1.0,Unknown / Unidentified,21.96283,158878.26953125,3837.4313814689
2021,CORRAL,2021-04-05,2021-04-06,1.0,Unknown / Unidentified,17.29091,103841.9921875,1313.5958869641
2021,BLUE,2021-05-11,2021-05-19,8.0,Miscellaneous,10.4138,61909.6640625,1285.11258017282
2021,GIBRALTAR,2021-05-22,2021-05-27,5.0,Unknown / Unidentified,25.36633,151575.2578125,2824.4245645098
2021,FLATS,2021-06-13,2021-06-29,16.0,Miscellaneous,342.571,2002828.49609375,10930.8187546367
2021,WILLOW,2021-06-17,2021-07-12,25.0,Miscellaneous,2877.869,17924778.8867188,24069.3278735985
2021,INYO CREEK,2021-06-19,2021-07-06,17.0,Lightning,601.6085,3783794.53125,17419.1285726889
2021,ANTELOPE,2021-06-22,2021-06-29,7.0,Lightning,111.5138,807067.38671875,5589.72529659881
2021,LAVA,2021-06-25,2021-10-26,123.0,Lightning,26328.9,189991722.742188,159380.002039552
2021,SKY,2021-06-27,2021-07-29,32.0,Unknown / Unidentified,79.92484,552330.25390625,5497.57699745589
2021,PEAK,2021-06-28,2021-06-29,1.0,Miscellaneous,26.09075,154748.68359375,2729.9250392719
2021,TENNANT,2021-06-28,2022-01-03,189.0,Unknown / Unidentified,10591.03,76985666.8789063,95932.7481546149
2021,SALT,2021-06-30,2021-10-26,118.0,Equipment Use,12599.14,89360822.1210938,80335.8713987532
2021,HENRY,2021-06-25,2021-08-18,54.0,Lightning,36.14811,238976.3671875,3555.46217071304
2021,BLUE,2021-06-29,2021-07-03,4.0,Unknown / Unidentified,291.1255,1851909.6328125,7681.80083851024
2021,SUGAR,2021-07-02,2021-10-28,118.0,Unknown / Unidentified,105003.9,723650604.523438,293807.505631719
2021,TANGLE,2021-07-05,2021-07-13,8.0,Miscellaneous,11.05462,79132.99609375,1661.80874456261
2021,CLOUD,2021-06-13,2021-06-13,0.0,Miscellaneous,16.93808,100420.74609375,2241.21322640451
2021,CARY,2021-05-06,2021-05-10,4.0,Unknown / Unidentified,14.00693,81929.6796875,1246.00854806436
2021,JUNIPER,2021-07-05,2021-07-21,16.0,Lightning,882.0248,6432934.984375,14339.8648168318
2021,DEXTER,2021-07-12,2021-11-01,112.0,Lightning,2967.832,19274317.9296875,31681.6815270169
2021,ROAD,2021-07-10,2021-07-18,8.0,Equipment Use,83.56132,480396.6953125,5193.22596882363
2021,COYOTE,2021-07-09,2021-07-19,10.0,Equipment Use,132.2827,962648.80078125,9799.26506619583
2021,SUMMIT,2021-07-20,2021-10-26,98.0,Lightning,22.27062,147890.5,2639.82851684893
2021,FAIRCHILD,2021-06-23,2021-06-26,3.0,Lightning,19.52532,141454.9921875,2130.66355835532
2021,MCFARLAND,2021-07-30,2021-10-26,88.0,Lightning,122447.7,852182962.640625,277221.689592051
2021,ANTONIO,2021-08-03,2021-08-04,1.0,Equipment Use,49.89998,296061.19921875,3424.10679962923
2021,PINE,2021-07-07,2021-07-10,3.0,Unknown / Unidentified,24.69208,158490.37890625,2705.1117402621
2021,ANTELOPE,2021-08-01,2022-01-03,155.0,Lightning,145631.8,1055549372.58594,509731.646882429
2021,COLDWATER,2021-08-10,2021-08-11,1.0,Miscellaneous,25.10539,148820.23828125,1980.5126770554
2021,BRADLEY,2021-07-11,2021-10-25,106.0,Miscellaneous,356.868,2559677.5,8052.70408213661
2021,LAKIN,2021-08-06,2021-08-23,17.0,Lightning,20.79543,149522.5078125,2779.36419656207
2021,MOUNTAIN,2021-06-18,2021-06-19,1.0,Lightning,124.1572,771117.00390625,7246.95755421848
2021,HAMBONE,2021-08-06,2021-08-23,17.0,Lightning,50.69745,364482.50390625,3076.70572248032
2021,CALDOR,2021-08-15,2021-11-18,95.0,Unknown / Unidentified,221786.4,1476039182.3125,472891.28243288
2021,WALKERS,2021-08-15,2021-12-08,115.0,Lightning,8778.784,54817879.1484375,83505.4385287885
2021,SYD,2021-08-19,2021-11-09,82.0,Miscellaneous,204.8307,1419543.87109375,6601.25965033433
2021,KNOB,2021-08-29,2021-10-20,52.0,Unknown / Unidentified,2421.245,17169735.9335938,33269.4951406105
2021,CHAPARRAL,2021-08-28,2021-09-09,12.0,Miscellaneous,1427.293,8326812.98046875,18836.2412756502
2021,RAILROAD,2021-08-29,2021-09-05,7.0,Miscellaneous,61.72803,367256,3968.92165422876
2021,MOSS,2021-08-27,2021-08-31,4.0,Miscellaneous,11.17857,79185.890625,1792.25523516051
2021,LITTLE MARBLE,2021-09-08,2021-09-14,6.0,Campfire,14.00079,101266.3671875,6310.33048705512
2021,ROUTE,2021-09-11,2021-09-16,5.0,Campfire,455.3456,2724727.08984375,11270.7534507011
2021,EMIGRANT,2021-09-17,2021-09-27,10.0,Equipment Use,221.0323,1325705.23828125,6544.65641355445
2021,HOBART,2021-08-09,2021-08-18,9.0,Miscellaneous,25.8245,170393.828125,2138.59900034279
2021,MONUMENT,2021-07-31,2021-11-03,95.0,Lightning,223107.9,1574029698.375,535745.115358223
2021,MCCASH,2021-08-01,2021-10-27,87.0,Lightning,94970.47,687051427.957031,418328.565700515
2021,ALISAL,2021-10-11,2021-12-01,51.0,Lightning,16953.24,101244824.707031,128410.987626065
2021,GRAVEL,2021-10-15,2021-10-17,2.0,Miscellaneous,169.4866,1237623.4609375,5708.03860270788
2021,ELK,2021-04-04,2021-04-13,9.0,Unknown / Unidentified,45.00793,327217.46875,4123.70262824409
2021,DRY,2021-05-09,2021-05-14,5.0,Unknown / Unidentified,31.50628,193104.921875,3923.87659188951
2021,DOW,2021-10-05,2021-10-11,6.0,Miscellaneous,12.49597,88104.6953125,1451.59236233257
2021,ROADSIDE,2021-08-28,2021-09-09,12.0,Equipment Use,66.24019,393369.5,4638.00677240451
2021,HORSE,2021-03-26,2021-04-01,6.0,Miscellaneous,10.61282,77501.0703125,1051.31612174014
2021,CHICKEN,2021-07-18,2021-07-20,2.0,Equipment Use,117.692,833953.2734375,7119.08559589682
2021,DESERT,2021-06-09,2021-06-17,8.0,Miscellaneous,216.6215,1241887.80859375,10830.3598847979
2021,FLATS,2021-09-05,2021-09-05,0.0,Equipment Use,38.58012,230966.15234375,2310.47800993876
2021,FRENCH,2021-08-18,2021-10-19,62.0,Unknown / Unidentified,26535.06,163150301.589844,179208.538093159
2021,GRAPEVINE,2021-03-14,2021-03-20,6.0,Debris,86.20689,530694.5234375,8134.01193761542
2021,HANDLINE,2021-05-18,2021-05-19,1.0,Unknown / Unidentified,19.10735,115522.24609375,3350.8918335464
2021,YUHA,2021-02-20,2021-03-04,12.0,Unknown / Unidentified,106.2004,608553.37890625,3721.15127254019
2021,HIGHLINE,2021-04-18,2021-04-24,6.0,Miscellaneous,40.42638,232397.25390625,9509.94293445907
2021,MINERAL,2021-11-26,2021-11-29,3.0,Unknown / Unidentified,122.8651,715547,10861.5535482175
2021,OLD WOMAN,2021-06-17,2021-06-27,10.0,Lightning,47.4764,283983.640625,3866.99234323039
2021,OLD WOMAN 2,2021-06-20,2021-06-20,0.0,Lightning,25.38194,151781.4609375,1402.70634168335
2021,OWENS,2021-05-01,2021-05-01,0.0,Miscellaneous,1390.015,8548232.640625,30887.3185703978
2021,PEAK,2021-07-20,2021-07-31,11.0,Unknown / Unidentified,2096.645,12804983.9414063,27703.3344561708
2021,POLELINE,2021-07-05,2021-07-05,0.0,Unknown / Unidentified,83.93266,511229.484375,3115.31543785118
2021,R-1 ROCK,2021-05-14,2021-05-18,4.0,Lightning,12.32582,87600.671875,1675.7040502342
2021,R-1 RYE,2021-07-01,2021-07-01,0.0,Lightning,64.69015,455782.8515625,3945.92865192042
2021,SCENIC,2021-06-25,2021-06-28,3.0,Unknown / Unidentified,80.03923,467968.44921875,2540.77758117696
2021,WILLOW,2021-04-17,2021-04-29,12.0,Unknown / Unidentified,31.76766,195872.3515625,4721.14744379041
2021,BACKUS,2021-04-18,2021-04-19,1.0,Unknown / Unidentified,26.61396,160721.03515625,3074.9055033264
2021,WOLF,2021-01-19,2021-01-20,1.0,Unknown / Unidentified,674.1259,4074735.62890625,15512.5877966326
2021,NETTLE ,2021-06-18,2021-07-16,28.0,Unknown / Unidentified,1265.746,7843390.47265625,13774.5305182465
2021,PORT,2021-06-27,,,Unknown / Unidentified,57.02632,372692.0546875,2852.65231659161
2021,PAN,2021-07-03,2021-07-09,6.0,Lightning,38.7627,255887.18359375,3662.13886931974
2021,MAIN,2021-07-03,2021-07-04,1.0,Unknown / Unidentified,378.4724,2351430.65234375,8360.638592527
2021,WINDY,2021-09-10,2021-11-11,62.0,Lightning,97528.27,603989861.054688,326999.085004287
2021,RIVER,2021-07-11,2021-07-19,8.0,Unknown / Unidentified,9655.188,61910651.0195313,70479.3167254018
2021,WILLOW VALLEY,2021-08-12,2021-08-31,19.0,Lightning,823.8505,6041624.453125,13288.3627699951
2021,WESTWARD,2021-08-25,2021-08-26,1.0,Unknown / Unidentified,88.36302,520486.6640625,4046.91438017124
2021,MOUNTAIN,2021-07-23,2021-07-23,0.0,Arson,25.31992,174727.15234375,1928.9531962166
2021,MOUNTAIN,2021-09-25,2021-09-25,0.0,Vehicle,19.0184,131720.2734375,2146.1303890187
2021,PARK,2021-06-12,2021-06-12,0.0,Vehicle,2.092052,12587.01953125,671.972312255431
2021,SCALES,2021-06-27,2021-06-27,0.0,Vehicle,3.222384,19528.5,683.49717634336
2021,PRESERVE,2021-10-03,2021-10-03,0.0,Unknown / Unidentified,10.0517,61757.99609375,1179.08864656128
2021,HERMOSA,2021-09-12,2021-09-12,0.0,Unknown / Unidentified,7.573153,46081.55078125,2815.83304237367
2021,CALIENTE,2021-07-12,2021-07-12,0.0,Railroad,18.59738,113191.6015625,10961.8723434369
2021,YOSEMITE,2021-07-22,2021-07-23,1.0,Unknown / Unidentified,1.366251,8119.89453125,517.299725092275
2021,KETTLE,2021-10-11,2021-10-11,0.0,Unknown / Unidentified,92.35461,571369.98828125,4098.85630041879
2021,TAMARACK,2021-07-04,2021-10-26,114.0,Lightning,67054.51,446412142.464844,345181.660626398
2021,EAST FORK,2021-07-01,2021-07-11,10.0,Lightning,1135.744,7571123.55859375,24604.1449139197
2021,MANZANITA,2021-01-19,2021-01-19,0.0,Debris,22.3779,143206.61328125,2317.68009870289
2021,BROILER,2021-07-07,2021-07-08,1.0,Equipment Use,69.5676,470225.4296875,4839.66641709743
2021,PACIFICO,2021-01-17,2021-01-17,0.0,Structure,2.883715,17045.55859375,769.721101577619
2021,ERBES,2021-01-14,2021-01-15,1.0,Unknown / Unidentified,27.63296,164004.98046875,2622.9066555368
2021,COUNTRY,2021-04-29,2021-04-30,1.0,Playing with fire,26.53975,157269.921875,1911.35589601021
2021,MADERA 2,2021-04-01,2021-04-01,0.0,Equipment Use,14.21907,84508.24609375,1480.03350013294
2021,NEWTON,2021-01-08,2021-01-08,0.0,Unknown / Unidentified,1.865689,11034.1484375,782.094252013949
2021,PEAK,2021-07-20,2021-07-20,0.0,Vehicle,1.283047,7621.8359375,374.381935985392
2021,ROCKY 3,2021-08-18,2021-08-18,0.0,Unknown / Unidentified,2.237706,13293.8984375,486.862066528628
2021,BOYDEN 1,2021-03-03,2021-03-18,15.0,Debris,14.57344,92198.8125,1159.94633551739
2021,GLACIER NORTH,2021-07-15,2021-08-20,36.0,Lightning,37.2558,237742.98046875,2932.28463989156
2021,Backus 2,2021-04-25,2021-04-25,0.0,Unknown / Unidentified,2.897352,17495.64453125,777.921871904913
2021,DIXIE,2021-07-14,2021-10-25,103.0,Powerline,963405.4,6692866164.60156,2010262.4482503
2021,RIVER COMPLEX,2021-07-31,2021-10-25,86.0,Lightning,199354.1,1422803378.64063,1615527.51410939
2021,COYOTE,2021-06-02,2021-06-06,4.0,Miscellaneous,42.75489,251915.83203125,3495.82756903938
2021,DEVORE,2021-05-04,2021-05-04,0.0,Miscellaneous,13.80691,82032.84375,2189.94448096519
2021,LONE,2021-07-04,2021-07-05,1.0,Miscellaneous,8.430901,50106.65234375,1580.07895471457
2021,DOTTA,2021-06-30,2021-07-22,22.0,Unknown / Unidentified,531.91,3664169.33203125,16139.4570402651
2021,GREENHORN,2021-04-13,2021-04-13,0.0,Unknown / Unidentified,9.6,66120.296875,1152.33330691357
2021,HARTMAN,2021-06-29,2021-07-14,15.0,Unknown / Unidentified,53.54,367371.80078125,2276.20732265744
2021,MIGUEL 3,2021-01-07,2021-01-07,0.0,Unknown / Unidentified,21.31999,122097.42578125,1645.44525529025
2021,CAMPO,2021-01-20,2021-01-20,0.0,Unknown / Unidentified,8.976994,51492.5625,1402.73120964831
2021,MILLAR,2021-10-01,2021-10-01,0.0,Powerline,0.4009637,2297.4765625,202.480726898066
2021,TURKEY,2021-06-10,2021-06-11,1.0,Unknown / Unidentified,171.3908,1059602.484375,9241.68367652657
2021,RIVER,2021-06-14,2021-06-14,0.0,Campfire,57.37954,371750.5546875,5596.12715629092
2021,CASJR STRINGER,2021-06-17,2021-06-17,0.0,Powerline,2.734319,17696.94921875,1193.70841285801
2021,68,2021-08-18,2021-08-18,0.0,Miscellaneous,219.7282,1491105.30859375,11603.5143536116
2021,DAIRY,2021-06-15,2021-06-23,8.0,Escaped Prescribed Burn,161.2339,1116694.05078125,6686.92304123656
2021,POINT,2021-08-20,2021-08-20,0.0,Equipment Use,22.15831,162212.796875,1969.70897191226
2021,SUTTER,2021-09-27,2021-09-27,0.0,Equipment Use,141.5167,951334.56640625,3877.47649670075
2021,LONE ROCK,2021-08-06,2021-08-10,4.0,Unknown / Unidentified,78.31017,544566.64453125,3802.74780078718
2021,UNION,2021-01-19,2021-01-20,1.0,Unknown / Unidentified,20.37977,136346.03125,1581.75289226179
2020,NELSON,2020-06-18,2020-06-23,5.0,Powerline,109.6023,733134.73046875,4179.74314204583
2020,AMORUSO,2020-06-01,2020-06-04,3.0,Equipment Use,685.585,4578171.9140625,12399.3753905116
2020,ATHENS,2020-08-10,2020-08-11,1.0,Unknown / Unidentified,27.30048,182387.64453125,2119.19412003875
2020,FLEMING,2020-03-31,2020-04-01,1.0,Miscellaneous,12.93155,86679.4453125,2029.52488137503
2020,MELANESE,2020-04-14,2020-04-19,5.0,Escaped Prescribed Burn,10.31596,70179.1328125,1342.74290294001
2020,PFE,2020-07-05,2020-07-05,0.0,Unknown / Unidentified,36.70193,244431.52734375,3012.19835361045
2020,VALLEY,2020-07-15,2020-07-16,1.0,Unknown / Unidentified,376.9104,2538316.87890625,9803.35036420332
2020,WALDO,2020-07-09,2020-07-12,3.0,Miscellaneous,10.10221,68043.03125,1425.98634226764
2020,WILLOW,2020-03-10,2020-03-11,1.0,Debris,33.97389,230549.78125,2477.15181547552
2020,WILLOWS,2020-09-09,2020-10-13,34.0,Arson,1309.09,8877495.796875,15221.4105433282
2020,DYER,2020-07-06,2020-07-06,0.0,Playing with fire,194.6603,1296860.60546875,7757.24683769613
2020,FARRIER,2020-07-24,2020-07-31,7.0,Playing with fire,22.6343,150787.44140625,1693.89812956216
2020,FIELDS,2020-10-06,2020-10-09,3.0,Debris,55.32843,373125.2734375,3143.53099864593
2020,JONES,2020-08-17,2020-09-28,42.0,Lightning,705.546,4770841.82421875,15226.0547698771
2020,PAVE PAWS,2020-08-02,2020-08-02,0.0,Powerline,532.7733,3589054.9921875,10122.6892482165
2020,RIOSA,2020-06-15,2020-06-15,0.0,Powerline,13.69472,91856.8515625,1743.67087360593
2020,NELSON,2020-06-17,2020-06-25,8.0,Unknown / Unidentified,103.3316,703657.63671875,5758.36450762757
2020,5-4 POTTERS ,2020-08-17,2020-09-10,24.0,Lightning,925.4019,6307904.03515625,16613.4839078942
2020,5-6 CASCADE CREEK,2020-08-17,2020-09-10,24.0,Lightning,260.1756,1780346.8984375,7022.5749273688
2020,TEDDY,2020-06-18,2020-06-23,5.0,Unknown / Unidentified,13.27956,90049.49609375,1648.63306678697
2020,COAST,2020-06-29,2020-06-29,0.0,Arson,20.2083,128343.16015625,1702.00092173474
2020,CZU LIGHTNING COMPLEX,2020-08-16,2020-09-24,39.0,Lightning,86553.46,552318495.832031,255052.19325976
